Index,Filename,Analysis_Summary,Target_Subject,Degradation_Type,Suggested_Operation,Target
0,00002.png,Road has Low Contrast,Road,Low Contrast,Enhance Contrast,"The contrast in the fusion image has been enhanced, and the outline of road is clearly visible."
1,00005.png,Road has Underexposure,Road,Underexposure,Increase Brightness,"The underexposure in the fusion image has been enhanced, and the outline of road is clearly visible."
2,00007.png,Road has Low Contrast,Road,Low Contrast,Enhance Contrast,"The contrast in the fusion image has been enhanced, and the outline of road is clearly visible."
3,00008.png,Road has Low Contrast,Road,Low Contrast,Enhance Contrast,"The contrast in the fusion image has been enhanced, and the outline of road is clearly visible."
4,00009.png,Car has Overexposure,Car,Overexposure,Decrease Brightness,"The overexposure in the fusion image has been repaired, and the outline of car is clearly visible."
5,00010.png,Car has Overexposure,Car,Overexposure,Decrease Brightness,"The overexposure in the fusion image has been repaired, and the outline of car is clearly visible."
6,00012.png,Car has Overexposure,Car,Overexposure,Decrease Brightness,"The overexposure in the fusion image has been repaired, and the outline of car is clearly visible."
7,00014.png,Car has Overexposure,Car,Overexposure,Decrease Brightness,"The overexposure in the fusion image has been repaired, and the outline of car is clearly visible."
8,00016.png,Car has Overexposure,Car,Overexposure,Decrease Brightness,"The overexposure in the fusion image has been repaired, and the outline of car is clearly visible."
9,00018.png,Road has Underexposure,Road,Underexposure,Increase Brightness,"The underexposure in the fusion image has been enhanced, and the outline of road is clearly visible."
10,00019.png,Road has Underexposure,Road,Underexposure,Increase Brightness,"The underexposure in the fusion image has been enhanced, and the outline of road is clearly visible."
11,00020.png,Road has Underexposure,Road,Underexposure,Increase Brightness,"The underexposure in the fusion image has been enhanced, and the outline of road is clearly visible."
12,00021.png,Road has Underexposure,Road,Underexposure,Increase Brightness,"The underexposure in the fusion image has been enhanced, and the outline of road is clearly visible."
13,00022.png,Car has Overexposure,Car,Overexposure,Decrease Brightness,"The overexposure in the fusion image has been repaired, and the outline of car is clearly visible."
14,00023.png,Car has Overexposure,Car,Overexposure,Decrease Brightness,"The overexposure in the fusion image has been repaired, and the outline of car is clearly visible."
15,00024.png,Car has Underexposure,Car,Underexposure,Increase Brightness,"The underexposure in the fusion image has been enhanced, and the outline of car is clearly visible."
16,00028.png,Road has Underexposure,Road,Underexposure,Increase Brightness,"The underexposure in the fusion image has been enhanced, and the outline of road is clearly visible."
17,00034.png,Road has Underexposure,Road,Underexposure,Increase Brightness,"The underexposure in the fusion image has been enhanced, and the outline of road is clearly visible."
18,00036.png,Car has Underexposure,Car,Underexposure,Increase Brightness,"The underexposure in the fusion image has been enhanced, and the outline of car is clearly visible."
19,00037.png,Road has Underexposure,Road,Underexposure,Increase Brightness,"The underexposure in the fusion image has been enhanced, and the outline of road is clearly visible."
20,00038.png,Road has Underexposure,Road,Underexposure,Increase Brightness,"The underexposure in the fusion image has been enhanced, and the outline of road is clearly visible."
21,00039.png,Car has Underexposure,Car,Underexposure,Increase Brightness,"The underexposure in the fusion image has been enhanced, and the outline of car is clearly visible."
22,00041.png,Road has Underexposure,Road,Underexposure,Increase Brightness,"The underexposure in the fusion image has been enhanced, and the outline of road is clearly visible."
23,00044.png,Car has Underexposure,Car,Underexposure,Increase Brightness,"The underexposure in the fusion image has been enhanced, and the outline of car is clearly visible."
24,00050.png,Road has Underexposure,Road,Underexposure,Increase Brightness,"The underexposure in the fusion image has been enhanced, and the outline of road is clearly visible."
25,00052.png,Car has Overexposure,Car,Overexposure,Decrease Brightness,"The overexposure in the fusion image has been repaired, and the outline of car is clearly visible."
26,00053.png,Road has Underexposure,Road,Underexposure,Increase Brightness,"The underexposure in the fusion image has been enhanced, and the outline of road is clearly visible."
27,00056.png,Car has Overexposure,Car,Overexposure,Decrease Brightness,"The overexposure in the fusion image has been repaired, and the outline of car is clearly visible."
28,00058.png,Car has Overexposure,Car,Overexposure,Decrease Brightness,"The overexposure in the fusion image has been repaired, and the outline of car is clearly visible."
29,00059.png,Car has Overexposure,Car,Overexposure,Decrease Brightness,"The overexposure in the fusion image has been repaired, and the outline of car is clearly visible."
30,00060.png,Car has Overexposure,Car,Overexposure,Decrease Brightness,"The overexposure in the fusion image has been repaired, and the outline of car is clearly visible."
31,00061.png,Car has Overexposure,Car,Overexposure,Decrease Brightness,"The overexposure in the fusion image has been repaired, and the outline of car is clearly visible."
32,00064.png,Car has Underexposure,Car,Underexposure,Increase Brightness,"The underexposure in the fusion image has been enhanced, and the outline of car is clearly visible."
33,00066.png,Car has Overexposure,Car,Overexposure,Decrease Brightness,"The overexposure in the fusion image has been repaired, and the outline of car is clearly visible."
34,00068.png,Car has Underexposure,Car,Underexposure,Increase Brightness,"The underexposure in the fusion image has been enhanced, and the outline of car is clearly visible."
35,00069.png,Car has Underexposure,Car,Underexposure,Increase Brightness,"The underexposure in the fusion image has been enhanced, and the outline of car is clearly visible."
36,00070.png,Car has Underexposure,Car,Underexposure,Increase Brightness,"The underexposure in the fusion image has been enhanced, and the outline of car is clearly visible."
37,00071.png,Car has Underexposure,Car,Underexposure,Increase Brightness,"The underexposure in the fusion image has been enhanced, and the outline of car is clearly visible."
38,00072.png,Road has Underexposure,Road,Underexposure,Increase Brightness,"The underexposure in the fusion image has been enhanced, and the outline of road is clearly visible."
39,00074.png,Car has Underexposure,Car,Underexposure,Increase Brightness,"The underexposure in the fusion image has been enhanced, and the outline of car is clearly visible."
40,00075.png,Car has Underexposure,Car,Underexposure,Increase Brightness,"The underexposure in the fusion image has been enhanced, and the outline of car is clearly visible."
41,00079.png,Car has Motion Blur,Car,Motion Blur,Sharpen,"The motion Blur in the fusion image has been sharpen, and the outline of car is clearly visible."
42,00082.png,Road has Low Contrast,Road,Low Contrast,Enhance Contrast,"The contrast in the fusion image has been enhanced, and the outline of road is clearly visible."
43,00084.png,Road has Low Contrast,Road,Low Contrast,Enhance Contrast,"The contrast in the fusion image has been enhanced, and the outline of road is clearly visible."
44,00087.png,Road has Low Contrast,Road,Low Contrast,Enhance Contrast,"The contrast in the fusion image has been enhanced, and the outline of road is clearly visible."
45,00090.png,Car has Underexposure,Car,Underexposure,Increase Brightness,"The underexposure in the fusion image has been enhanced, and the outline of car is clearly visible."
46,00091.png,Road has Low Contrast,Road,Low Contrast,Enhance Contrast,"The contrast in the fusion image has been enhanced, and the outline of road is clearly visible."
47,00092.png,Road has Underexposure,Road,Underexposure,Increase Brightness,"The underexposure in the fusion image has been enhanced, and the outline of road is clearly visible."
48,00093.png,Road has Low Contrast,Road,Low Contrast,Enhance Contrast,"The contrast in the fusion image has been enhanced, and the outline of road is clearly visible."
49,00094.png,Road has Low Contrast,Road,Low Contrast,Enhance Contrast,"The contrast in the fusion image has been enhanced, and the outline of road is clearly visible."
50,00095.png,Road has Low Contrast,Road,Low Contrast,Enhance Contrast,"The contrast in the fusion image has been enhanced, and the outline of road is clearly visible."
51,00096.png,Road has Low Contrast,Road,Low Contrast,Enhance Contrast,"The contrast in the fusion image has been enhanced, and the outline of road is clearly visible."
52,00097.png,Road has Low Contrast,Road,Low Contrast,Enhance Contrast,"The contrast in the fusion image has been enhanced, and the outline of road is clearly visible."
53,00099.png,Road has Underexposure,Road,Underexposure,Increase Brightness,"The underexposure in the fusion image has been enhanced, and the outline of road is clearly visible."
54,00100.png,Road has Underexposure,Road,Underexposure,Increase Brightness,"The underexposure in the fusion image has been enhanced, and the outline of road is clearly visible."
55,00101.png,Road has Low Contrast,Road,Low Contrast,Enhance Contrast,"The contrast in the fusion image has been enhanced, and the outline of road is clearly visible."
56,00102.png,Road has Underexposure,Road,Underexposure,Increase Brightness,"The underexposure in the fusion image has been enhanced, and the outline of road is clearly visible."
57,00104.png,Road has Low Contrast,Road,Low Contrast,Enhance Contrast,"The contrast in the fusion image has been enhanced, and the outline of road is clearly visible."
58,00105.png,Car has Overexposure,Car,Overexposure,Decrease Brightness,"The overexposure in the fusion image has been repaired, and the outline of car is clearly visible."
59,00106.png,Road has Underexposure,Road,Underexposure,Increase Brightness,"The underexposure in the fusion image has been enhanced, and the outline of road is clearly visible."
60,00108.png,Road has Underexposure,Road,Underexposure,Increase Brightness,"The underexposure in the fusion image has been enhanced, and the outline of road is clearly visible."
61,00109.png,Road has Underexposure,Road,Underexposure,Increase Brightness,"The underexposure in the fusion image has been enhanced, and the outline of road is clearly visible."
62,00111.png,Road has Low Contrast,Road,Low Contrast,Enhance Contrast,"The contrast in the fusion image has been enhanced, and the outline of road is clearly visible."
63,00112.png,Road has Underexposure,Road,Underexposure,Increase Brightness,"The underexposure in the fusion image has been enhanced, and the outline of road is clearly visible."
64,00113.png,Road has Low Contrast,Road,Low Contrast,Enhance Contrast,"The contrast in the fusion image has been enhanced, and the outline of road is clearly visible."
65,00114.png,Road has Underexposure,Road,Underexposure,Increase Brightness,"The underexposure in the fusion image has been enhanced, and the outline of road is clearly visible."
66,00116.png,Road has Low Contrast,Road,Low Contrast,Enhance Contrast,"The contrast in the fusion image has been enhanced, and the outline of road is clearly visible."
67,00117.png,Road has Underexposure,Road,Underexposure,Increase Brightness,"The underexposure in the fusion image has been enhanced, and the outline of road is clearly visible."
68,00118.png,Road has Low Contrast,Road,Low Contrast,Enhance Contrast,"The contrast in the fusion image has been enhanced, and the outline of road is clearly visible."
69,00119.png,Road has Underexposure,Road,Underexposure,Increase Brightness,"The underexposure in the fusion image has been enhanced, and the outline of road is clearly visible."
70,00120.png,Car has Overexposure,Car,Overexposure,Decrease Brightness,"The overexposure in the fusion image has been repaired, and the outline of car is clearly visible."
71,00121.png,Car has Overexposure,Car,Overexposure,Decrease Brightness,"The overexposure in the fusion image has been repaired, and the outline of car is clearly visible."
72,00122.png,Car has Overexposure,Car,Overexposure,Decrease Brightness,"The overexposure in the fusion image has been repaired, and the outline of car is clearly visible."
73,00123.png,Car has Overexposure,Car,Overexposure,Decrease Brightness,"The overexposure in the fusion image has been repaired, and the outline of car is clearly visible."
74,00124.png,Car has Overexposure,Car,Overexposure,Decrease Brightness,"The overexposure in the fusion image has been repaired, and the outline of car is clearly visible."
75,00126.png,Car has Overexposure,Car,Overexposure,Decrease Brightness,"The overexposure in the fusion image has been repaired, and the outline of car is clearly visible."
76,00127.png,Car has Overexposure,Car,Overexposure,Decrease Brightness,"The overexposure in the fusion image has been repaired, and the outline of car is clearly visible."
77,00128.png,Car has Underexposure,Car,Underexposure,Increase Brightness,"The underexposure in the fusion image has been enhanced, and the outline of car is clearly visible."
78,00129.png,Sky has Overexposure,Sky,Overexposure,Decrease Brightness,"The overexposure in the fusion image has been repaired, and the outline of sky is clearly visible."
79,00131.png,Car has Overexposure,Car,Overexposure,Decrease Brightness,"The overexposure in the fusion image has been repaired, and the outline of car is clearly visible."
80,00133.png,Road has Motion Blur,Road,Motion Blur,Sharpen,"The motion Blur in the fusion image has been sharpen, and the outline of road is clearly visible."
81,00134.png,Road has Underexposure,Road,Underexposure,Increase Brightness,"The underexposure in the fusion image has been enhanced, and the outline of road is clearly visible."
82,00135.png,Road has Underexposure,Road,Underexposure,Increase Brightness,"The underexposure in the fusion image has been enhanced, and the outline of road is clearly visible."
83,00136.png,Road has Underexposure,Road,Underexposure,Increase Brightness,"The underexposure in the fusion image has been enhanced, and the outline of road is clearly visible."
84,00138.png,Road has Underexposure,Road,Underexposure,Increase Brightness,"The underexposure in the fusion image has been enhanced, and the outline of road is clearly visible."
85,00140.png,Road has Underexposure,Road,Underexposure,Increase Brightness,"The underexposure in the fusion image has been enhanced, and the outline of road is clearly visible."
86,00143.png,Road has Underexposure,Road,Underexposure,Increase Brightness,"The underexposure in the fusion image has been enhanced, and the outline of road is clearly visible."
87,00144.png,Road has Low Contrast,Road,Low Contrast,Enhance Contrast,"The contrast in the fusion image has been enhanced, and the outline of road is clearly visible."
88,00145.png,Road has Underexposure,Road,Underexposure,Increase Brightness,"The underexposure in the fusion image has been enhanced, and the outline of road is clearly visible."
89,00146.png,Car has Overexposure,Car,Overexposure,Decrease Brightness,"The overexposure in the fusion image has been repaired, and the outline of car is clearly visible."
90,00147.png,Car has Overexposure,Car,Overexposure,Decrease Brightness,"The overexposure in the fusion image has been repaired, and the outline of car is clearly visible."
91,00148.png,Car has Overexposure,Car,Overexposure,Decrease Brightness,"The overexposure in the fusion image has been repaired, and the outline of car is clearly visible."
92,00149.png,Sky has Overexposure,Sky,Overexposure,Decrease Brightness,"The overexposure in the fusion image has been repaired, and the outline of sky is clearly visible."
93,00150.png,Road has Low Contrast,Road,Low Contrast,Enhance Contrast,"The contrast in the fusion image has been enhanced, and the outline of road is clearly visible."
94,00151.png,Road has Low Contrast,Road,Low Contrast,Enhance Contrast,"The contrast in the fusion image has been enhanced, and the outline of road is clearly visible."
95,00153.png,Road has Underexposure,Road,Underexposure,Increase Brightness,"The underexposure in the fusion image has been enhanced, and the outline of road is clearly visible."
96,00156.png,Road has Underexposure,Road,Underexposure,Increase Brightness,"The underexposure in the fusion image has been enhanced, and the outline of road is clearly visible."
97,00157.png,Road has Low Contrast,Road,Low Contrast,Enhance Contrast,"The contrast in the fusion image has been enhanced, and the outline of road is clearly visible."
98,00158.png,Road has Low Contrast,Road,Low Contrast,Enhance Contrast,"The contrast in the fusion image has been enhanced, and the outline of road is clearly visible."
99,00159.png,Road has Low Contrast,Road,Low Contrast,Enhance Contrast,"The contrast in the fusion image has been enhanced, and the outline of road is clearly visible."
100,00160.png,Road has Low Contrast,Road,Low Contrast,Enhance Contrast,"The contrast in the fusion image has been enhanced, and the outline of road is clearly visible."
101,00161.png,Road has Low Contrast,Road,Low Contrast,Enhance Contrast,"The contrast in the fusion image has been enhanced, and the outline of road is clearly visible."
102,00162.png,Road has Low Contrast,Road,Low Contrast,Enhance Contrast,"The contrast in the fusion image has been enhanced, and the outline of road is clearly visible."
103,00164.png,Road has Low Contrast,Road,Low Contrast,Enhance Contrast,"The contrast in the fusion image has been enhanced, and the outline of road is clearly visible."
104,00165.png,Road has Low Contrast,Road,Low Contrast,Enhance Contrast,"The contrast in the fusion image has been enhanced, and the outline of road is clearly visible."
105,00167.png,Road has Underexposure,Road,Underexposure,Increase Brightness,"The underexposure in the fusion image has been enhanced, and the outline of road is clearly visible."
106,00168.png,Car has Underexposure,Car,Underexposure,Increase Brightness,"The underexposure in the fusion image has been enhanced, and the outline of car is clearly visible."
107,00169.png,Car has Overexposure,Car,Overexposure,Decrease Brightness,"The overexposure in the fusion image has been repaired, and the outline of car is clearly visible."
108,00170.png,Car has Overexposure,Car,Overexposure,Decrease Brightness,"The overexposure in the fusion image has been repaired, and the outline of car is clearly visible."
109,00172.png,Car has Overexposure,Car,Overexposure,Decrease Brightness,"The overexposure in the fusion image has been repaired, and the outline of car is clearly visible."
110,00173.png,Car has Overexposure,Car,Overexposure,Decrease Brightness,"The overexposure in the fusion image has been repaired, and the outline of car is clearly visible."
111,00174.png,Car has Underexposure,Car,Underexposure,Increase Brightness,"The underexposure in the fusion image has been enhanced, and the outline of car is clearly visible."
112,00175.png,Car has Underexposure,Car,Underexposure,Increase Brightness,"The underexposure in the fusion image has been enhanced, and the outline of car is clearly visible."
113,00176.png,Car has Underexposure,Car,Underexposure,Increase Brightness,"The underexposure in the fusion image has been enhanced, and the outline of car is clearly visible."
114,00177.png,Car has Underexposure,Car,Underexposure,Increase Brightness,"The underexposure in the fusion image has been enhanced, and the outline of car is clearly visible."
115,00181.png,Car has Underexposure,Car,Underexposure,Increase Brightness,"The underexposure in the fusion image has been enhanced, and the outline of car is clearly visible."
116,00183.png,Car has Overexposure,Car,Overexposure,Decrease Brightness,"The overexposure in the fusion image has been repaired, and the outline of car is clearly visible."
117,00184.png,Road has Overexposure,Road,Overexposure,Decrease Brightness,"The overexposure in the fusion image has been repaired, and the outline of road is clearly visible."
118,00185.png,Road has Underexposure,Road,Underexposure,Increase Brightness,"The underexposure in the fusion image has been enhanced, and the outline of road is clearly visible."
119,00186.png,Road has Underexposure,Road,Underexposure,Increase Brightness,"The underexposure in the fusion image has been enhanced, and the outline of road is clearly visible."
120,00187.png,Road has Underexposure,Road,Underexposure,Increase Brightness,"The underexposure in the fusion image has been enhanced, and the outline of road is clearly visible."
121,00189.png,Road has Underexposure,Road,Underexposure,Increase Brightness,"The underexposure in the fusion image has been enhanced, and the outline of road is clearly visible."
122,00191.png,Road has Low Contrast,Road,Low Contrast,Enhance Contrast,"The contrast in the fusion image has been enhanced, and the outline of road is clearly visible."
123,00193.png,Road has Underexposure,Road,Underexposure,Increase Brightness,"The underexposure in the fusion image has been enhanced, and the outline of road is clearly visible."
124,00197.png,Road has Underexposure,Road,Underexposure,Increase Brightness,"The underexposure in the fusion image has been enhanced, and the outline of road is clearly visible."
125,00198.png,Road has Low Contrast,Road,Low Contrast,Enhance Contrast,"The contrast in the fusion image has been enhanced, and the outline of road is clearly visible."
126,00199.png,Streetlight has Overexposure,Streetlight,Overexposure,Decrease Brightness,"The overexposure in the fusion image has been repaired, and the outline of streetlight is clearly visible."
127,00201.png,Streetlight has Overexposure,Streetlight,Overexposure,Decrease Brightness,"The overexposure in the fusion image has been repaired, and the outline of streetlight is clearly visible."
128,00203.png,Road has Low Contrast,Road,Low Contrast,Enhance Contrast,"The contrast in the fusion image has been enhanced, and the outline of road is clearly visible."
129,00204.png,Road has Underexposure,Road,Underexposure,Increase Brightness,"The underexposure in the fusion image has been enhanced, and the outline of road is clearly visible."
130,00205.png,Road has Low Contrast,Road,Low Contrast,Enhance Contrast,"The contrast in the fusion image has been enhanced, and the outline of road is clearly visible."
131,00206.png,Streetlight has Overexposure,Streetlight,Overexposure,Decrease Brightness,"The overexposure in the fusion image has been repaired, and the outline of streetlight is clearly visible."
132,00207.png,Road has Low Contrast,Road,Low Contrast,Enhance Contrast,"The contrast in the fusion image has been enhanced, and the outline of road is clearly visible."
133,00208.png,Road has Low Contrast,Road,Low Contrast,Enhance Contrast,"The contrast in the fusion image has been enhanced, and the outline of road is clearly visible."
134,00211.png,Road has Underexposure,Road,Underexposure,Increase Brightness,"The underexposure in the fusion image has been enhanced, and the outline of road is clearly visible."
135,00212.png,Road has Low Contrast,Road,Low Contrast,Enhance Contrast,"The contrast in the fusion image has been enhanced, and the outline of road is clearly visible."
136,00213.png,Road has Underexposure,Road,Underexposure,Increase Brightness,"The underexposure in the fusion image has been enhanced, and the outline of road is clearly visible."
137,00217.png,Road has Underexposure,Road,Underexposure,Increase Brightness,"The underexposure in the fusion image has been enhanced, and the outline of road is clearly visible."
138,00219.png,Streetlight has Overexposure,Streetlight,Overexposure,Decrease Brightness,"The overexposure in the fusion image has been repaired, and the outline of streetlight is clearly visible."
139,00220.png,Streetlight has Overexposure,Streetlight,Overexposure,Decrease Brightness,"The overexposure in the fusion image has been repaired, and the outline of streetlight is clearly visible."
140,00221.png,Road has Low Contrast,Road,Low Contrast,Enhance Contrast,"The contrast in the fusion image has been enhanced, and the outline of road is clearly visible."
141,00222.png,Streetlight has Overexposure,Streetlight,Overexposure,Decrease Brightness,"The overexposure in the fusion image has been repaired, and the outline of streetlight is clearly visible."
142,00223.png,Car has Overexposure,Car,Overexposure,Decrease Brightness,"The overexposure in the fusion image has been repaired, and the outline of car is clearly visible."
143,00224.png,Car has Overexposure,Car,Overexposure,Decrease Brightness,"The overexposure in the fusion image has been repaired, and the outline of car is clearly visible."
144,00226.png,Car has Overexposure,Car,Overexposure,Decrease Brightness,"The overexposure in the fusion image has been repaired, and the outline of car is clearly visible."
145,00227.png,Car has Overexposure,Car,Overexposure,Decrease Brightness,"The overexposure in the fusion image has been repaired, and the outline of car is clearly visible."
146,00228.png,Car has Underexposure,Car,Underexposure,Increase Brightness,"The underexposure in the fusion image has been enhanced, and the outline of car is clearly visible."
147,00229.png,Car has Underexposure,Car,Underexposure,Increase Brightness,"The underexposure in the fusion image has been enhanced, and the outline of car is clearly visible."
148,00230.png,Car has Underexposure,Car,Underexposure,Increase Brightness,"The underexposure in the fusion image has been enhanced, and the outline of car is clearly visible."
149,00231.png,Car has Underexposure,Car,Underexposure,Increase Brightness,"The underexposure in the fusion image has been enhanced, and the outline of car is clearly visible."
150,00232.png,Car has Underexposure,Car,Underexposure,Increase Brightness,"The underexposure in the fusion image has been enhanced, and the outline of car is clearly visible."
151,00233.png,Car has Underexposure,Car,Underexposure,Increase Brightness,"The underexposure in the fusion image has been enhanced, and the outline of car is clearly visible."
152,00235.png,Car has Underexposure,Car,Underexposure,Increase Brightness,"The underexposure in the fusion image has been enhanced, and the outline of car is clearly visible."
153,00239.png,Car has Underexposure,Car,Underexposure,Increase Brightness,"The underexposure in the fusion image has been enhanced, and the outline of car is clearly visible."
154,00240.png,Car has Underexposure,Car,Underexposure,Increase Brightness,"The underexposure in the fusion image has been enhanced, and the outline of car is clearly visible."
155,00241.png,Car has Underexposure,Car,Underexposure,Increase Brightness,"The underexposure in the fusion image has been enhanced, and the outline of car is clearly visible."
156,00242.png,Car has Underexposure,Car,Underexposure,Increase Brightness,"The underexposure in the fusion image has been enhanced, and the outline of car is clearly visible."
157,00243.png,Car has Overexposure,Car,Overexposure,Decrease Brightness,"The overexposure in the fusion image has been repaired, and the outline of car is clearly visible."
158,00244.png,Car has Underexposure,Car,Underexposure,Increase Brightness,"The underexposure in the fusion image has been enhanced, and the outline of car is clearly visible."
159,00245.png,Car has Underexposure,Car,Underexposure,Increase Brightness,"The underexposure in the fusion image has been enhanced, and the outline of car is clearly visible."
160,00246.png,Car has Underexposure,Car,Underexposure,Increase Brightness,"The underexposure in the fusion image has been enhanced, and the outline of car is clearly visible."
161,00247.png,Car has Underexposure,Car,Underexposure,Increase Brightness,"The underexposure in the fusion image has been enhanced, and the outline of car is clearly visible."
162,00248.png,Car has Underexposure,Car,Underexposure,Increase Brightness,"The underexposure in the fusion image has been enhanced, and the outline of car is clearly visible."
163,00255.png,Car has Underexposure,Car,Underexposure,Increase Brightness,"The underexposure in the fusion image has been enhanced, and the outline of car is clearly visible."
164,00256.png,Car has Low Contrast,Car,Low Contrast,Enhance Contrast,"The contrast in the fusion image has been enhanced, and the outline of car is clearly visible."
165,00257.png,Car has Low Contrast,Car,Low Contrast,Enhance Contrast,"The contrast in the fusion image has been enhanced, and the outline of car is clearly visible."
166,00258.png,Car has Low Contrast,Car,Low Contrast,Enhance Contrast,"The contrast in the fusion image has been enhanced, and the outline of car is clearly visible."
167,00259.png,Car has Underexposure,Car,Underexposure,Increase Brightness,"The underexposure in the fusion image has been enhanced, and the outline of car is clearly visible."
168,00260.png,Car has Underexposure,Car,Underexposure,Increase Brightness,"The underexposure in the fusion image has been enhanced, and the outline of car is clearly visible."
169,00261.png,Car has Underexposure,Car,Underexposure,Increase Brightness,"The underexposure in the fusion image has been enhanced, and the outline of car is clearly visible."
170,00262.png,Car has Underexposure,Car,Underexposure,Increase Brightness,"The underexposure in the fusion image has been enhanced, and the outline of car is clearly visible."
171,00263.png,Car has Underexposure,Car,Underexposure,Increase Brightness,"The underexposure in the fusion image has been enhanced, and the outline of car is clearly visible."
172,00264.png,Car has Low Contrast,Car,Low Contrast,Enhance Contrast,"The contrast in the fusion image has been enhanced, and the outline of car is clearly visible."
173,00265.png,Car has Underexposure,Car,Underexposure,Increase Brightness,"The underexposure in the fusion image has been enhanced, and the outline of car is clearly visible."
174,00267.png,Car has Low Contrast,Car,Low Contrast,Enhance Contrast,"The contrast in the fusion image has been enhanced, and the outline of car is clearly visible."
175,00269.png,Car has Underexposure,Car,Underexposure,Increase Brightness,"The underexposure in the fusion image has been enhanced, and the outline of car is clearly visible."
176,00270.png,Car has Underexposure,Car,Underexposure,Increase Brightness,"The underexposure in the fusion image has been enhanced, and the outline of car is clearly visible."
177,00271.png,Car has Overexposure,Car,Overexposure,Decrease Brightness,"The overexposure in the fusion image has been repaired, and the outline of car is clearly visible."
178,00272.png,Car has Underexposure,Car,Underexposure,Increase Brightness,"The underexposure in the fusion image has been enhanced, and the outline of car is clearly visible."
179,00273.png,Car has Overexposure,Car,Overexposure,Decrease Brightness,"The overexposure in the fusion image has been repaired, and the outline of car is clearly visible."
180,00274.png,Streetlight has Overexposure,Streetlight,Overexposure,Decrease Brightness,"The overexposure in the fusion image has been repaired, and the outline of streetlight is clearly visible."
181,00275.png,Streetlight has Overexposure,Streetlight,Overexposure,Decrease Brightness,"The overexposure in the fusion image has been repaired, and the outline of streetlight is clearly visible."
182,00277.png,Road has Underexposure,Road,Underexposure,Increase Brightness,"The underexposure in the fusion image has been enhanced, and the outline of road is clearly visible."
183,00280.png,Road has Underexposure,Road,Underexposure,Increase Brightness,"The underexposure in the fusion image has been enhanced, and the outline of road is clearly visible."
184,00283.png,Streetlight has Overexposure,Streetlight,Overexposure,Decrease Brightness,"The overexposure in the fusion image has been repaired, and the outline of streetlight is clearly visible."
185,00288.png,Car has Overexposure,Car,Overexposure,Decrease Brightness,"The overexposure in the fusion image has been repaired, and the outline of car is clearly visible."
186,00289.png,Road has Low Contrast,Road,Low Contrast,Enhance Contrast,"The contrast in the fusion image has been enhanced, and the outline of road is clearly visible."
187,00291.png,Road has Low Contrast,Road,Low Contrast,Enhance Contrast,"The contrast in the fusion image has been enhanced, and the outline of road is clearly visible."
188,00294.png,Car has Overexposure,Car,Overexposure,Decrease Brightness,"The overexposure in the fusion image has been repaired, and the outline of car is clearly visible."
189,00296.png,Streetlight has Overexposure,Streetlight,Overexposure,Decrease Brightness,"The overexposure in the fusion image has been repaired, and the outline of streetlight is clearly visible."
190,00298.png,Road has Low Contrast,Road,Low Contrast,Enhance Contrast,"The contrast in the fusion image has been enhanced, and the outline of road is clearly visible."
191,00299.png,Road has Low Contrast,Road,Low Contrast,Enhance Contrast,"The contrast in the fusion image has been enhanced, and the outline of road is clearly visible."
192,00300.png,Road has Low Contrast,Road,Low Contrast,Enhance Contrast,"The contrast in the fusion image has been enhanced, and the outline of road is clearly visible."
193,00301.png,Road has Low Contrast,Road,Low Contrast,Enhance Contrast,"The contrast in the fusion image has been enhanced, and the outline of road is clearly visible."
194,00302.png,Road has Low Contrast,Road,Low Contrast,Enhance Contrast,"The contrast in the fusion image has been enhanced, and the outline of road is clearly visible."
195,00303.png,Road has Low Contrast,Road,Low Contrast,Enhance Contrast,"The contrast in the fusion image has been enhanced, and the outline of road is clearly visible."
196,00306.png,Road has Low Contrast,Road,Low Contrast,Enhance Contrast,"The contrast in the fusion image has been enhanced, and the outline of road is clearly visible."
197,00307.png,Road has Low Contrast,Road,Low Contrast,Enhance Contrast,"The contrast in the fusion image has been enhanced, and the outline of road is clearly visible."
198,00308.png,Road has Low Contrast,Road,Low Contrast,Enhance Contrast,"The contrast in the fusion image has been enhanced, and the outline of road is clearly visible."
199,00309.png,Road has Low Contrast,Road,Low Contrast,Enhance Contrast,"The contrast in the fusion image has been enhanced, and the outline of road is clearly visible."
200,00310.png,Road has Low Contrast,Road,Low Contrast,Enhance Contrast,"The contrast in the fusion image has been enhanced, and the outline of road is clearly visible."
201,00311.png,Road has Low Contrast,Road,Low Contrast,Enhance Contrast,"The contrast in the fusion image has been enhanced, and the outline of road is clearly visible."
202,00320.png,Road has Underexposure,Road,Underexposure,Increase Brightness,"The underexposure in the fusion image has been enhanced, and the outline of road is clearly visible."
203,00321.png,Road has Underexposure,Road,Underexposure,Increase Brightness,"The underexposure in the fusion image has been enhanced, and the outline of road is clearly visible."
204,00324.png,Road has Low Contrast,Road,Low Contrast,Enhance Contrast,"The contrast in the fusion image has been enhanced, and the outline of road is clearly visible."
205,00326.png,Road has Overexposure,Road,Overexposure,Decrease Brightness,"The overexposure in the fusion image has been repaired, and the outline of road is clearly visible."
206,00332.png,Road has Low Contrast,Road,Low Contrast,Enhance Contrast,"The contrast in the fusion image has been enhanced, and the outline of road is clearly visible."
207,00334.png,Road has Low Contrast,Road,Low Contrast,Enhance Contrast,"The contrast in the fusion image has been enhanced, and the outline of road is clearly visible."
208,00336.png,Car has Overexposure,Car,Overexposure,Decrease Brightness,"The overexposure in the fusion image has been repaired, and the outline of car is clearly visible."
209,00337.png,Car has Overexposure,Car,Overexposure,Decrease Brightness,"The overexposure in the fusion image has been repaired, and the outline of car is clearly visible."
210,00340.png,Road has Low Contrast,Road,Low Contrast,Enhance Contrast,"The contrast in the fusion image has been enhanced, and the outline of road is clearly visible."
211,00341.png,Road has Low Contrast,Road,Low Contrast,Enhance Contrast,"The contrast in the fusion image has been enhanced, and the outline of road is clearly visible."
212,00342.png,Car has Overexposure,Car,Overexposure,Decrease Brightness,"The overexposure in the fusion image has been repaired, and the outline of car is clearly visible."
213,00343.png,Car has Overexposure,Car,Overexposure,Decrease Brightness,"The overexposure in the fusion image has been repaired, and the outline of car is clearly visible."
214,00344.png,Car has Overexposure,Car,Overexposure,Decrease Brightness,"The overexposure in the fusion image has been repaired, and the outline of car is clearly visible."
215,00345.png,Car has Overexposure,Car,Overexposure,Decrease Brightness,"The overexposure in the fusion image has been repaired, and the outline of car is clearly visible."
216,00346.png,Car has Overexposure,Car,Overexposure,Decrease Brightness,"The overexposure in the fusion image has been repaired, and the outline of car is clearly visible."
217,00347.png,Car has Overexposure,Car,Overexposure,Decrease Brightness,"The overexposure in the fusion image has been repaired, and the outline of car is clearly visible."
218,00348.png,Car has Overexposure,Car,Overexposure,Decrease Brightness,"The overexposure in the fusion image has been repaired, and the outline of car is clearly visible."
219,00349.png,Car has Low Contrast,Car,Low Contrast,Enhance Contrast,"The contrast in the fusion image has been enhanced, and the outline of car is clearly visible."
220,00350.png,Car has Overexposure,Car,Overexposure,Decrease Brightness,"The overexposure in the fusion image has been repaired, and the outline of car is clearly visible."
221,00351.png,Car has Overexposure,Car,Overexposure,Decrease Brightness,"The overexposure in the fusion image has been repaired, and the outline of car is clearly visible."
222,00352.png,Car has Overexposure,Car,Overexposure,Decrease Brightness,"The overexposure in the fusion image has been repaired, and the outline of car is clearly visible."
223,00353.png,Car has Low Contrast,Car,Low Contrast,Enhance Contrast,"The contrast in the fusion image has been enhanced, and the outline of car is clearly visible."
224,00354.png,Car has Overexposure,Car,Overexposure,Decrease Brightness,"The overexposure in the fusion image has been repaired, and the outline of car is clearly visible."
225,00355.png,Car has Overexposure,Car,Overexposure,Decrease Brightness,"The overexposure in the fusion image has been repaired, and the outline of car is clearly visible."
226,00356.png,Car has Overexposure,Car,Overexposure,Decrease Brightness,"The overexposure in the fusion image has been repaired, and the outline of car is clearly visible."
227,00357.png,Car has Overexposure,Car,Overexposure,Decrease Brightness,"The overexposure in the fusion image has been repaired, and the outline of car is clearly visible."
228,00358.png,Car has Overexposure,Car,Overexposure,Decrease Brightness,"The overexposure in the fusion image has been repaired, and the outline of car is clearly visible."
229,00359.png,Car has Overexposure,Car,Overexposure,Decrease Brightness,"The overexposure in the fusion image has been repaired, and the outline of car is clearly visible."
230,00363.png,Car has Overexposure,Car,Overexposure,Decrease Brightness,"The overexposure in the fusion image has been repaired, and the outline of car is clearly visible."
231,00365.png,Streetlight has Overexposure,Streetlight,Overexposure,Decrease Brightness,"The overexposure in the fusion image has been repaired, and the outline of streetlight is clearly visible."
232,00368.png,Road has Underexposure,Road,Underexposure,Increase Brightness,"The underexposure in the fusion image has been enhanced, and the outline of road is clearly visible."
233,00370.png,Car has Overexposure,Car,Overexposure,Decrease Brightness,"The overexposure in the fusion image has been repaired, and the outline of car is clearly visible."
234,00372.png,Streetlight has Overexposure,Streetlight,Overexposure,Decrease Brightness,"The overexposure in the fusion image has been repaired, and the outline of streetlight is clearly visible."
235,00373.png,Car has Overexposure,Car,Overexposure,Decrease Brightness,"The overexposure in the fusion image has been repaired, and the outline of car is clearly visible."
236,00374.png,Car has Overexposure,Car,Overexposure,Decrease Brightness,"The overexposure in the fusion image has been repaired, and the outline of car is clearly visible."
237,00375.png,Car has Overexposure,Car,Overexposure,Decrease Brightness,"The overexposure in the fusion image has been repaired, and the outline of car is clearly visible."
238,00376.png,Streetlight has Overexposure,Streetlight,Overexposure,Decrease Brightness,"The overexposure in the fusion image has been repaired, and the outline of streetlight is clearly visible."
239,00378.png,Car has Overexposure,Car,Overexposure,Decrease Brightness,"The overexposure in the fusion image has been repaired, and the outline of car is clearly visible."
240,00379.png,Streetlight has Overexposure,Streetlight,Overexposure,Decrease Brightness,"The overexposure in the fusion image has been repaired, and the outline of streetlight is clearly visible."
241,00380.png,Pedestrian has Underexposure,Pedestrian,Underexposure,Increase Brightness,"The underexposure in the fusion image has been enhanced, and the outline of pedestrians is clearly visible."
242,00381.png,Streetlight has Overexposure,Streetlight,Overexposure,Decrease Brightness,"The overexposure in the fusion image has been repaired, and the outline of streetlight is clearly visible."
243,00382.png,Road has Low Contrast,Road,Low Contrast,Enhance Contrast,"The contrast in the fusion image has been enhanced, and the outline of road is clearly visible."
244,00383.png,Road has Low Contrast,Road,Low Contrast,Enhance Contrast,"The contrast in the fusion image has been enhanced, and the outline of road is clearly visible."
245,00385.png,Streetlight has Overexposure,Streetlight,Overexposure,Decrease Brightness,"The overexposure in the fusion image has been repaired, and the outline of streetlight is clearly visible."
246,00389.png,Road has Low Contrast,Road,Low Contrast,Enhance Contrast,"The contrast in the fusion image has been enhanced, and the outline of road is clearly visible."
247,00391.png,Car has Overexposure,Car,Overexposure,Decrease Brightness,"The overexposure in the fusion image has been repaired, and the outline of car is clearly visible."
248,00393.png,Car has Overexposure,Car,Overexposure,Decrease Brightness,"The overexposure in the fusion image has been repaired, and the outline of car is clearly visible."
249,00395.png,Streetlight has Overexposure,Streetlight,Overexposure,Decrease Brightness,"The overexposure in the fusion image has been repaired, and the outline of streetlight is clearly visible."
250,00396.png,Car has Overexposure,Car,Overexposure,Decrease Brightness,"The overexposure in the fusion image has been repaired, and the outline of car is clearly visible."
251,00397.png,Car has Overexposure,Car,Overexposure,Decrease Brightness,"The overexposure in the fusion image has been repaired, and the outline of car is clearly visible."
252,00398.png,Car has Overexposure,Car,Overexposure,Decrease Brightness,"The overexposure in the fusion image has been repaired, and the outline of car is clearly visible."
253,00399.png,Car has Underexposure,Car,Underexposure,Increase Brightness,"The underexposure in the fusion image has been enhanced, and the outline of car is clearly visible."
254,00401.png,Car has Underexposure,Car,Underexposure,Increase Brightness,"The underexposure in the fusion image has been enhanced, and the outline of car is clearly visible."
255,00407.png,Streetlight has Overexposure,Streetlight,Overexposure,Decrease Brightness,"The overexposure in the fusion image has been repaired, and the outline of streetlight is clearly visible."
256,00409.png,Streetlight has Overexposure,Streetlight,Overexposure,Decrease Brightness,"The overexposure in the fusion image has been repaired, and the outline of streetlight is clearly visible."
257,00412.png,Car has Overexposure,Car,Overexposure,Decrease Brightness,"The overexposure in the fusion image has been repaired, and the outline of car is clearly visible."
258,00413.png,Road has Underexposure,Road,Underexposure,Increase Brightness,"The underexposure in the fusion image has been enhanced, and the outline of road is clearly visible."
259,00414.png,Road has Underexposure,Road,Underexposure,Increase Brightness,"The underexposure in the fusion image has been enhanced, and the outline of road is clearly visible."
260,00416.png,Road has Low Contrast,Road,Low Contrast,Enhance Contrast,"The contrast in the fusion image has been enhanced, and the outline of road is clearly visible."
261,00418.png,Road has Underexposure,Road,Underexposure,Increase Brightness,"The underexposure in the fusion image has been enhanced, and the outline of road is clearly visible."
262,00419.png,Road has Underexposure,Road,Underexposure,Increase Brightness,"The underexposure in the fusion image has been enhanced, and the outline of road is clearly visible."
263,00420.png,Road has Low Contrast,Road,Low Contrast,Enhance Contrast,"The contrast in the fusion image has been enhanced, and the outline of road is clearly visible."
264,00421.png,Car Motion Blur,Car,Motion Blur,Sharpen,"The motion Blur in the fusion image has been sharpen, and the outline of car is clearly visible."
265,00422.png,Car has Overexposure,Car,Overexposure,Decrease Brightness,"The overexposure in the fusion image has been repaired, and the outline of car is clearly visible."
266,00423.png,Road has Underexposure,Road,Underexposure,Increase Brightness,"The underexposure in the fusion image has been enhanced, and the outline of road is clearly visible."
267,00424.png,Streetlight has Overexposure,Streetlight,Overexposure,Decrease Brightness,"The overexposure in the fusion image has been repaired, and the outline of streetlight is clearly visible."
268,00426.png,Road has Low Contrast,Road,Low Contrast,Enhance Contrast,"The contrast in the fusion image has been enhanced, and the outline of road is clearly visible."
269,00427.png,Road has Low Contrast,Road,Low Contrast,Enhance Contrast,"The contrast in the fusion image has been enhanced, and the outline of road is clearly visible."
270,00428.png,Road has Low Contrast,Road,Low Contrast,Enhance Contrast,"The contrast in the fusion image has been enhanced, and the outline of road is clearly visible."
271,00429.png,Car has Underexposure,Car,Underexposure,Increase Brightness,"The underexposure in the fusion image has been enhanced, and the outline of car is clearly visible."
272,00430.png,Road has Low Contrast,Road,Low Contrast,Enhance Contrast,"The contrast in the fusion image has been enhanced, and the outline of road is clearly visible."
273,00431.png,Road has Underexposure,Road,Underexposure,Increase Brightness,"The underexposure in the fusion image has been enhanced, and the outline of road is clearly visible."
274,00434.png,Road has Underexposure,Road,Underexposure,Increase Brightness,"The underexposure in the fusion image has been enhanced, and the outline of road is clearly visible."
275,00435.png,Road has Low Contrast,Road,Low Contrast,Enhance Contrast,"The contrast in the fusion image has been enhanced, and the outline of road is clearly visible."
276,00436.png,Road has Low Contrast,Road,Low Contrast,Enhance Contrast,"The contrast in the fusion image has been enhanced, and the outline of road is clearly visible."
277,00437.png,Road has Underexposure,Road,Underexposure,Increase Brightness,"The underexposure in the fusion image has been enhanced, and the outline of road is clearly visible."
278,00440.png,Streetlight has Overexposure,Streetlight,Overexposure,Decrease Brightness,"The overexposure in the fusion image has been repaired, and the outline of streetlight is clearly visible."
279,00441.png,Streetlight has Overexposure,Streetlight,Overexposure,Decrease Brightness,"The overexposure in the fusion image has been repaired, and the outline of streetlight is clearly visible."
280,00443.png,Road has Underexposure,Road,Underexposure,Increase Brightness,"The underexposure in the fusion image has been enhanced, and the outline of road is clearly visible."
281,00444.png,Road has Underexposure,Road,Underexposure,Increase Brightness,"The underexposure in the fusion image has been enhanced, and the outline of road is clearly visible."
282,00445.png,Road has Underexposure,Road,Underexposure,Increase Brightness,"The underexposure in the fusion image has been enhanced, and the outline of road is clearly visible."
283,00446.png,Road has Underexposure,Road,Underexposure,Increase Brightness,"The underexposure in the fusion image has been enhanced, and the outline of road is clearly visible."
284,00448.png,Road has Underexposure,Road,Underexposure,Increase Brightness,"The underexposure in the fusion image has been enhanced, and the outline of road is clearly visible."
285,00449.png,Streetlight has Overexposure,Streetlight,Overexposure,Decrease Brightness,"The overexposure in the fusion image has been repaired, and the outline of streetlight is clearly visible."
286,00450.png,Road has Low Contrast,Road,Low Contrast,Enhance Contrast,"The contrast in the fusion image has been enhanced, and the outline of road is clearly visible."
287,00453.png,Road has Underexposure,Road,Underexposure,Increase Brightness,"The underexposure in the fusion image has been enhanced, and the outline of road is clearly visible."
288,00454.png,Road has Underexposure,Road,Underexposure,Increase Brightness,"The underexposure in the fusion image has been enhanced, and the outline of road is clearly visible."
289,00455.png,Road has Underexposure,Road,Underexposure,Increase Brightness,"The underexposure in the fusion image has been enhanced, and the outline of road is clearly visible."
290,00456.png,Car has Underexposure,Car,Underexposure,Increase Brightness,"The underexposure in the fusion image has been enhanced, and the outline of car is clearly visible."
291,00457.png,Road has Low Contrast,Road,Low Contrast,Enhance Contrast,"The contrast in the fusion image has been enhanced, and the outline of road is clearly visible."
292,00459.png,Car has Underexposure,Car,Underexposure,Increase Brightness,"The underexposure in the fusion image has been enhanced, and the outline of car is clearly visible."
293,00460.png,Road has Underexposure,Road,Underexposure,Increase Brightness,"The underexposure in the fusion image has been enhanced, and the outline of road is clearly visible."
294,00461.png,Road has Underexposure,Road,Underexposure,Increase Brightness,"The underexposure in the fusion image has been enhanced, and the outline of road is clearly visible."
295,00462.png,Streetlight has Overexposure,Streetlight,Overexposure,Decrease Brightness,"The overexposure in the fusion image has been repaired, and the outline of streetlight is clearly visible."
296,00463.png,Streetlight has Overexposure,Streetlight,Overexposure,Decrease Brightness,"The overexposure in the fusion image has been repaired, and the outline of streetlight is clearly visible."
297,00464.png,Streetlight has Overexposure,Streetlight,Overexposure,Decrease Brightness,"The overexposure in the fusion image has been repaired, and the outline of streetlight is clearly visible."
298,00466.png,Car has Overexposure,Car,Overexposure,Decrease Brightness,"The overexposure in the fusion image has been repaired, and the outline of car is clearly visible."
299,00467.png,Road has Low Contrast,Road,Low Contrast,Enhance Contrast,"The contrast in the fusion image has been enhanced, and the outline of road is clearly visible."
300,00468.png,Road has Underexposure,Road,Underexposure,Increase Brightness,"The underexposure in the fusion image has been enhanced, and the outline of road is clearly visible."
301,00469.png,Road has Low Contrast,Road,Low Contrast,Enhance Contrast,"The contrast in the fusion image has been enhanced, and the outline of road is clearly visible."
302,00470.png,Car has Overexposure,Car,Overexposure,Decrease Brightness,"The overexposure in the fusion image has been repaired, and the outline of car is clearly visible."
303,00471.png,Road has Low Contrast,Road,Low Contrast,Enhance Contrast,"The contrast in the fusion image has been enhanced, and the outline of road is clearly visible."
304,00473.png,Road has Low Contrast,Road,Low Contrast,Enhance Contrast,"The contrast in the fusion image has been enhanced, and the outline of road is clearly visible."
305,00476.png,Streetlight has Overexposure,Streetlight,Overexposure,Decrease Brightness,"The overexposure in the fusion image has been repaired, and the outline of streetlight is clearly visible."
306,00478.png,Road has Low Contrast,Road,Low Contrast,Enhance Contrast,"The contrast in the fusion image has been enhanced, and the outline of road is clearly visible."
307,00479.png,Road has Underexposure,Road,Underexposure,Increase Brightness,"The underexposure in the fusion image has been enhanced, and the outline of road is clearly visible."
308,00480.png,Road has Low Contrast,Road,Low Contrast,Enhance Contrast,"The contrast in the fusion image has been enhanced, and the outline of road is clearly visible."
309,00481.png,Car has Overexposure,Car,Overexposure,Decrease Brightness,"The overexposure in the fusion image has been repaired, and the outline of car is clearly visible."
310,00482.png,Car has Overexposure,Car,Overexposure,Decrease Brightness,"The overexposure in the fusion image has been repaired, and the outline of car is clearly visible."
311,00483.png,Road has Low Contrast,Road,Low Contrast,Enhance Contrast,"The contrast in the fusion image has been enhanced, and the outline of road is clearly visible."
312,00487.png,Road has Underexposure,Road,Underexposure,Increase Brightness,"The underexposure in the fusion image has been enhanced, and the outline of road is clearly visible."
313,00488.png,Road has Underexposure,Road,Underexposure,Increase Brightness,"The underexposure in the fusion image has been enhanced, and the outline of road is clearly visible."
314,00489.png,Car has Underexposure,Car,Underexposure,Increase Brightness,"The underexposure in the fusion image has been enhanced, and the outline of car is clearly visible."
315,00492.png,Road has Low Contrast,Road,Low Contrast,Enhance Contrast,"The contrast in the fusion image has been enhanced, and the outline of road is clearly visible."
316,00493.png,Road has Low Contrast,Road,Low Contrast,Enhance Contrast,"The contrast in the fusion image has been enhanced, and the outline of road is clearly visible."
317,00494.png,Road has Low Contrast,Road,Low Contrast,Enhance Contrast,"The contrast in the fusion image has been enhanced, and the outline of road is clearly visible."
318,00495.png,Car has Overexposure,Car,Overexposure,Decrease Brightness,"The overexposure in the fusion image has been repaired, and the outline of car is clearly visible."
319,00498.png,Streetlight has Overexposure,Streetlight,Overexposure,Decrease Brightness,"The overexposure in the fusion image has been repaired, and the outline of streetlight is clearly visible."
320,00503.png,Car has Overexposure,Car,Overexposure,Decrease Brightness,"The overexposure in the fusion image has been repaired, and the outline of car is clearly visible."
321,00504.png,Car has Motion Blur,Car,Motion Blur,Sharpen,"The motion Blur in the fusion image has been sharpen, and the outline of car is clearly visible."
322,00505.png,Streetlight has Overexposure,Streetlight,Overexposure,Decrease Brightness,"The overexposure in the fusion image has been repaired, and the outline of streetlight is clearly visible."
323,00506.png,Streetlight has Overexposure,Streetlight,Overexposure,Decrease Brightness,"The overexposure in the fusion image has been repaired, and the outline of streetlight is clearly visible."
324,00507.png,Streetlight has Overexposure,Streetlight,Overexposure,Decrease Brightness,"The overexposure in the fusion image has been repaired, and the outline of streetlight is clearly visible."
325,00510.png,Streetlight has Overexposure,Streetlight,Overexposure,Decrease Brightness,"The overexposure in the fusion image has been repaired, and the outline of streetlight is clearly visible."
326,00511.png,Streetlight has Overexposure,Streetlight,Overexposure,Decrease Brightness,"The overexposure in the fusion image has been repaired, and the outline of streetlight is clearly visible."
327,00512.png,Road has Low Contrast,Road,Low Contrast,Enhance Contrast,"The contrast in the fusion image has been enhanced, and the outline of road is clearly visible."
328,00513.png,Road has Low Contrast,Road,Low Contrast,Enhance Contrast,"The contrast in the fusion image has been enhanced, and the outline of road is clearly visible."
329,00514.png,Road has Underexposure,Road,Underexposure,Increase Brightness,"The underexposure in the fusion image has been enhanced, and the outline of road is clearly visible."
330,00515.png,Streetlight has Overexposure,Streetlight,Overexposure,Decrease Brightness,"The overexposure in the fusion image has been repaired, and the outline of streetlight is clearly visible."
331,00517.png,Car has Overexposure,Car,Overexposure,Decrease Brightness,"The overexposure in the fusion image has been repaired, and the outline of car is clearly visible."
332,00519.png,Car has Overexposure,Car,Overexposure,Decrease Brightness,"The overexposure in the fusion image has been repaired, and the outline of car is clearly visible."
333,00520.png,Car has Overexposure,Car,Overexposure,Decrease Brightness,"The overexposure in the fusion image has been repaired, and the outline of car is clearly visible."
334,00521.png,Car has Overexposure,Car,Overexposure,Decrease Brightness,"The overexposure in the fusion image has been repaired, and the outline of car is clearly visible."
335,00522.png,Car has Overexposure,Car,Overexposure,Decrease Brightness,"The overexposure in the fusion image has been repaired, and the outline of car is clearly visible."
336,00523.png,Car has Overexposure,Car,Overexposure,Decrease Brightness,"The overexposure in the fusion image has been repaired, and the outline of car is clearly visible."
337,00524.png,Car has Overexposure,Car,Overexposure,Decrease Brightness,"The overexposure in the fusion image has been repaired, and the outline of car is clearly visible."
338,00526.png,Car has Overexposure,Car,Overexposure,Decrease Brightness,"The overexposure in the fusion image has been repaired, and the outline of car is clearly visible."
339,00527.png,Car has Overexposure,Car,Overexposure,Decrease Brightness,"The overexposure in the fusion image has been repaired, and the outline of car is clearly visible."
340,00529.png,Car has Overexposure,Car,Overexposure,Decrease Brightness,"The overexposure in the fusion image has been repaired, and the outline of car is clearly visible."
341,00530.png,Car has Overexposure,Car,Overexposure,Decrease Brightness,"The overexposure in the fusion image has been repaired, and the outline of car is clearly visible."
342,00531.png,Car has Overexposure,Car,Overexposure,Decrease Brightness,"The overexposure in the fusion image has been repaired, and the outline of car is clearly visible."
343,00532.png,Car has Overexposure,Car,Overexposure,Decrease Brightness,"The overexposure in the fusion image has been repaired, and the outline of car is clearly visible."
344,00533.png,Car has Overexposure,Car,Overexposure,Decrease Brightness,"The overexposure in the fusion image has been repaired, and the outline of car is clearly visible."
345,00534.png,Car has Overexposure,Car,Overexposure,Decrease Brightness,"The overexposure in the fusion image has been repaired, and the outline of car is clearly visible."
346,00536.png,Car has Overexposure,Car,Overexposure,Decrease Brightness,"The overexposure in the fusion image has been repaired, and the outline of car is clearly visible."
347,00537.png,Car has Overexposure,Car,Overexposure,Decrease Brightness,"The overexposure in the fusion image has been repaired, and the outline of car is clearly visible."
348,00538.png,Road has Low Contrast,Road,Low Contrast,Enhance Contrast,"The contrast in the fusion image has been enhanced, and the outline of road is clearly visible."
349,00539.png,Car has Overexposure,Car,Overexposure,Decrease Brightness,"The overexposure in the fusion image has been repaired, and the outline of car is clearly visible."
350,00540.png,Road has Low Contrast,Road,Low Contrast,Enhance Contrast,"The contrast in the fusion image has been enhanced, and the outline of road is clearly visible."
351,00543.png,Car has Overexposure,Car,Overexposure,Decrease Brightness,"The overexposure in the fusion image has been repaired, and the outline of car is clearly visible."
352,00544.png,Road has Low Contrast,Road,Low Contrast,Enhance Contrast,"The contrast in the fusion image has been enhanced, and the outline of road is clearly visible."
353,00546.png,Car has Overexposure,Car,Overexposure,Decrease Brightness,"The overexposure in the fusion image has been repaired, and the outline of car is clearly visible."
354,00547.png,Road has Underexposure,Road,Underexposure,Increase Brightness,"The underexposure in the fusion image has been enhanced, and the outline of road is clearly visible."
355,00548.png,Road has Low Contrast,Road,Low Contrast,Enhance Contrast,"The contrast in the fusion image has been enhanced, and the outline of road is clearly visible."
356,00549.png,Car has Overexposure,Car,Overexposure,Decrease Brightness,"The overexposure in the fusion image has been repaired, and the outline of car is clearly visible."
357,00550.png,Car has Overexposure,Car,Overexposure,Decrease Brightness,"The overexposure in the fusion image has been repaired, and the outline of car is clearly visible."
358,00551.png,Car has Overexposure,Car,Overexposure,Decrease Brightness,"The overexposure in the fusion image has been repaired, and the outline of car is clearly visible."
359,00553.png,Car has Overexposure,Car,Overexposure,Decrease Brightness,"The overexposure in the fusion image has been repaired, and the outline of car is clearly visible."
360,00559.png,Streetlight has Overexposure,Streetlight,Overexposure,Decrease Brightness,"The overexposure in the fusion image has been repaired, and the outline of streetlight is clearly visible."
361,00560.png,Streetlight has Overexposure,Streetlight,Overexposure,Decrease Brightness,"The overexposure in the fusion image has been repaired, and the outline of streetlight is clearly visible."
362,00561.png,Car has Motion Blur,Car,Motion Blur,Sharpen,"The motion Blur in the fusion image has been sharpen, and the outline of car is clearly visible."
363,00562.png,Car has Motion Blur,Car,Motion Blur,Sharpen,"The motion Blur in the fusion image has been sharpen, and the outline of car is clearly visible."
364,00563.png,Car has Low Contrast,Car,Low Contrast,Enhance Contrast,"The contrast in the fusion image has been enhanced, and the outline of car is clearly visible."
365,00569.png,Road has Motion Blur,Road,Motion Blur,Sharpen,"The motion Blur in the fusion image has been sharpen, and the outline of road is clearly visible."
366,00570.png,Road has Motion Blur,Road,Motion Blur,Sharpen,"The motion Blur in the fusion image has been sharpen, and the outline of road is clearly visible."
367,00571.png,Car has Overexposure,Car,Overexposure,Decrease Brightness,"The overexposure in the fusion image has been repaired, and the outline of car is clearly visible."
368,00573.png,Car has Overexposure,Car,Overexposure,Decrease Brightness,"The overexposure in the fusion image has been repaired, and the outline of car is clearly visible."
369,00574.png,Car has Overexposure,Car,Overexposure,Decrease Brightness,"The overexposure in the fusion image has been repaired, and the outline of car is clearly visible."
370,00576.png,Streetlight has Overexposure,Streetlight,Overexposure,Decrease Brightness,"The overexposure in the fusion image has been repaired, and the outline of streetlight is clearly visible."
371,00577.png,Streetlight has Overexposure,Streetlight,Overexposure,Decrease Brightness,"The overexposure in the fusion image has been repaired, and the outline of streetlight is clearly visible."
372,00578.png,Streetlight has Overexposure,Streetlight,Overexposure,Decrease Brightness,"The overexposure in the fusion image has been repaired, and the outline of streetlight is clearly visible."
373,00579.png,Streetlight has Overexposure,Streetlight,Overexposure,Decrease Brightness,"The overexposure in the fusion image has been repaired, and the outline of streetlight is clearly visible."
374,00580.png,Streetlight has Overexposure,Streetlight,Overexposure,Decrease Brightness,"The overexposure in the fusion image has been repaired, and the outline of streetlight is clearly visible."
375,00581.png,Streetlight has Overexposure,Streetlight,Overexposure,Decrease Brightness,"The overexposure in the fusion image has been repaired, and the outline of streetlight is clearly visible."
376,00583.png,Streetlight has Overexposure,Streetlight,Overexposure,Decrease Brightness,"The overexposure in the fusion image has been repaired, and the outline of streetlight is clearly visible."
377,00584.png,Streetlight has Overexposure,Streetlight,Overexposure,Decrease Brightness,"The overexposure in the fusion image has been repaired, and the outline of streetlight is clearly visible."
378,00586.png,Streetlight has Overexposure,Streetlight,Overexposure,Decrease Brightness,"The overexposure in the fusion image has been repaired, and the outline of streetlight is clearly visible."
379,00587.png,Streetlight has Overexposure,Streetlight,Overexposure,Decrease Brightness,"The overexposure in the fusion image has been repaired, and the outline of streetlight is clearly visible."
380,00588.png,Streetlight has Overexposure,Streetlight,Overexposure,Decrease Brightness,"The overexposure in the fusion image has been repaired, and the outline of streetlight is clearly visible."
381,00589.png,Streetlight has Overexposure,Streetlight,Overexposure,Decrease Brightness,"The overexposure in the fusion image has been repaired, and the outline of streetlight is clearly visible."
382,00590.png,Road has Motion Blur,Road,Motion Blur,Sharpen,"The motion Blur in the fusion image has been sharpen, and the outline of road is clearly visible."
383,00592.png,Streetlight has Overexposure,Streetlight,Overexposure,Decrease Brightness,"The overexposure in the fusion image has been repaired, and the outline of streetlight is clearly visible."
384,00594.png,Car has Overexposure,Car,Overexposure,Decrease Brightness,"The overexposure in the fusion image has been repaired, and the outline of car is clearly visible."
385,00595.png,Car has Overexposure,Car,Overexposure,Decrease Brightness,"The overexposure in the fusion image has been repaired, and the outline of car is clearly visible."
386,00596.png,Car has Overexposure,Car,Overexposure,Decrease Brightness,"The overexposure in the fusion image has been repaired, and the outline of car is clearly visible."
387,00597.png,Road has Low Contrast,Road,Low Contrast,Enhance Contrast,"The contrast in the fusion image has been enhanced, and the outline of road is clearly visible."
388,00599.png,Car has Overexposure,Car,Overexposure,Decrease Brightness,"The overexposure in the fusion image has been repaired, and the outline of car is clearly visible."
389,00600.png,Car has Overexposure,Car,Overexposure,Decrease Brightness,"The overexposure in the fusion image has been repaired, and the outline of car is clearly visible."
390,00601.png,Car has Overexposure,Car,Overexposure,Decrease Brightness,"The overexposure in the fusion image has been repaired, and the outline of car is clearly visible."
391,00602.png,Car has Overexposure,Car,Overexposure,Decrease Brightness,"The overexposure in the fusion image has been repaired, and the outline of car is clearly visible."
392,00604.png,Streetlight has Overexposure,Streetlight,Overexposure,Decrease Brightness,"The overexposure in the fusion image has been repaired, and the outline of streetlight is clearly visible."
393,00606.png,Car has Overexposure,Car,Overexposure,Decrease Brightness,"The overexposure in the fusion image has been repaired, and the outline of car is clearly visible."
394,00608.png,Road has Low Contrast,Road,Low Contrast,Enhance Contrast,"The contrast in the fusion image has been enhanced, and the outline of road is clearly visible."
395,00609.png,Road has Low Contrast,Road,Low Contrast,Enhance Contrast,"The contrast in the fusion image has been enhanced, and the outline of road is clearly visible."
396,00610.png,Road has Low Contrast,Road,Low Contrast,Enhance Contrast,"The contrast in the fusion image has been enhanced, and the outline of road is clearly visible."
397,00611.png,Road has Overexposure,Road,Overexposure,Decrease Brightness,"The overexposure in the fusion image has been repaired, and the outline of road is clearly visible."
398,00612.png,Road has Underexposure,Road,Underexposure,Increase Brightness,"The underexposure in the fusion image has been enhanced, and the outline of road is clearly visible."
399,00617.png,Road has Underexposure,Road,Underexposure,Increase Brightness,"The underexposure in the fusion image has been enhanced, and the outline of road is clearly visible."
400,00619.png,Road has Underexposure,Road,Underexposure,Increase Brightness,"The underexposure in the fusion image has been enhanced, and the outline of road is clearly visible."
401,00620.png,Road has Underexposure,Road,Underexposure,Increase Brightness,"The underexposure in the fusion image has been enhanced, and the outline of road is clearly visible."
402,00621.png,Car has Overexposure,Car,Overexposure,Decrease Brightness,"The overexposure in the fusion image has been repaired, and the outline of car is clearly visible."
403,00622.png,Car has Overexposure,Car,Overexposure,Decrease Brightness,"The overexposure in the fusion image has been repaired, and the outline of car is clearly visible."
404,00626.png,Car has Overexposure,Car,Overexposure,Decrease Brightness,"The overexposure in the fusion image has been repaired, and the outline of car is clearly visible."
405,00627.png,Car has Overexposure,Car,Overexposure,Decrease Brightness,"The overexposure in the fusion image has been repaired, and the outline of car is clearly visible."
406,00628.png,Car has Overexposure,Car,Overexposure,Decrease Brightness,"The overexposure in the fusion image has been repaired, and the outline of car is clearly visible."
407,00629.png,Road has Motion Blur,Road,Motion Blur,Sharpen,"The motion Blur in the fusion image has been sharpen, and the outline of road is clearly visible."
408,00630.png,Car has Overexposure,Car,Overexposure,Decrease Brightness,"The overexposure in the fusion image has been repaired, and the outline of car is clearly visible."
409,00631.png,Car has Overexposure,Car,Overexposure,Decrease Brightness,"The overexposure in the fusion image has been repaired, and the outline of car is clearly visible."
410,00633.png,Car has Overexposure,Car,Overexposure,Decrease Brightness,"The overexposure in the fusion image has been repaired, and the outline of car is clearly visible."
411,00634.png,Car has Motion Blur,Car,Motion Blur,Sharpen,"The motion Blur in the fusion image has been sharpen, and the outline of car is clearly visible."
412,00635.png,Car has Overexposure,Car,Overexposure,Decrease Brightness,"The overexposure in the fusion image has been repaired, and the outline of car is clearly visible."
413,00636.png,Car has Overexposure,Car,Overexposure,Decrease Brightness,"The overexposure in the fusion image has been repaired, and the outline of car is clearly visible."
414,00637.png,Car has Overexposure,Car,Overexposure,Decrease Brightness,"The overexposure in the fusion image has been repaired, and the outline of car is clearly visible."
415,00638.png,Car has Overexposure,Car,Overexposure,Decrease Brightness,"The overexposure in the fusion image has been repaired, and the outline of car is clearly visible."
416,00642.png,Streetlight has Overexposure,Streetlight,Overexposure,Decrease Brightness,"The overexposure in the fusion image has been repaired, and the outline of streetlight is clearly visible."
417,00646.png,Road has Low Contrast,Road,Low Contrast,Enhance Contrast,"The contrast in the fusion image has been enhanced, and the outline of road is clearly visible."
418,00647.png,Streetlight has Overexposure,Streetlight,Overexposure,Decrease Brightness,"The overexposure in the fusion image has been repaired, and the outline of streetlight is clearly visible."
419,00648.png,Car has Overexposure,Car,Overexposure,Decrease Brightness,"The overexposure in the fusion image has been repaired, and the outline of car is clearly visible."
420,00655.png,Streetlight has Overexposure,Streetlight,Overexposure,Decrease Brightness,"The overexposure in the fusion image has been repaired, and the outline of streetlight is clearly visible."
421,00656.png,Car has Overexposure,Car,Overexposure,Decrease Brightness,"The overexposure in the fusion image has been repaired, and the outline of car is clearly visible."
422,00657.png,Car has Overexposure,Car,Overexposure,Decrease Brightness,"The overexposure in the fusion image has been repaired, and the outline of car is clearly visible."
423,00660.png,Car has Overexposure,Car,Overexposure,Decrease Brightness,"The overexposure in the fusion image has been repaired, and the outline of car is clearly visible."
424,00661.png,Car has Overexposure,Car,Overexposure,Decrease Brightness,"The overexposure in the fusion image has been repaired, and the outline of car is clearly visible."
425,00663.png,Car has Overexposure,Car,Overexposure,Decrease Brightness,"The overexposure in the fusion image has been repaired, and the outline of car is clearly visible."
426,00664.png,Car has Overexposure,Car,Overexposure,Decrease Brightness,"The overexposure in the fusion image has been repaired, and the outline of car is clearly visible."
427,00666.png,Car has Overexposure,Car,Overexposure,Decrease Brightness,"The overexposure in the fusion image has been repaired, and the outline of car is clearly visible."
428,00667.png,Car has Overexposure,Car,Overexposure,Decrease Brightness,"The overexposure in the fusion image has been repaired, and the outline of car is clearly visible."
429,00671.png,Streetlight has Overexposure,Streetlight,Overexposure,Decrease Brightness,"The overexposure in the fusion image has been repaired, and the outline of streetlight is clearly visible."
430,00672.png,Streetlight has Overexposure,Streetlight,Overexposure,Decrease Brightness,"The overexposure in the fusion image has been repaired, and the outline of streetlight is clearly visible."
431,00673.png,Road has Low Contrast,Road,Low Contrast,Enhance Contrast,"The contrast in the fusion image has been enhanced, and the outline of road is clearly visible."
432,00674.png,Car has Overexposure,Car,Overexposure,Decrease Brightness,"The overexposure in the fusion image has been repaired, and the outline of car is clearly visible."
433,00676.png,Car has Overexposure,Car,Overexposure,Decrease Brightness,"The overexposure in the fusion image has been repaired, and the outline of car is clearly visible."
434,00677.png,Car has Overexposure,Car,Overexposure,Decrease Brightness,"The overexposure in the fusion image has been repaired, and the outline of car is clearly visible."
435,00678.png,Car has Overexposure,Car,Overexposure,Decrease Brightness,"The overexposure in the fusion image has been repaired, and the outline of car is clearly visible."
436,00679.png,Car has Overexposure,Car,Overexposure,Decrease Brightness,"The overexposure in the fusion image has been repaired, and the outline of car is clearly visible."
437,00681.png,Car has Overexposure,Car,Overexposure,Decrease Brightness,"The overexposure in the fusion image has been repaired, and the outline of car is clearly visible."
438,00682.png,Car has Overexposure,Car,Overexposure,Decrease Brightness,"The overexposure in the fusion image has been repaired, and the outline of car is clearly visible."
439,00683.png,Car has Overexposure,Car,Overexposure,Decrease Brightness,"The overexposure in the fusion image has been repaired, and the outline of car is clearly visible."
440,00684.png,Car has Overexposure,Car,Overexposure,Decrease Brightness,"The overexposure in the fusion image has been repaired, and the outline of car is clearly visible."
441,00685.png,Car has Overexposure,Car,Overexposure,Decrease Brightness,"The overexposure in the fusion image has been repaired, and the outline of car is clearly visible."
442,00686.png,Car has Overexposure,Car,Overexposure,Decrease Brightness,"The overexposure in the fusion image has been repaired, and the outline of car is clearly visible."
443,00687.png,Car has Overexposure,Car,Overexposure,Decrease Brightness,"The overexposure in the fusion image has been repaired, and the outline of car is clearly visible."
444,00689.png,Road has Low Contrast,Road,Low Contrast,Enhance Contrast,"The contrast in the fusion image has been enhanced, and the outline of road is clearly visible."
445,00691.png,Streetlight has Overexposure,Streetlight,Overexposure,Decrease Brightness,"The overexposure in the fusion image has been repaired, and the outline of streetlight is clearly visible."
446,00694.png,Car has Overexposure,Car,Overexposure,Decrease Brightness,"The overexposure in the fusion image has been repaired, and the outline of car is clearly visible."
447,00695.png,Car has Overexposure,Car,Overexposure,Decrease Brightness,"The overexposure in the fusion image has been repaired, and the outline of car is clearly visible."
448,00696.png,Car has Overexposure,Car,Overexposure,Decrease Brightness,"The overexposure in the fusion image has been repaired, and the outline of car is clearly visible."
449,00697.png,Car has Overexposure,Car,Overexposure,Decrease Brightness,"The overexposure in the fusion image has been repaired, and the outline of car is clearly visible."
450,00698.png,Car has Overexposure,Car,Overexposure,Decrease Brightness,"The overexposure in the fusion image has been repaired, and the outline of car is clearly visible."
451,00699.png,Car has Overexposure,Car,Overexposure,Decrease Brightness,"The overexposure in the fusion image has been repaired, and the outline of car is clearly visible."
452,00700.png,Car has Overexposure,Car,Overexposure,Decrease Brightness,"The overexposure in the fusion image has been repaired, and the outline of car is clearly visible."
453,00703.png,Road has Low Contrast,Road,Low Contrast,Enhance Contrast,"The contrast in the fusion image has been enhanced, and the outline of road is clearly visible."
454,00704.png,Road has Overexposure,Road,Overexposure,Decrease Brightness,"The overexposure in the fusion image has been repaired, and the outline of road is clearly visible."
455,00705.png,Road has Overexposure,Road,Overexposure,Decrease Brightness,"The overexposure in the fusion image has been repaired, and the outline of road is clearly visible."
456,00708.png,Road has Overexposure,Road,Overexposure,Decrease Brightness,"The overexposure in the fusion image has been repaired, and the outline of road is clearly visible."
457,00709.png,Road has Overexposure,Road,Overexposure,Decrease Brightness,"The overexposure in the fusion image has been repaired, and the outline of road is clearly visible."
458,00710.png,Road has Overexposure,Road,Overexposure,Decrease Brightness,"The overexposure in the fusion image has been repaired, and the outline of road is clearly visible."
459,00712.png,Car has Overexposure,Car,Overexposure,Decrease Brightness,"The overexposure in the fusion image has been repaired, and the outline of car is clearly visible."
460,00713.png,Car has Overexposure,Car,Overexposure,Decrease Brightness,"The overexposure in the fusion image has been repaired, and the outline of car is clearly visible."
461,00717.png,Road has Low Contrast,Road,Low Contrast,Enhance Contrast,"The contrast in the fusion image has been enhanced, and the outline of road is clearly visible."
462,00718.png,Road has Low Contrast,Road,Low Contrast,Enhance Contrast,"The contrast in the fusion image has been enhanced, and the outline of road is clearly visible."
463,00721.png,Streetlight has Overexposure,Streetlight,Overexposure,Decrease Brightness,"The overexposure in the fusion image has been repaired, and the outline of streetlight is clearly visible."
464,00722.png,Streetlight has Overexposure,Streetlight,Overexposure,Decrease Brightness,"The overexposure in the fusion image has been repaired, and the outline of streetlight is clearly visible."
465,00723.png,Road has Low Contrast,Road,Low Contrast,Enhance Contrast,"The contrast in the fusion image has been enhanced, and the outline of road is clearly visible."
466,00724.png,Streetlight has Overexposure,Streetlight,Overexposure,Decrease Brightness,"The overexposure in the fusion image has been repaired, and the outline of streetlight is clearly visible."
467,00725.png,Road has Overexposure,Road,Overexposure,Decrease Brightness,"The overexposure in the fusion image has been repaired, and the outline of road is clearly visible."
468,00726.png,Road has Overexposure,Road,Overexposure,Decrease Brightness,"The overexposure in the fusion image has been repaired, and the outline of road is clearly visible."
469,00728.png,Car has Overexposure,Car,Overexposure,Decrease Brightness,"The overexposure in the fusion image has been repaired, and the outline of car is clearly visible."
470,00730.png,Car has Overexposure,Car,Overexposure,Decrease Brightness,"The overexposure in the fusion image has been repaired, and the outline of car is clearly visible."
471,00732.png,Car has Overexposure,Car,Overexposure,Decrease Brightness,"The overexposure in the fusion image has been repaired, and the outline of car is clearly visible."
472,00734.png,Car has Overexposure,Car,Overexposure,Decrease Brightness,"The overexposure in the fusion image has been repaired, and the outline of car is clearly visible."
473,00737.png,Car has Overexposure,Car,Overexposure,Decrease Brightness,"The overexposure in the fusion image has been repaired, and the outline of car is clearly visible."
474,00739.png,Car has Overexposure,Car,Overexposure,Decrease Brightness,"The overexposure in the fusion image has been repaired, and the outline of car is clearly visible."
475,00740.png,Car has Overexposure,Car,Overexposure,Decrease Brightness,"The overexposure in the fusion image has been repaired, and the outline of car is clearly visible."
476,00741.png,Car has Overexposure,Car,Overexposure,Decrease Brightness,"The overexposure in the fusion image has been repaired, and the outline of car is clearly visible."
477,00742.png,Car has Overexposure,Car,Overexposure,Decrease Brightness,"The overexposure in the fusion image has been repaired, and the outline of car is clearly visible."
478,00744.png,Car has Overexposure,Car,Overexposure,Decrease Brightness,"The overexposure in the fusion image has been repaired, and the outline of car is clearly visible."
479,00746.png,Road has Motion Blur,Road,Motion Blur,Sharpen,"The motion Blur in the fusion image has been sharpen, and the outline of road is clearly visible."
480,00747.png,Road has Overexposure,Road,Overexposure,Decrease Brightness,"The overexposure in the fusion image has been repaired, and the outline of road is clearly visible."
481,00748.png,Road has Motion Blur,Road,Motion Blur,Sharpen,"The motion Blur in the fusion image has been sharpen, and the outline of road is clearly visible."
482,00749.png,Car has Overexposure,Car,Overexposure,Decrease Brightness,"The overexposure in the fusion image has been repaired, and the outline of car is clearly visible."
483,00750.png,Car has Overexposure,Car,Overexposure,Decrease Brightness,"The overexposure in the fusion image has been repaired, and the outline of car is clearly visible."
484,00751.png,Car has Overexposure,Car,Overexposure,Decrease Brightness,"The overexposure in the fusion image has been repaired, and the outline of car is clearly visible."
485,00753.png,Car has Overexposure,Car,Overexposure,Decrease Brightness,"The overexposure in the fusion image has been repaired, and the outline of car is clearly visible."
486,00754.png,Road has Overexposure,Road,Overexposure,Decrease Brightness,"The overexposure in the fusion image has been repaired, and the outline of road is clearly visible."
487,00757.png,Road has Overexposure,Road,Overexposure,Decrease Brightness,"The overexposure in the fusion image has been repaired, and the outline of road is clearly visible."
488,00760.png,Streetlight has Overexposure,Streetlight,Overexposure,Decrease Brightness,"The overexposure in the fusion image has been repaired, and the outline of streetlight is clearly visible."
489,00761.png,Car has Overexposure,Car,Overexposure,Decrease Brightness,"The overexposure in the fusion image has been repaired, and the outline of car is clearly visible."
490,00762.png,Car has Overexposure,Car,Overexposure,Decrease Brightness,"The overexposure in the fusion image has been repaired, and the outline of car is clearly visible."
491,00764.png,Car has Motion Blur,Car,Motion Blur,Sharpen,"The motion Blur in the fusion image has been sharpen, and the outline of car is clearly visible."
492,00765.png,Road has Motion Blur,Road,Motion Blur,Sharpen,"The motion Blur in the fusion image has been sharpen, and the outline of road is clearly visible."
493,00766.png,Road has Motion Blur,Road,Motion Blur,Sharpen,"The motion Blur in the fusion image has been sharpen, and the outline of road is clearly visible."
494,00767.png,Road has Motion Blur,Road,Motion Blur,Sharpen,"The motion Blur in the fusion image has been sharpen, and the outline of road is clearly visible."
495,00768.png,Road has Overexposure,Road,Overexposure,Decrease Brightness,"The overexposure in the fusion image has been repaired, and the outline of road is clearly visible."
496,00769.png,Road has Motion Blur,Road,Motion Blur,Sharpen,"The motion Blur in the fusion image has been sharpen, and the outline of road is clearly visible."
497,00770.png,Road has Motion Blur,Road,Motion Blur,Sharpen,"The motion Blur in the fusion image has been sharpen, and the outline of road is clearly visible."
498,00771.png,Car has Overexposure,Car,Overexposure,Decrease Brightness,"The overexposure in the fusion image has been repaired, and the outline of car is clearly visible."
499,00773.png,Road has Overexposure,Road,Overexposure,Decrease Brightness,"The overexposure in the fusion image has been repaired, and the outline of road is clearly visible."
500,00774.png,Road has Overexposure,Road,Overexposure,Decrease Brightness,"The overexposure in the fusion image has been repaired, and the outline of road is clearly visible."
501,00775.png,Road has Motion Blur,Road,Motion Blur,Sharpen,"The motion Blur in the fusion image has been sharpen, and the outline of road is clearly visible."
502,00777.png,Car has Overexposure,Car,Overexposure,Decrease Brightness,"The overexposure in the fusion image has been repaired, and the outline of car is clearly visible."
503,00778.png,Road has Overexposure,Road,Overexposure,Decrease Brightness,"The overexposure in the fusion image has been repaired, and the outline of road is clearly visible."
504,00779.png,Car has Overexposure,Car,Overexposure,Decrease Brightness,"The overexposure in the fusion image has been repaired, and the outline of car is clearly visible."
505,00781.png,Car has Motion Blur,Car,Motion Blur,Sharpen,"The motion Blur in the fusion image has been sharpen, and the outline of car is clearly visible."
506,00784.png,Building has Overexposure,Building,Overexposure,Decrease Brightness,"The overexposure in the fusion image has been repaired, and the outline of building is clearly visible."
507,00785.png,Building has Overexposure,Building,Overexposure,Decrease Brightness,"The overexposure in the fusion image has been repaired, and the outline of building is clearly visible."
508,00786.png,Car has Motion Blur,Car,Motion Blur,Sharpen,"The motion Blur in the fusion image has been sharpen, and the outline of car is clearly visible."
509,00787.png,Car has Motion Blur,Car,Motion Blur,Sharpen,"The motion Blur in the fusion image has been sharpen, and the outline of car is clearly visible."
510,00789.png,Car has Overexposure,Car,Overexposure,Decrease Brightness,"The overexposure in the fusion image has been repaired, and the outline of car is clearly visible."
511,00790.png,Car has Overexposure,Car,Overexposure,Decrease Brightness,"The overexposure in the fusion image has been repaired, and the outline of car is clearly visible."
512,00791.png,Road has Motion Blur,Road,Motion Blur,Sharpen,"The motion Blur in the fusion image has been sharpen, and the outline of road is clearly visible."
513,00792.png,Streetlight has Overexposure,Streetlight,Overexposure,Decrease Brightness,"The overexposure in the fusion image has been repaired, and the outline of streetlight is clearly visible."
514,00793.png,Road has Motion Blur,Road,Motion Blur,Sharpen,"The motion Blur in the fusion image has been sharpen, and the outline of road is clearly visible."
515,00796.png,Road has Low Contrast,Road,Low Contrast,Enhance Contrast,"The contrast in the fusion image has been enhanced, and the outline of road is clearly visible."
516,00797.png,Road has Motion Blur,Road,Motion Blur,Sharpen,"The motion Blur in the fusion image has been sharpen, and the outline of road is clearly visible."
517,00798.png,Road has Motion Blur,Road,Motion Blur,Sharpen,"The motion Blur in the fusion image has been sharpen, and the outline of road is clearly visible."
518,00800.png,Streetlight has Overexposure,Streetlight,Overexposure,Decrease Brightness,"The overexposure in the fusion image has been repaired, and the outline of streetlight is clearly visible."
519,00803.png,Car has Overexposure,Car,Overexposure,Decrease Brightness,"The overexposure in the fusion image has been repaired, and the outline of car is clearly visible."
520,00804.png,Car has Overexposure,Car,Overexposure,Decrease Brightness,"The overexposure in the fusion image has been repaired, and the outline of car is clearly visible."
521,00805.png,Car has Overexposure,Car,Overexposure,Decrease Brightness,"The overexposure in the fusion image has been repaired, and the outline of car is clearly visible."
522,00809.png,Car has Overexposure,Car,Overexposure,Decrease Brightness,"The overexposure in the fusion image has been repaired, and the outline of car is clearly visible."
523,00811.png,Car has Overexposure,Car,Overexposure,Decrease Brightness,"The overexposure in the fusion image has been repaired, and the outline of car is clearly visible."
524,00812.png,Car has Overexposure,Car,Overexposure,Decrease Brightness,"The overexposure in the fusion image has been repaired, and the outline of car is clearly visible."
525,00813.png,Car has Motion Blur,Car,Motion Blur,Sharpen,"The motion Blur in the fusion image has been sharpen, and the outline of car is clearly visible."
526,00814.png,Car has Overexposure,Car,Overexposure,Decrease Brightness,"The overexposure in the fusion image has been repaired, and the outline of car is clearly visible."
527,00815.png,Car has Overexposure,Car,Overexposure,Decrease Brightness,"The overexposure in the fusion image has been repaired, and the outline of car is clearly visible."
528,00822.png,Car has Overexposure,Car,Overexposure,Decrease Brightness,"The overexposure in the fusion image has been repaired, and the outline of car is clearly visible."
529,00824.png,Car has Overexposure,Car,Overexposure,Decrease Brightness,"The overexposure in the fusion image has been repaired, and the outline of car is clearly visible."
530,00829.png,Car has Overexposure,Car,Overexposure,Decrease Brightness,"The overexposure in the fusion image has been repaired, and the outline of car is clearly visible."
531,00830.png,Car has Overexposure,Car,Overexposure,Decrease Brightness,"The overexposure in the fusion image has been repaired, and the outline of car is clearly visible."
532,00831.png,Car has Overexposure,Car,Overexposure,Decrease Brightness,"The overexposure in the fusion image has been repaired, and the outline of car is clearly visible."
533,00835.png,Car has Motion Blur,Car,Motion Blur,Sharpen,"The motion Blur in the fusion image has been sharpen, and the outline of car is clearly visible."
534,00836.png,Car has Overexposure,Car,Overexposure,Decrease Brightness,"The overexposure in the fusion image has been repaired, and the outline of car is clearly visible."
535,00837.png,Car has Overexposure,Car,Overexposure,Decrease Brightness,"The overexposure in the fusion image has been repaired, and the outline of car is clearly visible."
536,00838.png,Car has Overexposure,Car,Overexposure,Decrease Brightness,"The overexposure in the fusion image has been repaired, and the outline of car is clearly visible."
537,00839.png,Car has Overexposure,Car,Overexposure,Decrease Brightness,"The overexposure in the fusion image has been repaired, and the outline of car is clearly visible."
538,00840.png,Car has Overexposure,Car,Overexposure,Decrease Brightness,"The overexposure in the fusion image has been repaired, and the outline of car is clearly visible."
539,00841.png,Car has Overexposure,Car,Overexposure,Decrease Brightness,"The overexposure in the fusion image has been repaired, and the outline of car is clearly visible."
540,00842.png,Car has Overexposure,Car,Overexposure,Decrease Brightness,"The overexposure in the fusion image has been repaired, and the outline of car is clearly visible."
541,00843.png,Car has Overexposure,Car,Overexposure,Decrease Brightness,"The overexposure in the fusion image has been repaired, and the outline of car is clearly visible."
542,00844.png,Car has Overexposure,Car,Overexposure,Decrease Brightness,"The overexposure in the fusion image has been repaired, and the outline of car is clearly visible."
543,00845.png,Car has Overexposure,Car,Overexposure,Decrease Brightness,"The overexposure in the fusion image has been repaired, and the outline of car is clearly visible."
544,00846.png,Car has Motion Blur,Car,Motion Blur,Sharpen,"The motion Blur in the fusion image has been sharpen, and the outline of car is clearly visible."
545,00847.png,Car has Overexposure,Car,Overexposure,Decrease Brightness,"The overexposure in the fusion image has been repaired, and the outline of car is clearly visible."
546,00848.png,Car has Overexposure,Car,Overexposure,Decrease Brightness,"The overexposure in the fusion image has been repaired, and the outline of car is clearly visible."
547,00849.png,Car has Overexposure,Car,Overexposure,Decrease Brightness,"The overexposure in the fusion image has been repaired, and the outline of car is clearly visible."
548,00851.png,Car has Overexposure,Car,Overexposure,Decrease Brightness,"The overexposure in the fusion image has been repaired, and the outline of car is clearly visible."
549,00852.png,Car has Overexposure,Car,Overexposure,Decrease Brightness,"The overexposure in the fusion image has been repaired, and the outline of car is clearly visible."
550,00854.png,Car has Overexposure,Car,Overexposure,Decrease Brightness,"The overexposure in the fusion image has been repaired, and the outline of car is clearly visible."
551,00855.png,Car has Overexposure,Car,Overexposure,Decrease Brightness,"The overexposure in the fusion image has been repaired, and the outline of car is clearly visible."
552,00856.png,Car has Overexposure,Car,Overexposure,Decrease Brightness,"The overexposure in the fusion image has been repaired, and the outline of car is clearly visible."
553,00857.png,Road has Overexposure,Road,Overexposure,Decrease Brightness,"The overexposure in the fusion image has been repaired, and the outline of road is clearly visible."
554,00858.png,Car has Overexposure,Car,Overexposure,Decrease Brightness,"The overexposure in the fusion image has been repaired, and the outline of car is clearly visible."
555,00859.png,Car has Overexposure,Car,Overexposure,Decrease Brightness,"The overexposure in the fusion image has been repaired, and the outline of car is clearly visible."
556,00860.png,Road has Overexposure,Road,Overexposure,Decrease Brightness,"The overexposure in the fusion image has been repaired, and the outline of road is clearly visible."
557,00863.png,Car has Overexposure,Car,Overexposure,Decrease Brightness,"The overexposure in the fusion image has been repaired, and the outline of car is clearly visible."
558,00866.png,Car has Overexposure,Car,Overexposure,Decrease Brightness,"The overexposure in the fusion image has been repaired, and the outline of car is clearly visible."
559,00867.png,Car has Overexposure,Car,Overexposure,Decrease Brightness,"The overexposure in the fusion image has been repaired, and the outline of car is clearly visible."
560,00869.png,Car has Overexposure,Car,Overexposure,Decrease Brightness,"The overexposure in the fusion image has been repaired, and the outline of car is clearly visible."
561,00872.png,Car has Overexposure,Car,Overexposure,Decrease Brightness,"The overexposure in the fusion image has been repaired, and the outline of car is clearly visible."
562,00874.png,Car has Overexposure,Car,Overexposure,Decrease Brightness,"The overexposure in the fusion image has been repaired, and the outline of car is clearly visible."
563,00875.png,Car has Overexposure,Car,Overexposure,Decrease Brightness,"The overexposure in the fusion image has been repaired, and the outline of car is clearly visible."
564,00876.png,Car has Overexposure,Car,Overexposure,Decrease Brightness,"The overexposure in the fusion image has been repaired, and the outline of car is clearly visible."
565,00878.png,Car has Overexposure,Car,Overexposure,Decrease Brightness,"The overexposure in the fusion image has been repaired, and the outline of car is clearly visible."
566,00879.png,Road has Overexposure,Road,Overexposure,Decrease Brightness,"The overexposure in the fusion image has been repaired, and the outline of road is clearly visible."
567,00881.png,Car has Overexposure,Car,Overexposure,Decrease Brightness,"The overexposure in the fusion image has been repaired, and the outline of car is clearly visible."
568,00882.png,Car has Overexposure,Car,Overexposure,Decrease Brightness,"The overexposure in the fusion image has been repaired, and the outline of car is clearly visible."
569,00883.png,Car has Overexposure,Car,Overexposure,Decrease Brightness,"The overexposure in the fusion image has been repaired, and the outline of car is clearly visible."
570,00884.png,Car has Overexposure,Car,Overexposure,Decrease Brightness,"The overexposure in the fusion image has been repaired, and the outline of car is clearly visible."
571,00886.png,Car has Overexposure,Car,Overexposure,Decrease Brightness,"The overexposure in the fusion image has been repaired, and the outline of car is clearly visible."
572,00887.png,Car has Overexposure,Car,Overexposure,Decrease Brightness,"The overexposure in the fusion image has been repaired, and the outline of car is clearly visible."
573,00888.png,Car has Overexposure,Car,Overexposure,Decrease Brightness,"The overexposure in the fusion image has been repaired, and the outline of car is clearly visible."
574,00889.png,Car has Overexposure,Car,Overexposure,Decrease Brightness,"The overexposure in the fusion image has been repaired, and the outline of car is clearly visible."
575,00890.png,Road has Motion Blur,Road,Motion Blur,Sharpen,"The motion Blur in the fusion image has been sharpen, and the outline of road is clearly visible."
576,00891.png,Car has Overexposure,Car,Overexposure,Decrease Brightness,"The overexposure in the fusion image has been repaired, and the outline of car is clearly visible."
577,00892.png,Car has Overexposure,Car,Overexposure,Decrease Brightness,"The overexposure in the fusion image has been repaired, and the outline of car is clearly visible."
578,00894.png,Car has Overexposure,Car,Overexposure,Decrease Brightness,"The overexposure in the fusion image has been repaired, and the outline of car is clearly visible."
579,00895.png,Car has Overexposure,Car,Overexposure,Decrease Brightness,"The overexposure in the fusion image has been repaired, and the outline of car is clearly visible."
580,00896.png,Car has Overexposure,Car,Overexposure,Decrease Brightness,"The overexposure in the fusion image has been repaired, and the outline of car is clearly visible."
581,00897.png,Car has Overexposure,Car,Overexposure,Decrease Brightness,"The overexposure in the fusion image has been repaired, and the outline of car is clearly visible."
582,00898.png,Car has Overexposure,Car,Overexposure,Decrease Brightness,"The overexposure in the fusion image has been repaired, and the outline of car is clearly visible."
583,00899.png,Car has Overexposure,Car,Overexposure,Decrease Brightness,"The overexposure in the fusion image has been repaired, and the outline of car is clearly visible."
584,00900.png,Car has Overexposure,Car,Overexposure,Decrease Brightness,"The overexposure in the fusion image has been repaired, and the outline of car is clearly visible."
585,00901.png,Road has Overexposure,Road,Overexposure,Decrease Brightness,"The overexposure in the fusion image has been repaired, and the outline of road is clearly visible."
586,00902.png,Car has Overexposure,Car,Overexposure,Decrease Brightness,"The overexposure in the fusion image has been repaired, and the outline of car is clearly visible."
587,00903.png,Car has Overexposure,Car,Overexposure,Decrease Brightness,"The overexposure in the fusion image has been repaired, and the outline of car is clearly visible."
588,00904.png,Car has Overexposure,Car,Overexposure,Decrease Brightness,"The overexposure in the fusion image has been repaired, and the outline of car is clearly visible."
589,00905.png,Car has Overexposure,Car,Overexposure,Decrease Brightness,"The overexposure in the fusion image has been repaired, and the outline of car is clearly visible."
590,00906.png,Car has Overexposure,Car,Overexposure,Decrease Brightness,"The overexposure in the fusion image has been repaired, and the outline of car is clearly visible."
591,00907.png,Car has Overexposure,Car,Overexposure,Decrease Brightness,"The overexposure in the fusion image has been repaired, and the outline of car is clearly visible."
592,00909.png,Car has Overexposure,Car,Overexposure,Decrease Brightness,"The overexposure in the fusion image has been repaired, and the outline of car is clearly visible."
593,00910.png,Car has Overexposure,Car,Overexposure,Decrease Brightness,"The overexposure in the fusion image has been repaired, and the outline of car is clearly visible."
594,00911.png,Car has Overexposure,Car,Overexposure,Decrease Brightness,"The overexposure in the fusion image has been repaired, and the outline of car is clearly visible."
595,00912.png,Streetlight has Overexposure,Streetlight,Overexposure,Decrease Brightness,"The overexposure in the fusion image has been repaired, and the outline of streetlight is clearly visible."
596,00914.png,Car has Overexposure,Car,Overexposure,Decrease Brightness,"The overexposure in the fusion image has been repaired, and the outline of car is clearly visible."
597,00915.png,Car has Overexposure,Car,Overexposure,Decrease Brightness,"The overexposure in the fusion image has been repaired, and the outline of car is clearly visible."
598,00916.png,Car has Overexposure,Car,Overexposure,Decrease Brightness,"The overexposure in the fusion image has been repaired, and the outline of car is clearly visible."
599,00917.png,Car has Overexposure,Car,Overexposure,Decrease Brightness,"The overexposure in the fusion image has been repaired, and the outline of car is clearly visible."
600,00919.png,Road has Motion Blur,Road,Motion Blur,Sharpen,"The motion Blur in the fusion image has been sharpen, and the outline of road is clearly visible."
601,00922.png,Road has Overexposure,Road,Overexposure,Decrease Brightness,"The overexposure in the fusion image has been repaired, and the outline of road is clearly visible."
602,00924.png,Car has Overexposure,Car,Overexposure,Decrease Brightness,"The overexposure in the fusion image has been repaired, and the outline of car is clearly visible."
603,00927.png,Car has Overexposure,Car,Overexposure,Decrease Brightness,"The overexposure in the fusion image has been repaired, and the outline of car is clearly visible."
604,00930.png,Car has Overexposure,Car,Overexposure,Decrease Brightness,"The overexposure in the fusion image has been repaired, and the outline of car is clearly visible."
605,00931.png,Car has Motion Blur,Car,Motion Blur,Sharpen,"The motion Blur in the fusion image has been sharpen, and the outline of car is clearly visible."
606,00932.png,Car has Motion Blur,Car,Motion Blur,Sharpen,"The motion Blur in the fusion image has been sharpen, and the outline of car is clearly visible."
607,00933.png,Car has Motion Blur,Car,Motion Blur,Sharpen,"The motion Blur in the fusion image has been sharpen, and the outline of car is clearly visible."
608,00934.png,Car has Motion Blur,Car,Motion Blur,Sharpen,"The motion Blur in the fusion image has been sharpen, and the outline of car is clearly visible."
609,00935.png,Car has Overexposure,Car,Overexposure,Decrease Brightness,"The overexposure in the fusion image has been repaired, and the outline of car is clearly visible."
610,00936.png,Road has Overexposure,Road,Overexposure,Decrease Brightness,"The overexposure in the fusion image has been repaired, and the outline of road is clearly visible."
611,00937.png,Car has Overexposure,Car,Overexposure,Decrease Brightness,"The overexposure in the fusion image has been repaired, and the outline of car is clearly visible."
612,00938.png,Car has Overexposure,Car,Overexposure,Decrease Brightness,"The overexposure in the fusion image has been repaired, and the outline of car is clearly visible."
613,00940.png,Car has Overexposure,Car,Overexposure,Decrease Brightness,"The overexposure in the fusion image has been repaired, and the outline of car is clearly visible."
614,00941.png,Car has Overexposure,Car,Overexposure,Decrease Brightness,"The overexposure in the fusion image has been repaired, and the outline of car is clearly visible."
615,00942.png,Car has Overexposure,Car,Overexposure,Decrease Brightness,"The overexposure in the fusion image has been repaired, and the outline of car is clearly visible."
616,00943.png,Car has Overexposure,Car,Overexposure,Decrease Brightness,"The overexposure in the fusion image has been repaired, and the outline of car is clearly visible."
617,00945.png,Car has Overexposure,Car,Overexposure,Decrease Brightness,"The overexposure in the fusion image has been repaired, and the outline of car is clearly visible."
618,00947.png,Car has Overexposure,Car,Overexposure,Decrease Brightness,"The overexposure in the fusion image has been repaired, and the outline of car is clearly visible."
619,00948.png,Car has Overexposure,Car,Overexposure,Decrease Brightness,"The overexposure in the fusion image has been repaired, and the outline of car is clearly visible."
620,00949.png,Car has Overexposure,Car,Overexposure,Decrease Brightness,"The overexposure in the fusion image has been repaired, and the outline of car is clearly visible."
621,00950.png,Car has Overexposure,Car,Overexposure,Decrease Brightness,"The overexposure in the fusion image has been repaired, and the outline of car is clearly visible."
622,00951.png,Car has Overexposure,Car,Overexposure,Decrease Brightness,"The overexposure in the fusion image has been repaired, and the outline of car is clearly visible."
623,00952.png,Car has Overexposure,Car,Overexposure,Decrease Brightness,"The overexposure in the fusion image has been repaired, and the outline of car is clearly visible."
624,00953.png,Car has Overexposure,Car,Overexposure,Decrease Brightness,"The overexposure in the fusion image has been repaired, and the outline of car is clearly visible."
625,00954.png,Car has Overexposure,Car,Overexposure,Decrease Brightness,"The overexposure in the fusion image has been repaired, and the outline of car is clearly visible."
626,00955.png,Car has Overexposure,Car,Overexposure,Decrease Brightness,"The overexposure in the fusion image has been repaired, and the outline of car is clearly visible."
627,00956.png,Car has Overexposure,Car,Overexposure,Decrease Brightness,"The overexposure in the fusion image has been repaired, and the outline of car is clearly visible."
628,00957.png,Car has Overexposure,Car,Overexposure,Decrease Brightness,"The overexposure in the fusion image has been repaired, and the outline of car is clearly visible."
629,00958.png,Car has Overexposure,Car,Overexposure,Decrease Brightness,"The overexposure in the fusion image has been repaired, and the outline of car is clearly visible."
630,00959.png,Car has Overexposure,Car,Overexposure,Decrease Brightness,"The overexposure in the fusion image has been repaired, and the outline of car is clearly visible."
631,00960.png,Car has Overexposure,Car,Overexposure,Decrease Brightness,"The overexposure in the fusion image has been repaired, and the outline of car is clearly visible."
632,00963.png,Car has Overexposure,Car,Overexposure,Decrease Brightness,"The overexposure in the fusion image has been repaired, and the outline of car is clearly visible."
633,00964.png,Car has Overexposure,Car,Overexposure,Decrease Brightness,"The overexposure in the fusion image has been repaired, and the outline of car is clearly visible."
634,00965.png,Car has Overexposure,Car,Overexposure,Decrease Brightness,"The overexposure in the fusion image has been repaired, and the outline of car is clearly visible."
635,00968.png,Car has Overexposure,Car,Overexposure,Decrease Brightness,"The overexposure in the fusion image has been repaired, and the outline of car is clearly visible."
636,00969.png,Car has Overexposure,Car,Overexposure,Decrease Brightness,"The overexposure in the fusion image has been repaired, and the outline of car is clearly visible."
637,00971.png,Car has Overexposure,Car,Overexposure,Decrease Brightness,"The overexposure in the fusion image has been repaired, and the outline of car is clearly visible."
638,00974.png,Car has Overexposure,Car,Overexposure,Decrease Brightness,"The overexposure in the fusion image has been repaired, and the outline of car is clearly visible."
639,00979.png,Car has Overexposure,Car,Overexposure,Decrease Brightness,"The overexposure in the fusion image has been repaired, and the outline of car is clearly visible."
640,00980.png,Car has Overexposure,Car,Overexposure,Decrease Brightness,"The overexposure in the fusion image has been repaired, and the outline of car is clearly visible."
641,00984.png,Car has Overexposure,Car,Overexposure,Decrease Brightness,"The overexposure in the fusion image has been repaired, and the outline of car is clearly visible."
642,00986.png,Car has Overexposure,Car,Overexposure,Decrease Brightness,"The overexposure in the fusion image has been repaired, and the outline of car is clearly visible."
643,00987.png,Car has Overexposure,Car,Overexposure,Decrease Brightness,"The overexposure in the fusion image has been repaired, and the outline of car is clearly visible."
644,00988.png,Car has Overexposure,Car,Overexposure,Decrease Brightness,"The overexposure in the fusion image has been repaired, and the outline of car is clearly visible."
645,00989.png,Road has Overexposure,Road,Overexposure,Decrease Brightness,"The overexposure in the fusion image has been repaired, and the outline of road is clearly visible."
646,00990.png,Car has Overexposure,Car,Overexposure,Decrease Brightness,"The overexposure in the fusion image has been repaired, and the outline of car is clearly visible."
647,00991.png,Road has Overexposure,Road,Overexposure,Decrease Brightness,"The overexposure in the fusion image has been repaired, and the outline of road is clearly visible."
648,00992.png,Car has Overexposure,Car,Overexposure,Decrease Brightness,"The overexposure in the fusion image has been repaired, and the outline of car is clearly visible."
649,00993.png,Car has Overexposure,Car,Overexposure,Decrease Brightness,"The overexposure in the fusion image has been repaired, and the outline of car is clearly visible."
650,00995.png,Car has Overexposure,Car,Overexposure,Decrease Brightness,"The overexposure in the fusion image has been repaired, and the outline of car is clearly visible."
651,00996.png,Car has Overexposure,Car,Overexposure,Decrease Brightness,"The overexposure in the fusion image has been repaired, and the outline of car is clearly visible."
652,00997.png,Car has Overexposure,Car,Overexposure,Decrease Brightness,"The overexposure in the fusion image has been repaired, and the outline of car is clearly visible."
653,00998.png,Car has Overexposure,Car,Overexposure,Decrease Brightness,"The overexposure in the fusion image has been repaired, and the outline of car is clearly visible."
654,00999.png,Car has Overexposure,Car,Overexposure,Decrease Brightness,"The overexposure in the fusion image has been repaired, and the outline of car is clearly visible."
655,01000.png,Car has Overexposure,Car,Overexposure,Decrease Brightness,"The overexposure in the fusion image has been repaired, and the outline of car is clearly visible."
656,01001.png,Car has Overexposure,Car,Overexposure,Decrease Brightness,"The overexposure in the fusion image has been repaired, and the outline of car is clearly visible."
657,01003.png,Road has Overexposure,Road,Overexposure,Decrease Brightness,"The overexposure in the fusion image has been repaired, and the outline of road is clearly visible."
658,01004.png,Car has Overexposure,Car,Overexposure,Decrease Brightness,"The overexposure in the fusion image has been repaired, and the outline of car is clearly visible."
659,01005.png,Car has Overexposure,Car,Overexposure,Decrease Brightness,"The overexposure in the fusion image has been repaired, and the outline of car is clearly visible."
660,01006.png,Car has Overexposure,Car,Overexposure,Decrease Brightness,"The overexposure in the fusion image has been repaired, and the outline of car is clearly visible."
661,01007.png,Car has Overexposure,Car,Overexposure,Decrease Brightness,"The overexposure in the fusion image has been repaired, and the outline of car is clearly visible."
662,01008.png,Car has Overexposure,Car,Overexposure,Decrease Brightness,"The overexposure in the fusion image has been repaired, and the outline of car is clearly visible."
663,01009.png,Car has Overexposure,Car,Overexposure,Decrease Brightness,"The overexposure in the fusion image has been repaired, and the outline of car is clearly visible."
664,01011.png,Car has Overexposure,Car,Overexposure,Decrease Brightness,"The overexposure in the fusion image has been repaired, and the outline of car is clearly visible."
665,01012.png,Car has Overexposure,Car,Overexposure,Decrease Brightness,"The overexposure in the fusion image has been repaired, and the outline of car is clearly visible."
666,01013.png,Car has Overexposure,Car,Overexposure,Decrease Brightness,"The overexposure in the fusion image has been repaired, and the outline of car is clearly visible."
667,01014.png,Car has Overexposure,Car,Overexposure,Decrease Brightness,"The overexposure in the fusion image has been repaired, and the outline of car is clearly visible."
668,01015.png,Car has Overexposure,Car,Overexposure,Decrease Brightness,"The overexposure in the fusion image has been repaired, and the outline of car is clearly visible."
669,01016.png,Car has Overexposure,Car,Overexposure,Decrease Brightness,"The overexposure in the fusion image has been repaired, and the outline of car is clearly visible."
670,01018.png,Car has Overexposure,Car,Overexposure,Decrease Brightness,"The overexposure in the fusion image has been repaired, and the outline of car is clearly visible."
671,01019.png,Car has Overexposure,Car,Overexposure,Decrease Brightness,"The overexposure in the fusion image has been repaired, and the outline of car is clearly visible."
672,01020.png,Car has Overexposure,Car,Overexposure,Decrease Brightness,"The overexposure in the fusion image has been repaired, and the outline of car is clearly visible."
673,01021.png,Road has Overexposure,Road,Overexposure,Decrease Brightness,"The overexposure in the fusion image has been repaired, and the outline of road is clearly visible."
674,01022.png,Car has Overexposure,Car,Overexposure,Decrease Brightness,"The overexposure in the fusion image has been repaired, and the outline of car is clearly visible."
675,01023.png,Streetlight has Overexposure,Streetlight,Overexposure,Decrease Brightness,"The overexposure in the fusion image has been repaired, and the outline of streetlight is clearly visible."
676,01024.png,Car has Overexposure,Car,Overexposure,Decrease Brightness,"The overexposure in the fusion image has been repaired, and the outline of car is clearly visible."
677,01025.png,Road has Overexposure,Road,Overexposure,Decrease Brightness,"The overexposure in the fusion image has been repaired, and the outline of road is clearly visible."
678,01027.png,Road has Overexposure,Road,Overexposure,Decrease Brightness,"The overexposure in the fusion image has been repaired, and the outline of road is clearly visible."
679,01028.png,Road has Motion Blur,Road,Motion Blur,Sharpen,"The motion Blur in the fusion image has been sharpen, and the outline of road is clearly visible."
680,01030.png,Car has Motion Blur,Car,Motion Blur,Sharpen,"The motion Blur in the fusion image has been sharpen, and the outline of car is clearly visible."
681,01031.png,Road has Overexposure,Road,Overexposure,Decrease Brightness,"The overexposure in the fusion image has been repaired, and the outline of road is clearly visible."
682,01033.png,Road has Overexposure,Road,Overexposure,Decrease Brightness,"The overexposure in the fusion image has been repaired, and the outline of road is clearly visible."
683,01034.png,Road has Overexposure,Road,Overexposure,Decrease Brightness,"The overexposure in the fusion image has been repaired, and the outline of road is clearly visible."
684,01035.png,Car has Overexposure,Car,Overexposure,Decrease Brightness,"The overexposure in the fusion image has been repaired, and the outline of car is clearly visible."
685,01036.png,Car has Overexposure,Car,Overexposure,Decrease Brightness,"The overexposure in the fusion image has been repaired, and the outline of car is clearly visible."
686,01037.png,Car has Overexposure,Car,Overexposure,Decrease Brightness,"The overexposure in the fusion image has been repaired, and the outline of car is clearly visible."
687,01040.png,Car has Overexposure,Car,Overexposure,Decrease Brightness,"The overexposure in the fusion image has been repaired, and the outline of car is clearly visible."
688,01043.png,Road has Overexposure,Road,Overexposure,Decrease Brightness,"The overexposure in the fusion image has been repaired, and the outline of road is clearly visible."
689,01044.png,Road has Overexposure,Road,Overexposure,Decrease Brightness,"The overexposure in the fusion image has been repaired, and the outline of road is clearly visible."
690,01046.png,Car has Overexposure,Car,Overexposure,Decrease Brightness,"The overexposure in the fusion image has been repaired, and the outline of car is clearly visible."
691,01047.png,Road has Overexposure,Road,Overexposure,Decrease Brightness,"The overexposure in the fusion image has been repaired, and the outline of road is clearly visible."
692,01051.png,Road has Motion Blur,Road,Motion Blur,Sharpen,"The motion Blur in the fusion image has been sharpen, and the outline of road is clearly visible."
693,01052.png,Road has Overexposure,Road,Overexposure,Decrease Brightness,"The overexposure in the fusion image has been repaired, and the outline of road is clearly visible."
694,01054.png,Road has Motion Blur,Road,Motion Blur,Sharpen,"The motion Blur in the fusion image has been sharpen, and the outline of road is clearly visible."
695,01055.png,Car has Overexposure,Car,Overexposure,Decrease Brightness,"The overexposure in the fusion image has been repaired, and the outline of car is clearly visible."
696,01056.png,Car has Overexposure,Car,Overexposure,Decrease Brightness,"The overexposure in the fusion image has been repaired, and the outline of car is clearly visible."
697,01057.png,Car has Overexposure,Car,Overexposure,Decrease Brightness,"The overexposure in the fusion image has been repaired, and the outline of car is clearly visible."
698,01058.png,Car has Overexposure,Car,Overexposure,Decrease Brightness,"The overexposure in the fusion image has been repaired, and the outline of car is clearly visible."
699,01059.png,Road has Overexposure,Road,Overexposure,Decrease Brightness,"The overexposure in the fusion image has been repaired, and the outline of road is clearly visible."
700,01060.png,Car has Overexposure,Car,Overexposure,Decrease Brightness,"The overexposure in the fusion image has been repaired, and the outline of car is clearly visible."
701,01061.png,Car has Overexposure,Car,Overexposure,Decrease Brightness,"The overexposure in the fusion image has been repaired, and the outline of car is clearly visible."
702,01062.png,Car has Overexposure,Car,Overexposure,Decrease Brightness,"The overexposure in the fusion image has been repaired, and the outline of car is clearly visible."
703,01063.png,Car has Overexposure,Car,Overexposure,Decrease Brightness,"The overexposure in the fusion image has been repaired, and the outline of car is clearly visible."
704,01064.png,Car has Overexposure,Car,Overexposure,Decrease Brightness,"The overexposure in the fusion image has been repaired, and the outline of car is clearly visible."
705,01069.png,Car has Overexposure,Car,Overexposure,Decrease Brightness,"The overexposure in the fusion image has been repaired, and the outline of car is clearly visible."
706,01070.png,Road has Overexposure,Road,Overexposure,Decrease Brightness,"The overexposure in the fusion image has been repaired, and the outline of road is clearly visible."
707,01075.png,Road has Overexposure,Road,Overexposure,Decrease Brightness,"The overexposure in the fusion image has been repaired, and the outline of road is clearly visible."
708,01076.png,Road has Overexposure,Road,Overexposure,Decrease Brightness,"The overexposure in the fusion image has been repaired, and the outline of road is clearly visible."
709,01077.png,Road has Motion Blur,Road,Motion Blur,Sharpen,"The motion Blur in the fusion image has been sharpen, and the outline of road is clearly visible."
710,01078.png,Road has Overexposure,Road,Overexposure,Decrease Brightness,"The overexposure in the fusion image has been repaired, and the outline of road is clearly visible."
711,01079.png,Car has Overexposure,Car,Overexposure,Decrease Brightness,"The overexposure in the fusion image has been repaired, and the outline of car is clearly visible."
712,01082.png,Road has Overexposure,Road,Overexposure,Decrease Brightness,"The overexposure in the fusion image has been repaired, and the outline of road is clearly visible."
713,01083.png,Road has Motion Blur,Road,Motion Blur,Sharpen,"The motion Blur in the fusion image has been sharpen, and the outline of road is clearly visible."
714,01086.png,Car has Overexposure,Car,Overexposure,Decrease Brightness,"The overexposure in the fusion image has been repaired, and the outline of car is clearly visible."
715,01087.png,Road has Overexposure,Road,Overexposure,Decrease Brightness,"The overexposure in the fusion image has been repaired, and the outline of road is clearly visible."
716,01088.png,Road has Overexposure,Road,Overexposure,Decrease Brightness,"The overexposure in the fusion image has been repaired, and the outline of road is clearly visible."
717,01089.png,Car has Overexposure,Car,Overexposure,Decrease Brightness,"The overexposure in the fusion image has been repaired, and the outline of car is clearly visible."
718,01094.png,Car has Overexposure,Car,Overexposure,Decrease Brightness,"The overexposure in the fusion image has been repaired, and the outline of car is clearly visible."
719,01095.png,Car has Overexposure,Car,Overexposure,Decrease Brightness,"The overexposure in the fusion image has been repaired, and the outline of car is clearly visible."
720,01096.png,Car has Overexposure,Car,Overexposure,Decrease Brightness,"The overexposure in the fusion image has been repaired, and the outline of car is clearly visible."
721,01097.png,Car has Overexposure,Car,Overexposure,Decrease Brightness,"The overexposure in the fusion image has been repaired, and the outline of car is clearly visible."
722,01098.png,Car has Overexposure,Car,Overexposure,Decrease Brightness,"The overexposure in the fusion image has been repaired, and the outline of car is clearly visible."
723,01099.png,Car has Overexposure,Car,Overexposure,Decrease Brightness,"The overexposure in the fusion image has been repaired, and the outline of car is clearly visible."
724,01100.png,Car has Overexposure,Car,Overexposure,Decrease Brightness,"The overexposure in the fusion image has been repaired, and the outline of car is clearly visible."
725,01101.png,Car has Overexposure,Car,Overexposure,Decrease Brightness,"The overexposure in the fusion image has been repaired, and the outline of car is clearly visible."
726,01102.png,Road has Overexposure,Road,Overexposure,Decrease Brightness,"The overexposure in the fusion image has been repaired, and the outline of road is clearly visible."
727,01103.png,Car has Overexposure,Car,Overexposure,Decrease Brightness,"The overexposure in the fusion image has been repaired, and the outline of car is clearly visible."
728,01105.png,Car has Overexposure,Car,Overexposure,Decrease Brightness,"The overexposure in the fusion image has been repaired, and the outline of car is clearly visible."
729,01106.png,Car has Overexposure,Car,Overexposure,Decrease Brightness,"The overexposure in the fusion image has been repaired, and the outline of car is clearly visible."
730,01107.png,Car has Overexposure,Car,Overexposure,Decrease Brightness,"The overexposure in the fusion image has been repaired, and the outline of car is clearly visible."
731,01111.png,Streetlight has Overexposure,Streetlight,Overexposure,Decrease Brightness,"The overexposure in the fusion image has been repaired, and the outline of streetlight is clearly visible."
732,01112.png,Car has Overexposure,Car,Overexposure,Decrease Brightness,"The overexposure in the fusion image has been repaired, and the outline of car is clearly visible."
733,01113.png,Streetlight has Overexposure,Streetlight,Overexposure,Decrease Brightness,"The overexposure in the fusion image has been repaired, and the outline of streetlight is clearly visible."
734,01117.png,Road has Motion Blur,Road,Motion Blur,Sharpen,"The motion Blur in the fusion image has been sharpen, and the outline of road is clearly visible."
735,01118.png,Streetlight has Overexposure,Streetlight,Overexposure,Decrease Brightness,"The overexposure in the fusion image has been repaired, and the outline of streetlight is clearly visible."
736,01121.png,Streetlight has Overexposure,Streetlight,Overexposure,Decrease Brightness,"The overexposure in the fusion image has been repaired, and the outline of streetlight is clearly visible."
737,01122.png,Streetlight has Overexposure,Streetlight,Overexposure,Decrease Brightness,"The overexposure in the fusion image has been repaired, and the outline of streetlight is clearly visible."
738,01124.png,Streetlight has Overexposure,Streetlight,Overexposure,Decrease Brightness,"The overexposure in the fusion image has been repaired, and the outline of streetlight is clearly visible."
739,01126.png,Streetlight has Overexposure,Streetlight,Overexposure,Decrease Brightness,"The overexposure in the fusion image has been repaired, and the outline of streetlight is clearly visible."
740,01127.png,Streetlight has Overexposure,Streetlight,Overexposure,Decrease Brightness,"The overexposure in the fusion image has been repaired, and the outline of streetlight is clearly visible."
741,01128.png,Streetlight has Overexposure,Streetlight,Overexposure,Decrease Brightness,"The overexposure in the fusion image has been repaired, and the outline of streetlight is clearly visible."
742,01129.png,Car has Overexposure,Car,Overexposure,Decrease Brightness,"The overexposure in the fusion image has been repaired, and the outline of car is clearly visible."
743,01131.png,Car has Overexposure,Car,Overexposure,Decrease Brightness,"The overexposure in the fusion image has been repaired, and the outline of car is clearly visible."
744,01132.png,Car has Overexposure,Car,Overexposure,Decrease Brightness,"The overexposure in the fusion image has been repaired, and the outline of car is clearly visible."
745,01133.png,Road has Overexposure,Road,Overexposure,Decrease Brightness,"The overexposure in the fusion image has been repaired, and the outline of road is clearly visible."
746,01134.png,Road has Overexposure,Road,Overexposure,Decrease Brightness,"The overexposure in the fusion image has been repaired, and the outline of road is clearly visible."
747,01135.png,Car has Overexposure,Car,Overexposure,Decrease Brightness,"The overexposure in the fusion image has been repaired, and the outline of car is clearly visible."
748,01136.png,Car has Overexposure,Car,Overexposure,Decrease Brightness,"The overexposure in the fusion image has been repaired, and the outline of car is clearly visible."
749,01137.png,Streetlight has Overexposure,Streetlight,Overexposure,Decrease Brightness,"The overexposure in the fusion image has been repaired, and the outline of streetlight is clearly visible."
750,01140.png,Car has Overexposure,Car,Overexposure,Decrease Brightness,"The overexposure in the fusion image has been repaired, and the outline of car is clearly visible."
751,01142.png,Car has Overexposure,Car,Overexposure,Decrease Brightness,"The overexposure in the fusion image has been repaired, and the outline of car is clearly visible."
752,01143.png,Streetlight has Overexposure,Streetlight,Overexposure,Decrease Brightness,"The overexposure in the fusion image has been repaired, and the outline of streetlight is clearly visible."
753,01144.png,Streetlight has Overexposure,Streetlight,Overexposure,Decrease Brightness,"The overexposure in the fusion image has been repaired, and the outline of streetlight is clearly visible."
754,01145.png,Streetlight has Overexposure,Streetlight,Overexposure,Decrease Brightness,"The overexposure in the fusion image has been repaired, and the outline of streetlight is clearly visible."
755,01146.png,Car has Overexposure,Car,Overexposure,Decrease Brightness,"The overexposure in the fusion image has been repaired, and the outline of car is clearly visible."
756,01147.png,Road has Overexposure,Road,Overexposure,Decrease Brightness,"The overexposure in the fusion image has been repaired, and the outline of road is clearly visible."
757,01148.png,Road has Overexposure,Road,Overexposure,Decrease Brightness,"The overexposure in the fusion image has been repaired, and the outline of road is clearly visible."
758,01149.png,Road has Overexposure,Road,Overexposure,Decrease Brightness,"The overexposure in the fusion image has been repaired, and the outline of road is clearly visible."
759,01150.png,Road has Motion Blur,Road,Motion Blur,Sharpen,"The motion Blur in the fusion image has been sharpen, and the outline of road is clearly visible."
760,01151.png,Streetlight has Overexposure,Streetlight,Overexposure,Decrease Brightness,"The overexposure in the fusion image has been repaired, and the outline of streetlight is clearly visible."
761,01152.png,Streetlight has Overexposure,Streetlight,Overexposure,Decrease Brightness,"The overexposure in the fusion image has been repaired, and the outline of streetlight is clearly visible."
762,01153.png,Streetlight has Overexposure,Streetlight,Overexposure,Decrease Brightness,"The overexposure in the fusion image has been repaired, and the outline of streetlight is clearly visible."
763,01154.png,Streetlight has Overexposure,Streetlight,Overexposure,Decrease Brightness,"The overexposure in the fusion image has been repaired, and the outline of streetlight is clearly visible."
764,01155.png,Road has Overexposure,Road,Overexposure,Decrease Brightness,"The overexposure in the fusion image has been repaired, and the outline of road is clearly visible."
765,01156.png,Road has Overexposure,Road,Overexposure,Decrease Brightness,"The overexposure in the fusion image has been repaired, and the outline of road is clearly visible."
766,01157.png,Car has Overexposure,Car,Overexposure,Decrease Brightness,"The overexposure in the fusion image has been repaired, and the outline of car is clearly visible."
767,01158.png,Car has Overexposure,Car,Overexposure,Decrease Brightness,"The overexposure in the fusion image has been repaired, and the outline of car is clearly visible."
768,01160.png,Car has Motion Blur,Car,Motion Blur,Sharpen,"The motion Blur in the fusion image has been sharpen, and the outline of car is clearly visible."
769,01161.png,Road has Low Contrast,Road,Low Contrast,Enhance Contrast,"The contrast in the fusion image has been enhanced, and the outline of road is clearly visible."
770,01163.png,Road has Motion Blur,Road,Motion Blur,Sharpen,"The motion Blur in the fusion image has been sharpen, and the outline of road is clearly visible."
771,01165.png,Road has Motion Blur,Road,Motion Blur,Sharpen,"The motion Blur in the fusion image has been sharpen, and the outline of road is clearly visible."
772,01166.png,Road has Overexposure,Road,Overexposure,Decrease Brightness,"The overexposure in the fusion image has been repaired, and the outline of road is clearly visible."
773,01168.png,Car has Overexposure,Car,Overexposure,Decrease Brightness,"The overexposure in the fusion image has been repaired, and the outline of car is clearly visible."
774,01170.png,Road has Overexposure,Road,Overexposure,Decrease Brightness,"The overexposure in the fusion image has been repaired, and the outline of road is clearly visible."
775,01172.png,Road has Overexposure,Road,Overexposure,Decrease Brightness,"The overexposure in the fusion image has been repaired, and the outline of road is clearly visible."
776,01173.png,Car has Overexposure,Car,Overexposure,Decrease Brightness,"The overexposure in the fusion image has been repaired, and the outline of car is clearly visible."
777,01174.png,Road has Overexposure,Road,Overexposure,Decrease Brightness,"The overexposure in the fusion image has been repaired, and the outline of road is clearly visible."
778,01175.png,Car has Overexposure,Car,Overexposure,Decrease Brightness,"The overexposure in the fusion image has been repaired, and the outline of car is clearly visible."
779,01176.png,Road has Overexposure,Road,Overexposure,Decrease Brightness,"The overexposure in the fusion image has been repaired, and the outline of road is clearly visible."
780,01177.png,Car has Overexposure,Car,Overexposure,Decrease Brightness,"The overexposure in the fusion image has been repaired, and the outline of car is clearly visible."
781,01178.png,Car has Overexposure,Car,Overexposure,Decrease Brightness,"The overexposure in the fusion image has been repaired, and the outline of car is clearly visible."
782,01179.png,Car has Overexposure,Car,Overexposure,Decrease Brightness,"The overexposure in the fusion image has been repaired, and the outline of car is clearly visible."
783,01180.png,Car has Overexposure,Car,Overexposure,Decrease Brightness,"The overexposure in the fusion image has been repaired, and the outline of car is clearly visible."
784,01181.png,Car has Overexposure,Car,Overexposure,Decrease Brightness,"The overexposure in the fusion image has been repaired, and the outline of car is clearly visible."
785,01182.png,Car has Overexposure,Car,Overexposure,Decrease Brightness,"The overexposure in the fusion image has been repaired, and the outline of car is clearly visible."
786,01183.png,Streetlight has Overexposure,Streetlight,Overexposure,Decrease Brightness,"The overexposure in the fusion image has been repaired, and the outline of streetlight is clearly visible."
787,01185.png,Streetlight has Overexposure,Streetlight,Overexposure,Decrease Brightness,"The overexposure in the fusion image has been repaired, and the outline of streetlight is clearly visible."
788,01186.png,Streetlight has Overexposure,Streetlight,Overexposure,Decrease Brightness,"The overexposure in the fusion image has been repaired, and the outline of streetlight is clearly visible."
789,01187.png,Streetlight has Overexposure,Streetlight,Overexposure,Decrease Brightness,"The overexposure in the fusion image has been repaired, and the outline of streetlight is clearly visible."
790,01190.png,Car has Overexposure,Car,Overexposure,Decrease Brightness,"The overexposure in the fusion image has been repaired, and the outline of car is clearly visible."
791,01191.png,Streetlight has Overexposure,Streetlight,Overexposure,Decrease Brightness,"The overexposure in the fusion image has been repaired, and the outline of streetlight is clearly visible."
792,01193.png,Streetlight has Overexposure,Streetlight,Overexposure,Decrease Brightness,"The overexposure in the fusion image has been repaired, and the outline of streetlight is clearly visible."
793,01194.png,Streetlight has Overexposure,Streetlight,Overexposure,Decrease Brightness,"The overexposure in the fusion image has been repaired, and the outline of streetlight is clearly visible."
794,01195.png,Car has Overexposure,Car,Overexposure,Decrease Brightness,"The overexposure in the fusion image has been repaired, and the outline of car is clearly visible."
795,01196.png,Car has Motion Blur,Car,Motion Blur,Sharpen,"The motion Blur in the fusion image has been sharpen, and the outline of car is clearly visible."
796,01197.png,Car has Motion Blur,Car,Motion Blur,Sharpen,"The motion Blur in the fusion image has been sharpen, and the outline of car is clearly visible."
797,01200.png,Car has Overexposure,Car,Overexposure,Decrease Brightness,"The overexposure in the fusion image has been repaired, and the outline of car is clearly visible."
798,01201.png,Car has Overexposure,Car,Overexposure,Decrease Brightness,"The overexposure in the fusion image has been repaired, and the outline of car is clearly visible."
799,01202.png,Car has Overexposure,Car,Overexposure,Decrease Brightness,"The overexposure in the fusion image has been repaired, and the outline of car is clearly visible."
800,01204.png,Streetlight has Overexposure,Streetlight,Overexposure,Decrease Brightness,"The overexposure in the fusion image has been repaired, and the outline of streetlight is clearly visible."
801,01205.png,Streetlight has Overexposure,Streetlight,Overexposure,Decrease Brightness,"The overexposure in the fusion image has been repaired, and the outline of streetlight is clearly visible."
802,01206.png,Road has Overexposure,Road,Overexposure,Decrease Brightness,"The overexposure in the fusion image has been repaired, and the outline of road is clearly visible."
803,01210.png,Car has Overexposure,Car,Overexposure,Decrease Brightness,"The overexposure in the fusion image has been repaired, and the outline of car is clearly visible."
804,01211.png,Car has Overexposure,Car,Overexposure,Decrease Brightness,"The overexposure in the fusion image has been repaired, and the outline of car is clearly visible."
805,01212.png,Car has Overexposure,Car,Overexposure,Decrease Brightness,"The overexposure in the fusion image has been repaired, and the outline of car is clearly visible."
806,01214.png,Car has Overexposure,Car,Overexposure,Decrease Brightness,"The overexposure in the fusion image has been repaired, and the outline of car is clearly visible."
807,01215.png,Car has Overexposure,Car,Overexposure,Decrease Brightness,"The overexposure in the fusion image has been repaired, and the outline of car is clearly visible."
808,01216.png,Car has Overexposure,Car,Overexposure,Decrease Brightness,"The overexposure in the fusion image has been repaired, and the outline of car is clearly visible."
809,01217.png,Car has Overexposure,Car,Overexposure,Decrease Brightness,"The overexposure in the fusion image has been repaired, and the outline of car is clearly visible."
810,01218.png,Car has Overexposure,Car,Overexposure,Decrease Brightness,"The overexposure in the fusion image has been repaired, and the outline of car is clearly visible."
811,01219.png,Streetlight has Overexposure,Streetlight,Overexposure,Decrease Brightness,"The overexposure in the fusion image has been repaired, and the outline of streetlight is clearly visible."
812,01221.png,Car has Overexposure,Car,Overexposure,Decrease Brightness,"The overexposure in the fusion image has been repaired, and the outline of car is clearly visible."
813,01222.png,Car has Overexposure,Car,Overexposure,Decrease Brightness,"The overexposure in the fusion image has been repaired, and the outline of car is clearly visible."
814,01224.png,Car has Overexposure,Car,Overexposure,Decrease Brightness,"The overexposure in the fusion image has been repaired, and the outline of car is clearly visible."
815,01225.png,Road has Motion Blur,Road,Motion Blur,Sharpen,"The motion Blur in the fusion image has been sharpen, and the outline of road is clearly visible."
816,01226.png,Road has Motion Blur,Road,Motion Blur,Sharpen,"The motion Blur in the fusion image has been sharpen, and the outline of road is clearly visible."
817,01227.png,Car has Overexposure,Car,Overexposure,Decrease Brightness,"The overexposure in the fusion image has been repaired, and the outline of car is clearly visible."
818,01228.png,Car has Overexposure,Car,Overexposure,Decrease Brightness,"The overexposure in the fusion image has been repaired, and the outline of car is clearly visible."
819,01229.png,Car has Overexposure,Car,Overexposure,Decrease Brightness,"The overexposure in the fusion image has been repaired, and the outline of car is clearly visible."
820,01230.png,Car has Overexposure,Car,Overexposure,Decrease Brightness,"The overexposure in the fusion image has been repaired, and the outline of car is clearly visible."
821,01234.png,Car has Overexposure,Car,Overexposure,Decrease Brightness,"The overexposure in the fusion image has been repaired, and the outline of car is clearly visible."
822,01235.png,Car has Overexposure,Car,Overexposure,Decrease Brightness,"The overexposure in the fusion image has been repaired, and the outline of car is clearly visible."
823,01236.png,Car has Overexposure,Car,Overexposure,Decrease Brightness,"The overexposure in the fusion image has been repaired, and the outline of car is clearly visible."
824,01237.png,Car has Overexposure,Car,Overexposure,Decrease Brightness,"The overexposure in the fusion image has been repaired, and the outline of car is clearly visible."
825,01238.png,Car has Overexposure,Car,Overexposure,Decrease Brightness,"The overexposure in the fusion image has been repaired, and the outline of car is clearly visible."
826,01239.png,Car has Overexposure,Car,Overexposure,Decrease Brightness,"The overexposure in the fusion image has been repaired, and the outline of car is clearly visible."
827,01242.png,Car has Overexposure,Car,Overexposure,Decrease Brightness,"The overexposure in the fusion image has been repaired, and the outline of car is clearly visible."
828,01243.png,Car has Overexposure,Car,Overexposure,Decrease Brightness,"The overexposure in the fusion image has been repaired, and the outline of car is clearly visible."
829,01247.png,Car has Overexposure,Car,Overexposure,Decrease Brightness,"The overexposure in the fusion image has been repaired, and the outline of car is clearly visible."
830,01248.png,Car has Overexposure,Car,Overexposure,Decrease Brightness,"The overexposure in the fusion image has been repaired, and the outline of car is clearly visible."
831,01249.png,Car has Overexposure,Car,Overexposure,Decrease Brightness,"The overexposure in the fusion image has been repaired, and the outline of car is clearly visible."
832,01250.png,Car has Overexposure,Car,Overexposure,Decrease Brightness,"The overexposure in the fusion image has been repaired, and the outline of car is clearly visible."
833,01253.png,Car has Overexposure,Car,Overexposure,Decrease Brightness,"The overexposure in the fusion image has been repaired, and the outline of car is clearly visible."
834,01254.png,Car has Overexposure,Car,Overexposure,Decrease Brightness,"The overexposure in the fusion image has been repaired, and the outline of car is clearly visible."
835,01255.png,Car has Overexposure,Car,Overexposure,Decrease Brightness,"The overexposure in the fusion image has been repaired, and the outline of car is clearly visible."
836,01256.png,Car has Overexposure,Car,Overexposure,Decrease Brightness,"The overexposure in the fusion image has been repaired, and the outline of car is clearly visible."
837,01257.png,Car has Overexposure,Car,Overexposure,Decrease Brightness,"The overexposure in the fusion image has been repaired, and the outline of car is clearly visible."
838,01258.png,Car has Overexposure,Car,Overexposure,Decrease Brightness,"The overexposure in the fusion image has been repaired, and the outline of car is clearly visible."
839,01259.png,Car has Overexposure,Car,Overexposure,Decrease Brightness,"The overexposure in the fusion image has been repaired, and the outline of car is clearly visible."
840,01260.png,Car has Overexposure,Car,Overexposure,Decrease Brightness,"The overexposure in the fusion image has been repaired, and the outline of car is clearly visible."
841,01261.png,Car has Overexposure,Car,Overexposure,Decrease Brightness,"The overexposure in the fusion image has been repaired, and the outline of car is clearly visible."
842,01262.png,Car has Overexposure,Car,Overexposure,Decrease Brightness,"The overexposure in the fusion image has been repaired, and the outline of car is clearly visible."
843,01263.png,Car has Overexposure,Car,Overexposure,Decrease Brightness,"The overexposure in the fusion image has been repaired, and the outline of car is clearly visible."
844,01264.png,Car has Overexposure,Car,Overexposure,Decrease Brightness,"The overexposure in the fusion image has been repaired, and the outline of car is clearly visible."
845,01265.png,Car has Overexposure,Car,Overexposure,Decrease Brightness,"The overexposure in the fusion image has been repaired, and the outline of car is clearly visible."
846,01266.png,Car has Overexposure,Car,Overexposure,Decrease Brightness,"The overexposure in the fusion image has been repaired, and the outline of car is clearly visible."
847,01267.png,Car has Overexposure,Car,Overexposure,Decrease Brightness,"The overexposure in the fusion image has been repaired, and the outline of car is clearly visible."
848,01268.png,Car has Overexposure,Car,Overexposure,Decrease Brightness,"The overexposure in the fusion image has been repaired, and the outline of car is clearly visible."
849,01269.png,Car has Overexposure,Car,Overexposure,Decrease Brightness,"The overexposure in the fusion image has been repaired, and the outline of car is clearly visible."
850,01270.png,Road has Overexposure,Road,Overexposure,Decrease Brightness,"The overexposure in the fusion image has been repaired, and the outline of road is clearly visible."
851,01271.png,Road has Overexposure,Road,Overexposure,Decrease Brightness,"The overexposure in the fusion image has been repaired, and the outline of road is clearly visible."
852,01274.png,Car has Overexposure,Car,Overexposure,Decrease Brightness,"The overexposure in the fusion image has been repaired, and the outline of car is clearly visible."
853,01275.png,Car has Overexposure,Car,Overexposure,Decrease Brightness,"The overexposure in the fusion image has been repaired, and the outline of car is clearly visible."
854,01276.png,Road has Overexposure,Road,Overexposure,Decrease Brightness,"The overexposure in the fusion image has been repaired, and the outline of road is clearly visible."
855,01278.png,Car has Overexposure,Car,Overexposure,Decrease Brightness,"The overexposure in the fusion image has been repaired, and the outline of car is clearly visible."
856,01279.png,Car has Overexposure,Car,Overexposure,Decrease Brightness,"The overexposure in the fusion image has been repaired, and the outline of car is clearly visible."
857,01280.png,Road has Overexposure,Road,Overexposure,Decrease Brightness,"The overexposure in the fusion image has been repaired, and the outline of road is clearly visible."
858,01281.png,Car has Motion Blur,Car,Motion Blur,Sharpen,"The motion Blur in the fusion image has been sharpen, and the outline of car is clearly visible."
859,01282.png,Road has Overexposure,Road,Overexposure,Decrease Brightness,"The overexposure in the fusion image has been repaired, and the outline of road is clearly visible."
860,01283.png,Car has Overexposure,Car,Overexposure,Decrease Brightness,"The overexposure in the fusion image has been repaired, and the outline of car is clearly visible."
861,01284.png,Car has Overexposure,Car,Overexposure,Decrease Brightness,"The overexposure in the fusion image has been repaired, and the outline of car is clearly visible."
862,01285.png,Streetlight has Overexposure,Streetlight,Overexposure,Decrease Brightness,"The overexposure in the fusion image has been repaired, and the outline of streetlight is clearly visible."
863,01286.png,Car has Overexposure,Car,Overexposure,Decrease Brightness,"The overexposure in the fusion image has been repaired, and the outline of car is clearly visible."
864,01289.png,Car has Overexposure,Car,Overexposure,Decrease Brightness,"The overexposure in the fusion image has been repaired, and the outline of car is clearly visible."
865,01290.png,Car has Overexposure,Car,Overexposure,Decrease Brightness,"The overexposure in the fusion image has been repaired, and the outline of car is clearly visible."
866,01292.png,Car has Overexposure,Car,Overexposure,Decrease Brightness,"The overexposure in the fusion image has been repaired, and the outline of car is clearly visible."
867,01293.png,Car has Overexposure,Car,Overexposure,Decrease Brightness,"The overexposure in the fusion image has been repaired, and the outline of car is clearly visible."
868,01295.png,Car has Overexposure,Car,Overexposure,Decrease Brightness,"The overexposure in the fusion image has been repaired, and the outline of car is clearly visible."
869,01296.png,Car has Overexposure,Car,Overexposure,Decrease Brightness,"The overexposure in the fusion image has been repaired, and the outline of car is clearly visible."
870,01297.png,Car has Overexposure,Car,Overexposure,Decrease Brightness,"The overexposure in the fusion image has been repaired, and the outline of car is clearly visible."
871,01298.png,Car has Overexposure,Car,Overexposure,Decrease Brightness,"The overexposure in the fusion image has been repaired, and the outline of car is clearly visible."
872,01300.png,Car has Overexposure,Car,Overexposure,Decrease Brightness,"The overexposure in the fusion image has been repaired, and the outline of car is clearly visible."
873,01301.png,Car has Motion Blur,Car,Motion Blur,Sharpen,"The motion Blur in the fusion image has been sharpen, and the outline of car is clearly visible."
874,01302.png,Car has Overexposure,Car,Overexposure,Decrease Brightness,"The overexposure in the fusion image has been repaired, and the outline of car is clearly visible."
875,01304.png,Car has Overexposure,Car,Overexposure,Decrease Brightness,"The overexposure in the fusion image has been repaired, and the outline of car is clearly visible."
876,01305.png,Car has Overexposure,Car,Overexposure,Decrease Brightness,"The overexposure in the fusion image has been repaired, and the outline of car is clearly visible."
877,01306.png,Car has Overexposure,Car,Overexposure,Decrease Brightness,"The overexposure in the fusion image has been repaired, and the outline of car is clearly visible."
878,01307.png,Car has Overexposure,Car,Overexposure,Decrease Brightness,"The overexposure in the fusion image has been repaired, and the outline of car is clearly visible."
879,01308.png,Car has Overexposure,Car,Overexposure,Decrease Brightness,"The overexposure in the fusion image has been repaired, and the outline of car is clearly visible."
880,01310.png,Car has Overexposure,Car,Overexposure,Decrease Brightness,"The overexposure in the fusion image has been repaired, and the outline of car is clearly visible."
881,01312.png,Car has Overexposure,Car,Overexposure,Decrease Brightness,"The overexposure in the fusion image has been repaired, and the outline of car is clearly visible."
882,01313.png,Road has Overexposure,Road,Overexposure,Decrease Brightness,"The overexposure in the fusion image has been repaired, and the outline of road is clearly visible."
883,01314.png,Car has Motion Blur,Car,Motion Blur,Sharpen,"The motion Blur in the fusion image has been sharpen, and the outline of car is clearly visible."
884,01316.png,Streetlight has Overexposure,Streetlight,Overexposure,Decrease Brightness,"The overexposure in the fusion image has been repaired, and the outline of streetlight is clearly visible."
885,01317.png,Car has Motion Blur,Car,Motion Blur,Sharpen,"The motion Blur in the fusion image has been sharpen, and the outline of car is clearly visible."
886,01319.png,Car has Motion Blur,Car,Motion Blur,Sharpen,"The motion Blur in the fusion image has been sharpen, and the outline of car is clearly visible."
887,01321.png,Car has Overexposure,Car,Overexposure,Decrease Brightness,"The overexposure in the fusion image has been repaired, and the outline of car is clearly visible."
888,01336.png,Road has Overexposure,Road,Overexposure,Decrease Brightness,"The overexposure in the fusion image has been repaired, and the outline of road is clearly visible."
889,01337.png,Car has Overexposure,Car,Overexposure,Decrease Brightness,"The overexposure in the fusion image has been repaired, and the outline of car is clearly visible."
890,01338.png,Car has Overexposure,Car,Overexposure,Decrease Brightness,"The overexposure in the fusion image has been repaired, and the outline of car is clearly visible."
891,01340.png,Car has Overexposure,Car,Overexposure,Decrease Brightness,"The overexposure in the fusion image has been repaired, and the outline of car is clearly visible."
892,01342.png,Car has Overexposure,Car,Overexposure,Decrease Brightness,"The overexposure in the fusion image has been repaired, and the outline of car is clearly visible."
893,01343.png,Car has Overexposure,Car,Overexposure,Decrease Brightness,"The overexposure in the fusion image has been repaired, and the outline of car is clearly visible."
894,01350.png,Car has Overexposure,Car,Overexposure,Decrease Brightness,"The overexposure in the fusion image has been repaired, and the outline of car is clearly visible."
895,01351.png,Car has Overexposure,Car,Overexposure,Decrease Brightness,"The overexposure in the fusion image has been repaired, and the outline of car is clearly visible."
896,01352.png,Car has Overexposure,Car,Overexposure,Decrease Brightness,"The overexposure in the fusion image has been repaired, and the outline of car is clearly visible."
897,01353.png,Car has Motion Blur,Car,Motion Blur,Sharpen,"The motion Blur in the fusion image has been sharpen, and the outline of car is clearly visible."
898,01355.png,Car has Motion Blur,Car,Motion Blur,Sharpen,"The motion Blur in the fusion image has been sharpen, and the outline of car is clearly visible."
899,01357.png,Car has Overexposure,Car,Overexposure,Decrease Brightness,"The overexposure in the fusion image has been repaired, and the outline of car is clearly visible."
900,01360.png,Road has Motion Blur,Road,Motion Blur,Sharpen,"The motion Blur in the fusion image has been sharpen, and the outline of road is clearly visible."
901,01361.png,Car has Overexposure,Car,Overexposure,Decrease Brightness,"The overexposure in the fusion image has been repaired, and the outline of car is clearly visible."
902,01362.png,Car has Motion Blur,Car,Motion Blur,Sharpen,"The motion Blur in the fusion image has been sharpen, and the outline of car is clearly visible."
903,01363.png,Car has Overexposure,Car,Overexposure,Decrease Brightness,"The overexposure in the fusion image has been repaired, and the outline of car is clearly visible."
904,01364.png,Car has Motion Blur,Car,Motion Blur,Sharpen,"The motion Blur in the fusion image has been sharpen, and the outline of car is clearly visible."
905,01365.png,Car has Overexposure,Car,Overexposure,Decrease Brightness,"The overexposure in the fusion image has been repaired, and the outline of car is clearly visible."
906,01367.png,Car has Overexposure,Car,Overexposure,Decrease Brightness,"The overexposure in the fusion image has been repaired, and the outline of car is clearly visible."
907,01368.png,Car has Overexposure,Car,Overexposure,Decrease Brightness,"The overexposure in the fusion image has been repaired, and the outline of car is clearly visible."
908,01369.png,Car has Overexposure,Car,Overexposure,Decrease Brightness,"The overexposure in the fusion image has been repaired, and the outline of car is clearly visible."
909,01370.png,Car has Overexposure,Car,Overexposure,Decrease Brightness,"The overexposure in the fusion image has been repaired, and the outline of car is clearly visible."
910,01371.png,Car has Overexposure,Car,Overexposure,Decrease Brightness,"The overexposure in the fusion image has been repaired, and the outline of car is clearly visible."
911,01372.png,Car has Overexposure,Car,Overexposure,Decrease Brightness,"The overexposure in the fusion image has been repaired, and the outline of car is clearly visible."
912,01373.png,Car has Overexposure,Car,Overexposure,Decrease Brightness,"The overexposure in the fusion image has been repaired, and the outline of car is clearly visible."
913,01374.png,Car has Overexposure,Car,Overexposure,Decrease Brightness,"The overexposure in the fusion image has been repaired, and the outline of car is clearly visible."
914,01375.png,Car has Overexposure,Car,Overexposure,Decrease Brightness,"The overexposure in the fusion image has been repaired, and the outline of car is clearly visible."
915,01376.png,Car has Overexposure,Car,Overexposure,Decrease Brightness,"The overexposure in the fusion image has been repaired, and the outline of car is clearly visible."
916,01379.png,Road has Overexposure,Road,Overexposure,Decrease Brightness,"The overexposure in the fusion image has been repaired, and the outline of road is clearly visible."
917,01381.png,Car has Overexposure,Car,Overexposure,Decrease Brightness,"The overexposure in the fusion image has been repaired, and the outline of car is clearly visible."
918,01382.png,Car has Overexposure,Car,Overexposure,Decrease Brightness,"The overexposure in the fusion image has been repaired, and the outline of car is clearly visible."
919,01384.png,Car has Overexposure,Car,Overexposure,Decrease Brightness,"The overexposure in the fusion image has been repaired, and the outline of car is clearly visible."
920,01385.png,Car has Overexposure,Car,Overexposure,Decrease Brightness,"The overexposure in the fusion image has been repaired, and the outline of car is clearly visible."
921,01386.png,Car has Overexposure,Car,Overexposure,Decrease Brightness,"The overexposure in the fusion image has been repaired, and the outline of car is clearly visible."
922,01387.png,Car has Overexposure,Car,Overexposure,Decrease Brightness,"The overexposure in the fusion image has been repaired, and the outline of car is clearly visible."
923,01388.png,Car has Overexposure,Car,Overexposure,Decrease Brightness,"The overexposure in the fusion image has been repaired, and the outline of car is clearly visible."
924,01389.png,Car has Overexposure,Car,Overexposure,Decrease Brightness,"The overexposure in the fusion image has been repaired, and the outline of car is clearly visible."
925,01390.png,Road has Overexposure,Road,Overexposure,Decrease Brightness,"The overexposure in the fusion image has been repaired, and the outline of road is clearly visible."
926,01391.png,Car has Overexposure,Car,Overexposure,Decrease Brightness,"The overexposure in the fusion image has been repaired, and the outline of car is clearly visible."
927,01392.png,Car has Overexposure,Car,Overexposure,Decrease Brightness,"The overexposure in the fusion image has been repaired, and the outline of car is clearly visible."
928,01393.png,Car has Overexposure,Car,Overexposure,Decrease Brightness,"The overexposure in the fusion image has been repaired, and the outline of car is clearly visible."
929,01394.png,Car has Overexposure,Car,Overexposure,Decrease Brightness,"The overexposure in the fusion image has been repaired, and the outline of car is clearly visible."
930,01396.png,Car has Overexposure,Car,Overexposure,Decrease Brightness,"The overexposure in the fusion image has been repaired, and the outline of car is clearly visible."
931,01397.png,Car has Overexposure,Car,Overexposure,Decrease Brightness,"The overexposure in the fusion image has been repaired, and the outline of car is clearly visible."
932,01398.png,Car has Overexposure,Car,Overexposure,Decrease Brightness,"The overexposure in the fusion image has been repaired, and the outline of car is clearly visible."
933,01399.png,Car has Overexposure,Car,Overexposure,Decrease Brightness,"The overexposure in the fusion image has been repaired, and the outline of car is clearly visible."
934,01400.png,Car has Overexposure,Car,Overexposure,Decrease Brightness,"The overexposure in the fusion image has been repaired, and the outline of car is clearly visible."
935,01402.png,Car has Overexposure,Car,Overexposure,Decrease Brightness,"The overexposure in the fusion image has been repaired, and the outline of car is clearly visible."
936,01405.png,Car has Overexposure,Car,Overexposure,Decrease Brightness,"The overexposure in the fusion image has been repaired, and the outline of car is clearly visible."
937,01406.png,Car has Overexposure,Car,Overexposure,Decrease Brightness,"The overexposure in the fusion image has been repaired, and the outline of car is clearly visible."
938,01407.png,Car has Overexposure,Car,Overexposure,Decrease Brightness,"The overexposure in the fusion image has been repaired, and the outline of car is clearly visible."
939,01408.png,Road has Overexposure,Road,Overexposure,Decrease Brightness,"The overexposure in the fusion image has been repaired, and the outline of road is clearly visible."
940,01410.png,Road has Motion Blur,Road,Motion Blur,Sharpen,"The motion Blur in the fusion image has been sharpen, and the outline of road is clearly visible."
941,01411.png,Car has Overexposure,Car,Overexposure,Decrease Brightness,"The overexposure in the fusion image has been repaired, and the outline of car is clearly visible."
942,01413.png,Car has Motion Blur,Car,Motion Blur,Sharpen,"The motion Blur in the fusion image has been sharpen, and the outline of car is clearly visible."
943,01415.png,Road has Motion Blur,Road,Motion Blur,Sharpen,"The motion Blur in the fusion image has been sharpen, and the outline of road is clearly visible."
944,01416.png,Road has Motion Blur,Road,Motion Blur,Sharpen,"The motion Blur in the fusion image has been sharpen, and the outline of road is clearly visible."
945,01418.png,Car has Motion Blur,Car,Motion Blur,Sharpen,"The motion Blur in the fusion image has been sharpen, and the outline of car is clearly visible."
946,01419.png,Road has Motion Blur,Road,Motion Blur,Sharpen,"The motion Blur in the fusion image has been sharpen, and the outline of road is clearly visible."
947,01420.png,Road has Overexposure,Road,Overexposure,Decrease Brightness,"The overexposure in the fusion image has been repaired, and the outline of road is clearly visible."
948,01421.png,Road has Overexposure,Road,Overexposure,Decrease Brightness,"The overexposure in the fusion image has been repaired, and the outline of road is clearly visible."
949,01422.png,Streetlight has Overexposure,Streetlight,Overexposure,Decrease Brightness,"The overexposure in the fusion image has been repaired, and the outline of streetlight is clearly visible."
950,01424.png,Car has Overexposure,Car,Overexposure,Decrease Brightness,"The overexposure in the fusion image has been repaired, and the outline of car is clearly visible."
951,01425.png,Car has Overexposure,Car,Overexposure,Decrease Brightness,"The overexposure in the fusion image has been repaired, and the outline of car is clearly visible."
952,01431.png,Road has Low Contrast,Road,Low Contrast,Enhance Contrast,"The contrast in the fusion image has been enhanced, and the outline of road is clearly visible."
953,01432.png,Car has Overexposure,Car,Overexposure,Decrease Brightness,"The overexposure in the fusion image has been repaired, and the outline of car is clearly visible."
954,01433.png,Car has Motion Blur,Car,Motion Blur,Sharpen,"The motion Blur in the fusion image has been sharpen, and the outline of car is clearly visible."
955,01435.png,Car has Overexposure,Car,Overexposure,Decrease Brightness,"The overexposure in the fusion image has been repaired, and the outline of car is clearly visible."
956,01436.png,Car has Overexposure,Car,Overexposure,Decrease Brightness,"The overexposure in the fusion image has been repaired, and the outline of car is clearly visible."
957,01437.png,Road has Overexposure,Road,Overexposure,Decrease Brightness,"The overexposure in the fusion image has been repaired, and the outline of road is clearly visible."
958,01438.png,Car has Overexposure,Car,Overexposure,Decrease Brightness,"The overexposure in the fusion image has been repaired, and the outline of car is clearly visible."
959,01440.png,Road has Overexposure,Road,Overexposure,Decrease Brightness,"The overexposure in the fusion image has been repaired, and the outline of road is clearly visible."
960,01441.png,Car has Overexposure,Car,Overexposure,Decrease Brightness,"The overexposure in the fusion image has been repaired, and the outline of car is clearly visible."
961,01442.png,Car has Overexposure,Car,Overexposure,Decrease Brightness,"The overexposure in the fusion image has been repaired, and the outline of car is clearly visible."
962,01446.png,Road has Overexposure,Road,Overexposure,Decrease Brightness,"The overexposure in the fusion image has been repaired, and the outline of road is clearly visible."
963,01448.png,Car has Overexposure,Car,Overexposure,Decrease Brightness,"The overexposure in the fusion image has been repaired, and the outline of car is clearly visible."
964,01449.png,Road has Overexposure,Road,Overexposure,Decrease Brightness,"The overexposure in the fusion image has been repaired, and the outline of road is clearly visible."
965,01451.png,Road has Overexposure,Road,Overexposure,Decrease Brightness,"The overexposure in the fusion image has been repaired, and the outline of road is clearly visible."
966,01454.png,Road has Overexposure,Road,Overexposure,Decrease Brightness,"The overexposure in the fusion image has been repaired, and the outline of road is clearly visible."
967,01455.png,Car has Overexposure,Car,Overexposure,Decrease Brightness,"The overexposure in the fusion image has been repaired, and the outline of car is clearly visible."
968,01456.png,Road has Overexposure,Road,Overexposure,Decrease Brightness,"The overexposure in the fusion image has been repaired, and the outline of road is clearly visible."
969,01457.png,Road has Overexposure,Road,Overexposure,Decrease Brightness,"The overexposure in the fusion image has been repaired, and the outline of road is clearly visible."
970,01458.png,Streetlight has Overexposure,Streetlight,Overexposure,Decrease Brightness,"The overexposure in the fusion image has been repaired, and the outline of streetlight is clearly visible."
971,01459.png,Streetlight has Overexposure,Streetlight,Overexposure,Decrease Brightness,"The overexposure in the fusion image has been repaired, and the outline of streetlight is clearly visible."
972,01462.png,Streetlight has Overexposure,Streetlight,Overexposure,Decrease Brightness,"The overexposure in the fusion image has been repaired, and the outline of streetlight is clearly visible."
973,01465.png,Streetlight has Overexposure,Streetlight,Overexposure,Decrease Brightness,"The overexposure in the fusion image has been repaired, and the outline of streetlight is clearly visible."
974,01466.png,Streetlight has Overexposure,Streetlight,Overexposure,Decrease Brightness,"The overexposure in the fusion image has been repaired, and the outline of streetlight is clearly visible."
975,01468.png,Road has Overexposure,Road,Overexposure,Decrease Brightness,"The overexposure in the fusion image has been repaired, and the outline of road is clearly visible."
976,01470.png,Streetlight has Overexposure,Streetlight,Overexposure,Decrease Brightness,"The overexposure in the fusion image has been repaired, and the outline of streetlight is clearly visible."
977,01472.png,Car has Overexposure,Car,Overexposure,Decrease Brightness,"The overexposure in the fusion image has been repaired, and the outline of car is clearly visible."
978,01473.png,Car has Overexposure,Car,Overexposure,Decrease Brightness,"The overexposure in the fusion image has been repaired, and the outline of car is clearly visible."
979,01474.png,Streetlight has Overexposure,Streetlight,Overexposure,Decrease Brightness,"The overexposure in the fusion image has been repaired, and the outline of streetlight is clearly visible."
980,01475.png,Streetlight has Overexposure,Streetlight,Overexposure,Decrease Brightness,"The overexposure in the fusion image has been repaired, and the outline of streetlight is clearly visible."
981,01476.png,Streetlight has Overexposure,Streetlight,Overexposure,Decrease Brightness,"The overexposure in the fusion image has been repaired, and the outline of streetlight is clearly visible."
982,01477.png,Streetlight has Overexposure,Streetlight,Overexposure,Decrease Brightness,"The overexposure in the fusion image has been repaired, and the outline of streetlight is clearly visible."
983,01478.png,Car has Overexposure,Car,Overexposure,Decrease Brightness,"The overexposure in the fusion image has been repaired, and the outline of car is clearly visible."
984,01479.png,Road has Overexposure,Road,Overexposure,Decrease Brightness,"The overexposure in the fusion image has been repaired, and the outline of road is clearly visible."
985,01480.png,Car has Overexposure,Car,Overexposure,Decrease Brightness,"The overexposure in the fusion image has been repaired, and the outline of car is clearly visible."
986,01485.png,Car has Overexposure,Car,Overexposure,Decrease Brightness,"The overexposure in the fusion image has been repaired, and the outline of car is clearly visible."
987,01486.png,Car has Overexposure,Car,Overexposure,Decrease Brightness,"The overexposure in the fusion image has been repaired, and the outline of car is clearly visible."
988,01487.png,Car has Overexposure,Car,Overexposure,Decrease Brightness,"The overexposure in the fusion image has been repaired, and the outline of car is clearly visible."
989,01489.png,Road has Overexposure,Road,Overexposure,Decrease Brightness,"The overexposure in the fusion image has been repaired, and the outline of road is clearly visible."
990,01490.png,Car has Overexposure,Car,Overexposure,Decrease Brightness,"The overexposure in the fusion image has been repaired, and the outline of car is clearly visible."
991,01491.png,Car has Overexposure,Car,Overexposure,Decrease Brightness,"The overexposure in the fusion image has been repaired, and the outline of car is clearly visible."
992,01492.png,Car has Overexposure,Car,Overexposure,Decrease Brightness,"The overexposure in the fusion image has been repaired, and the outline of car is clearly visible."
993,01494.png,Streetlight has Overexposure,Streetlight,Overexposure,Decrease Brightness,"The overexposure in the fusion image has been repaired, and the outline of streetlight is clearly visible."
994,01495.png,Streetlight has Overexposure,Streetlight,Overexposure,Decrease Brightness,"The overexposure in the fusion image has been repaired, and the outline of streetlight is clearly visible."
995,01496.png,Car has Overexposure,Car,Overexposure,Decrease Brightness,"The overexposure in the fusion image has been repaired, and the outline of car is clearly visible."
996,01497.png,Road has Motion Blur,Road,Motion Blur,Sharpen,"The motion Blur in the fusion image has been sharpen, and the outline of road is clearly visible."
997,01498.png,Car has Overexposure,Car,Overexposure,Decrease Brightness,"The overexposure in the fusion image has been repaired, and the outline of car is clearly visible."
998,01500.png,Road has Overexposure,Road,Overexposure,Decrease Brightness,"The overexposure in the fusion image has been repaired, and the outline of road is clearly visible."
999,01501.png,Road has Motion Blur,Road,Motion Blur,Sharpen,"The motion Blur in the fusion image has been sharpen, and the outline of road is clearly visible."
1000,01502.png,Car has Motion Blur,Car,Motion Blur,Sharpen,"The motion Blur in the fusion image has been sharpen, and the outline of car is clearly visible."
1001,01506.png,Streetlight has Overexposure,Streetlight,Overexposure,Decrease Brightness,"The overexposure in the fusion image has been repaired, and the outline of streetlight is clearly visible."
1002,01507.png,Streetlight has Overexposure,Streetlight,Overexposure,Decrease Brightness,"The overexposure in the fusion image has been repaired, and the outline of streetlight is clearly visible."
1003,01509.png,Road has Motion Blur,Road,Motion Blur,Sharpen,"The motion Blur in the fusion image has been sharpen, and the outline of road is clearly visible."
1004,01511.png,Road has Overexposure,Road,Overexposure,Decrease Brightness,"The overexposure in the fusion image has been repaired, and the outline of road is clearly visible."
1005,01512.png,Road has Overexposure,Road,Overexposure,Decrease Brightness,"The overexposure in the fusion image has been repaired, and the outline of road is clearly visible."
1006,01513.png,Streetlight has Overexposure,Streetlight,Overexposure,Decrease Brightness,"The overexposure in the fusion image has been repaired, and the outline of streetlight is clearly visible."
1007,01514.png,Streetlight has Overexposure,Streetlight,Overexposure,Decrease Brightness,"The overexposure in the fusion image has been repaired, and the outline of streetlight is clearly visible."
1008,01515.png,Streetlight has Overexposure,Streetlight,Overexposure,Decrease Brightness,"The overexposure in the fusion image has been repaired, and the outline of streetlight is clearly visible."
1009,01518.png,Car has Overexposure,Car,Overexposure,Decrease Brightness,"The overexposure in the fusion image has been repaired, and the outline of car is clearly visible."
1010,01519.png,Car has Overexposure,Car,Overexposure,Decrease Brightness,"The overexposure in the fusion image has been repaired, and the outline of car is clearly visible."
1011,01520.png,Car has Overexposure,Car,Overexposure,Decrease Brightness,"The overexposure in the fusion image has been repaired, and the outline of car is clearly visible."
1012,01521.png,Car has Motion Blur,Car,Motion Blur,Sharpen,"The motion Blur in the fusion image has been sharpen, and the outline of car is clearly visible."
1013,01522.png,Car has Overexposure,Car,Overexposure,Decrease Brightness,"The overexposure in the fusion image has been repaired, and the outline of car is clearly visible."
1014,01523.png,Car has Overexposure,Car,Overexposure,Decrease Brightness,"The overexposure in the fusion image has been repaired, and the outline of car is clearly visible."
1015,01524.png,Car has Overexposure,Car,Overexposure,Decrease Brightness,"The overexposure in the fusion image has been repaired, and the outline of car is clearly visible."
1016,01525.png,Car has Overexposure,Car,Overexposure,Decrease Brightness,"The overexposure in the fusion image has been repaired, and the outline of car is clearly visible."
1017,01526.png,Car has Overexposure,Car,Overexposure,Decrease Brightness,"The overexposure in the fusion image has been repaired, and the outline of car is clearly visible."
1018,01527.png,Car has Overexposure,Car,Overexposure,Decrease Brightness,"The overexposure in the fusion image has been repaired, and the outline of car is clearly visible."
1019,01529.png,Car has Overexposure,Car,Overexposure,Decrease Brightness,"The overexposure in the fusion image has been repaired, and the outline of car is clearly visible."
1020,01530.png,Car has Overexposure,Car,Overexposure,Decrease Brightness,"The overexposure in the fusion image has been repaired, and the outline of car is clearly visible."
1021,01534.png,Car has Overexposure,Car,Overexposure,Decrease Brightness,"The overexposure in the fusion image has been repaired, and the outline of car is clearly visible."
1022,01536.png,Car has Overexposure,Car,Overexposure,Decrease Brightness,"The overexposure in the fusion image has been repaired, and the outline of car is clearly visible."
1023,01537.png,Car has Overexposure,Car,Overexposure,Decrease Brightness,"The overexposure in the fusion image has been repaired, and the outline of car is clearly visible."
1024,01538.png,Car has Overexposure,Car,Overexposure,Decrease Brightness,"The overexposure in the fusion image has been repaired, and the outline of car is clearly visible."
1025,01539.png,Car has Overexposure,Car,Overexposure,Decrease Brightness,"The overexposure in the fusion image has been repaired, and the outline of car is clearly visible."
1026,01540.png,Car has Overexposure,Car,Overexposure,Decrease Brightness,"The overexposure in the fusion image has been repaired, and the outline of car is clearly visible."
1027,01541.png,Car has Overexposure,Car,Overexposure,Decrease Brightness,"The overexposure in the fusion image has been repaired, and the outline of car is clearly visible."
1028,01542.png,Car has Overexposure,Car,Overexposure,Decrease Brightness,"The overexposure in the fusion image has been repaired, and the outline of car is clearly visible."
1029,01543.png,Car has Overexposure,Car,Overexposure,Decrease Brightness,"The overexposure in the fusion image has been repaired, and the outline of car is clearly visible."
1030,01544.png,Car has Overexposure,Car,Overexposure,Decrease Brightness,"The overexposure in the fusion image has been repaired, and the outline of car is clearly visible."
1031,01545.png,Road has Motion Blur,Road,Motion Blur,Sharpen,"The motion Blur in the fusion image has been sharpen, and the outline of road is clearly visible."
1032,01546.png,Car has Motion Blur,Car,Motion Blur,Sharpen,"The motion Blur in the fusion image has been sharpen, and the outline of car is clearly visible."
1033,01547.png,Road has Overexposure,Road,Overexposure,Decrease Brightness,"The overexposure in the fusion image has been repaired, and the outline of road is clearly visible."
1034,01549.png,Road has Overexposure,Road,Overexposure,Decrease Brightness,"The overexposure in the fusion image has been repaired, and the outline of road is clearly visible."
1035,01553.png,Streetlight has Overexposure,Streetlight,Overexposure,Decrease Brightness,"The overexposure in the fusion image has been repaired, and the outline of streetlight is clearly visible."
1036,01554.png,Streetlight has Overexposure,Streetlight,Overexposure,Decrease Brightness,"The overexposure in the fusion image has been repaired, and the outline of streetlight is clearly visible."
1037,01555.png,Streetlight has Overexposure,Streetlight,Overexposure,Decrease Brightness,"The overexposure in the fusion image has been repaired, and the outline of streetlight is clearly visible."
1038,01556.png,Streetlight has Overexposure,Streetlight,Overexposure,Decrease Brightness,"The overexposure in the fusion image has been repaired, and the outline of streetlight is clearly visible."
1039,01557.png,Car has Motion Blur,Car,Motion Blur,Sharpen,"The motion Blur in the fusion image has been sharpen, and the outline of car is clearly visible."
1040,01558.png,Streetlight has Overexposure,Streetlight,Overexposure,Decrease Brightness,"The overexposure in the fusion image has been repaired, and the outline of streetlight is clearly visible."
1041,01562.png,Streetlight has Overexposure,Streetlight,Overexposure,Decrease Brightness,"The overexposure in the fusion image has been repaired, and the outline of streetlight is clearly visible."
1042,01563.png,Road has Motion Blur,Road,Motion Blur,Sharpen,"The motion Blur in the fusion image has been sharpen, and the outline of road is clearly visible."
1043,01564.png,Road has Overexposure,Road,Overexposure,Decrease Brightness,"The overexposure in the fusion image has been repaired, and the outline of road is clearly visible."
1044,01565.png,Streetlight has Overexposure,Streetlight,Overexposure,Decrease Brightness,"The overexposure in the fusion image has been repaired, and the outline of streetlight is clearly visible."
1045,01567.png,Car has Overexposure,Car,Overexposure,Decrease Brightness,"The overexposure in the fusion image has been repaired, and the outline of car is clearly visible."
1046,01568.png,Car has Motion Blur,Car,Motion Blur,Sharpen,"The motion Blur in the fusion image has been sharpen, and the outline of car is clearly visible."
1047,01572.png,Streetlight has Overexposure,Streetlight,Overexposure,Decrease Brightness,"The overexposure in the fusion image has been repaired, and the outline of streetlight is clearly visible."
1048,01573.png,Road has Motion Blur,Road,Motion Blur,Sharpen,"The motion Blur in the fusion image has been sharpen, and the outline of road is clearly visible."
1049,01579.png,Car has Motion Blur,Car,Motion Blur,Sharpen,"The motion Blur in the fusion image has been sharpen, and the outline of car is clearly visible."
1050,01587.png,Road has Overexposure,Road,Overexposure,Decrease Brightness,"The overexposure in the fusion image has been repaired, and the outline of road is clearly visible."
1051,01592.png,Road has Overexposure,Road,Overexposure,Decrease Brightness,"The overexposure in the fusion image has been repaired, and the outline of road is clearly visible."
1052,01593.png,Car has Overexposure,Car,Overexposure,Decrease Brightness,"The overexposure in the fusion image has been repaired, and the outline of car is clearly visible."
1053,01594.png,Road has Motion Blur,Road,Motion Blur,Sharpen,"The motion Blur in the fusion image has been sharpen, and the outline of road is clearly visible."
1054,01597.png,Car has Motion Blur,Car,Motion Blur,Sharpen,"The motion Blur in the fusion image has been sharpen, and the outline of car is clearly visible."
1055,01599.png,Road has Overexposure,Road,Overexposure,Decrease Brightness,"The overexposure in the fusion image has been repaired, and the outline of road is clearly visible."
1056,01600.png,Streetlight has Overexposure,Streetlight,Overexposure,Decrease Brightness,"The overexposure in the fusion image has been repaired, and the outline of streetlight is clearly visible."
1057,01607.png,Car has Overexposure,Car,Overexposure,Decrease Brightness,"The overexposure in the fusion image has been repaired, and the outline of car is clearly visible."
1058,01610.png,Streetlight has Overexposure,Streetlight,Overexposure,Decrease Brightness,"The overexposure in the fusion image has been repaired, and the outline of streetlight is clearly visible."
1059,01615.png,Streetlight has Overexposure,Streetlight,Overexposure,Decrease Brightness,"The overexposure in the fusion image has been repaired, and the outline of streetlight is clearly visible."
1060,01616.png,Streetlight has Overexposure,Streetlight,Overexposure,Decrease Brightness,"The overexposure in the fusion image has been repaired, and the outline of streetlight is clearly visible."
1061,01621.png,Car has Overexposure,Car,Overexposure,Decrease Brightness,"The overexposure in the fusion image has been repaired, and the outline of car is clearly visible."
1062,01625.png,Road has Motion Blur,Road,Motion Blur,Sharpen,"The motion Blur in the fusion image has been sharpen, and the outline of road is clearly visible."
1063,01626.png,Car has Overexposure,Car,Overexposure,Decrease Brightness,"The overexposure in the fusion image has been repaired, and the outline of car is clearly visible."
1064,01627.png,Streetlight has Overexposure,Streetlight,Overexposure,Decrease Brightness,"The overexposure in the fusion image has been repaired, and the outline of streetlight is clearly visible."
1065,01628.png,Streetlight has Overexposure,Streetlight,Overexposure,Decrease Brightness,"The overexposure in the fusion image has been repaired, and the outline of streetlight is clearly visible."
1066,01629.png,Streetlight has Overexposure,Streetlight,Overexposure,Decrease Brightness,"The overexposure in the fusion image has been repaired, and the outline of streetlight is clearly visible."
1067,01630.png,Road has Overexposure,Road,Overexposure,Decrease Brightness,"The overexposure in the fusion image has been repaired, and the outline of road is clearly visible."
1068,01632.png,Road has Motion Blur,Road,Motion Blur,Sharpen,"The motion Blur in the fusion image has been sharpen, and the outline of road is clearly visible."
1069,01634.png,Car has Motion Blur,Car,Motion Blur,Sharpen,"The motion Blur in the fusion image has been sharpen, and the outline of car is clearly visible."
1070,01635.png,Streetlight has Overexposure,Streetlight,Overexposure,Decrease Brightness,"The overexposure in the fusion image has been repaired, and the outline of streetlight is clearly visible."
1071,01636.png,Road has Motion Blur,Road,Motion Blur,Sharpen,"The motion Blur in the fusion image has been sharpen, and the outline of road is clearly visible."
1072,01638.png,Road has Overexposure,Road,Overexposure,Decrease Brightness,"The overexposure in the fusion image has been repaired, and the outline of road is clearly visible."
1073,01639.png,Road has Motion Blur,Road,Motion Blur,Sharpen,"The motion Blur in the fusion image has been sharpen, and the outline of road is clearly visible."
1074,01640.png,Road has Overexposure,Road,Overexposure,Decrease Brightness,"The overexposure in the fusion image has been repaired, and the outline of road is clearly visible."
1075,01641.png,Car has Overexposure,Car,Overexposure,Decrease Brightness,"The overexposure in the fusion image has been repaired, and the outline of car is clearly visible."
1076,01645.png,Car has Motion Blur,Car,Motion Blur,Sharpen,"The motion Blur in the fusion image has been sharpen, and the outline of car is clearly visible."
1077,01646.png,Car has Overexposure,Car,Overexposure,Decrease Brightness,"The overexposure in the fusion image has been repaired, and the outline of car is clearly visible."
1078,01647.png,Car has Overexposure,Car,Overexposure,Decrease Brightness,"The overexposure in the fusion image has been repaired, and the outline of car is clearly visible."
1079,01649.png,Car has Overexposure,Car,Overexposure,Decrease Brightness,"The overexposure in the fusion image has been repaired, and the outline of car is clearly visible."
1080,01650.png,Road has Overexposure,Road,Overexposure,Decrease Brightness,"The overexposure in the fusion image has been repaired, and the outline of road is clearly visible."
1081,01652.png,Car has Overexposure,Car,Overexposure,Decrease Brightness,"The overexposure in the fusion image has been repaired, and the outline of car is clearly visible."
1082,01653.png,Car has Overexposure,Car,Overexposure,Decrease Brightness,"The overexposure in the fusion image has been repaired, and the outline of car is clearly visible."
1083,01657.png,Car has Overexposure,Car,Overexposure,Decrease Brightness,"The overexposure in the fusion image has been repaired, and the outline of car is clearly visible."
1084,01658.png,Car has Overexposure,Car,Overexposure,Decrease Brightness,"The overexposure in the fusion image has been repaired, and the outline of car is clearly visible."
1085,01660.png,Car has Overexposure,Car,Overexposure,Decrease Brightness,"The overexposure in the fusion image has been repaired, and the outline of car is clearly visible."
1086,01662.png,Car has Overexposure,Car,Overexposure,Decrease Brightness,"The overexposure in the fusion image has been repaired, and the outline of car is clearly visible."
1087,01664.png,Car has Overexposure,Car,Overexposure,Decrease Brightness,"The overexposure in the fusion image has been repaired, and the outline of car is clearly visible."
1088,01667.png,Car has Overexposure,Car,Overexposure,Decrease Brightness,"The overexposure in the fusion image has been repaired, and the outline of car is clearly visible."
1089,01668.png,Car has Overexposure,Car,Overexposure,Decrease Brightness,"The overexposure in the fusion image has been repaired, and the outline of car is clearly visible."
1090,01669.png,Car has Overexposure,Car,Overexposure,Decrease Brightness,"The overexposure in the fusion image has been repaired, and the outline of car is clearly visible."
1091,01677.png,Car has Motion Blur,Car,Motion Blur,Sharpen,"The motion Blur in the fusion image has been sharpen, and the outline of car is clearly visible."
1092,01678.png,Car has Overexposure,Car,Overexposure,Decrease Brightness,"The overexposure in the fusion image has been repaired, and the outline of car is clearly visible."
1093,01679.png,Streetlight has Overexposure,Streetlight,Overexposure,Decrease Brightness,"The overexposure in the fusion image has been repaired, and the outline of streetlight is clearly visible."
1094,01680.png,Car has Overexposure,Car,Overexposure,Decrease Brightness,"The overexposure in the fusion image has been repaired, and the outline of car is clearly visible."
1095,01682.png,Car has Motion Blur,Car,Motion Blur,Sharpen,"The motion Blur in the fusion image has been sharpen, and the outline of car is clearly visible."
1096,01683.png,Car has Overexposure,Car,Overexposure,Decrease Brightness,"The overexposure in the fusion image has been repaired, and the outline of car is clearly visible."
1097,01685.png,Car has Overexposure,Car,Overexposure,Decrease Brightness,"The overexposure in the fusion image has been repaired, and the outline of car is clearly visible."
1098,01686.png,Car has Overexposure,Car,Overexposure,Decrease Brightness,"The overexposure in the fusion image has been repaired, and the outline of car is clearly visible."
1099,01690.png,Car has Overexposure,Car,Overexposure,Decrease Brightness,"The overexposure in the fusion image has been repaired, and the outline of car is clearly visible."
1100,01691.png,Road has Motion Blur,Road,Motion Blur,Sharpen,"The motion Blur in the fusion image has been sharpen, and the outline of road is clearly visible."
1101,01692.png,Road has Overexposure,Road,Overexposure,Decrease Brightness,"The overexposure in the fusion image has been repaired, and the outline of road is clearly visible."
1102,01693.png,Road has Overexposure,Road,Overexposure,Decrease Brightness,"The overexposure in the fusion image has been repaired, and the outline of road is clearly visible."
1103,01695.png,Road has Overexposure,Road,Overexposure,Decrease Brightness,"The overexposure in the fusion image has been repaired, and the outline of road is clearly visible."
1104,01696.png,Road has Overexposure,Road,Overexposure,Decrease Brightness,"The overexposure in the fusion image has been repaired, and the outline of road is clearly visible."
1105,01697.png,Road has Overexposure,Road,Overexposure,Decrease Brightness,"The overexposure in the fusion image has been repaired, and the outline of road is clearly visible."
1106,01699.png,Car has Motion Blur,Car,Motion Blur,Sharpen,"The motion Blur in the fusion image has been sharpen, and the outline of car is clearly visible."
1107,01700.png,Road has Overexposure,Road,Overexposure,Decrease Brightness,"The overexposure in the fusion image has been repaired, and the outline of road is clearly visible."
1108,01702.png,Road has Low Contrast,Road,Low Contrast,Enhance Contrast,"The contrast in the fusion image has been enhanced, and the outline of road is clearly visible."
1109,01703.png,Road has Overexposure,Road,Overexposure,Decrease Brightness,"The overexposure in the fusion image has been repaired, and the outline of road is clearly visible."
1110,01704.png,Road has Motion Blur,Road,Motion Blur,Sharpen,"The motion Blur in the fusion image has been sharpen, and the outline of road is clearly visible."
1111,01705.png,Road has Overexposure,Road,Overexposure,Decrease Brightness,"The overexposure in the fusion image has been repaired, and the outline of road is clearly visible."
1112,01706.png,Road has Overexposure,Road,Overexposure,Decrease Brightness,"The overexposure in the fusion image has been repaired, and the outline of road is clearly visible."
1113,01710.png,Road has Low Contrast,Road,Low Contrast,Enhance Contrast,"The contrast in the fusion image has been enhanced, and the outline of road is clearly visible."
1114,01713.png,Road has Overexposure,Road,Overexposure,Decrease Brightness,"The overexposure in the fusion image has been repaired, and the outline of road is clearly visible."
1115,01714.png,Car has Overexposure,Car,Overexposure,Decrease Brightness,"The overexposure in the fusion image has been repaired, and the outline of car is clearly visible."
1116,01716.png,Road has Overexposure,Road,Overexposure,Decrease Brightness,"The overexposure in the fusion image has been repaired, and the outline of road is clearly visible."
1117,01717.png,Streetlight has Overexposure,Streetlight,Overexposure,Decrease Brightness,"The overexposure in the fusion image has been repaired, and the outline of streetlight is clearly visible."
1118,01722.png,Road has Overexposure,Road,Overexposure,Decrease Brightness,"The overexposure in the fusion image has been repaired, and the outline of road is clearly visible."
1119,01723.png,Car has Low Contrast,Car,Low Contrast,Enhance Contrast,"The contrast in the fusion image has been enhanced, and the outline of car is clearly visible."
1120,01724.png,Car has Overexposure,Car,Overexposure,Decrease Brightness,"The overexposure in the fusion image has been repaired, and the outline of car is clearly visible."
1121,01725.png,Car has Overexposure,Car,Overexposure,Decrease Brightness,"The overexposure in the fusion image has been repaired, and the outline of car is clearly visible."
1122,01726.png,Car has Overexposure,Car,Overexposure,Decrease Brightness,"The overexposure in the fusion image has been repaired, and the outline of car is clearly visible."
1123,01728.png,Car has Overexposure,Car,Overexposure,Decrease Brightness,"The overexposure in the fusion image has been repaired, and the outline of car is clearly visible."
1124,01729.png,Car has Overexposure,Car,Overexposure,Decrease Brightness,"The overexposure in the fusion image has been repaired, and the outline of car is clearly visible."
1125,01730.png,Car has Overexposure,Car,Overexposure,Decrease Brightness,"The overexposure in the fusion image has been repaired, and the outline of car is clearly visible."
1126,01731.png,Car has Overexposure,Car,Overexposure,Decrease Brightness,"The overexposure in the fusion image has been repaired, and the outline of car is clearly visible."
1127,01732.png,Car has Overexposure,Car,Overexposure,Decrease Brightness,"The overexposure in the fusion image has been repaired, and the outline of car is clearly visible."
1128,01733.png,Car has Overexposure,Car,Overexposure,Decrease Brightness,"The overexposure in the fusion image has been repaired, and the outline of car is clearly visible."
1129,01735.png,Car has Overexposure,Car,Overexposure,Decrease Brightness,"The overexposure in the fusion image has been repaired, and the outline of car is clearly visible."
1130,01736.png,Car has Overexposure,Car,Overexposure,Decrease Brightness,"The overexposure in the fusion image has been repaired, and the outline of car is clearly visible."
1131,01737.png,Streetlight has Overexposure,Streetlight,Overexposure,Decrease Brightness,"The overexposure in the fusion image has been repaired, and the outline of streetlight is clearly visible."
1132,01738.png,Streetlight has Overexposure,Streetlight,Overexposure,Decrease Brightness,"The overexposure in the fusion image has been repaired, and the outline of streetlight is clearly visible."
1133,01739.png,Streetlight has Overexposure,Streetlight,Overexposure,Decrease Brightness,"The overexposure in the fusion image has been repaired, and the outline of streetlight is clearly visible."
1134,01740.png,Streetlight has Overexposure,Streetlight,Overexposure,Decrease Brightness,"The overexposure in the fusion image has been repaired, and the outline of streetlight is clearly visible."
1135,01741.png,Streetlight has Overexposure,Streetlight,Overexposure,Decrease Brightness,"The overexposure in the fusion image has been repaired, and the outline of streetlight is clearly visible."
1136,01743.png,Streetlight has Overexposure,Streetlight,Overexposure,Decrease Brightness,"The overexposure in the fusion image has been repaired, and the outline of streetlight is clearly visible."
1137,01744.png,Streetlight has Overexposure,Streetlight,Overexposure,Decrease Brightness,"The overexposure in the fusion image has been repaired, and the outline of streetlight is clearly visible."
1138,01745.png,Road has Overexposure,Road,Overexposure,Decrease Brightness,"The overexposure in the fusion image has been repaired, and the outline of road is clearly visible."
1139,01746.png,Road has Overexposure,Road,Overexposure,Decrease Brightness,"The overexposure in the fusion image has been repaired, and the outline of road is clearly visible."
1140,01747.png,Car has Overexposure,Car,Overexposure,Decrease Brightness,"The overexposure in the fusion image has been repaired, and the outline of car is clearly visible."
1141,01748.png,Road has Overexposure,Road,Overexposure,Decrease Brightness,"The overexposure in the fusion image has been repaired, and the outline of road is clearly visible."
1142,01749.png,Road has Overexposure,Road,Overexposure,Decrease Brightness,"The overexposure in the fusion image has been repaired, and the outline of road is clearly visible."
1143,01750.png,Road has Overexposure,Road,Overexposure,Decrease Brightness,"The overexposure in the fusion image has been repaired, and the outline of road is clearly visible."
1144,01751.png,Road has Low Contrast,Road,Low Contrast,Enhance Contrast,"The contrast in the fusion image has been enhanced, and the outline of road is clearly visible."
1145,01752.png,Road has Low Contrast,Road,Low Contrast,Enhance Contrast,"The contrast in the fusion image has been enhanced, and the outline of road is clearly visible."
1146,01755.png,Streetlight has Overexposure,Streetlight,Overexposure,Decrease Brightness,"The overexposure in the fusion image has been repaired, and the outline of streetlight is clearly visible."
1147,01757.png,Car has Overexposure,Car,Overexposure,Decrease Brightness,"The overexposure in the fusion image has been repaired, and the outline of car is clearly visible."
1148,01759.png,Car has Overexposure,Car,Overexposure,Decrease Brightness,"The overexposure in the fusion image has been repaired, and the outline of car is clearly visible."
1149,01760.png,Car has Motion Blur,Car,Motion Blur,Sharpen,"The motion Blur in the fusion image has been sharpen, and the outline of car is clearly visible."
1150,01762.png,Car has Overexposure,Car,Overexposure,Decrease Brightness,"The overexposure in the fusion image has been repaired, and the outline of car is clearly visible."
1151,01763.png,Car has Overexposure,Car,Overexposure,Decrease Brightness,"The overexposure in the fusion image has been repaired, and the outline of car is clearly visible."
1152,01764.png,Car has Motion Blur,Car,Motion Blur,Sharpen,"The motion Blur in the fusion image has been sharpen, and the outline of car is clearly visible."
1153,01765.png,Car has Overexposure,Car,Overexposure,Decrease Brightness,"The overexposure in the fusion image has been repaired, and the outline of car is clearly visible."
1154,01767.png,Car has Overexposure,Car,Overexposure,Decrease Brightness,"The overexposure in the fusion image has been repaired, and the outline of car is clearly visible."
1155,01768.png,Car has Overexposure,Car,Overexposure,Decrease Brightness,"The overexposure in the fusion image has been repaired, and the outline of car is clearly visible."
1156,01769.png,Streetlight has Overexposure,Streetlight,Overexposure,Decrease Brightness,"The overexposure in the fusion image has been repaired, and the outline of streetlight is clearly visible."
1157,01771.png,Streetlight has Overexposure,Streetlight,Overexposure,Decrease Brightness,"The overexposure in the fusion image has been repaired, and the outline of streetlight is clearly visible."
1158,01772.png,Streetlight has Overexposure,Streetlight,Overexposure,Decrease Brightness,"The overexposure in the fusion image has been repaired, and the outline of streetlight is clearly visible."
1159,01773.png,Streetlight has Overexposure,Streetlight,Overexposure,Decrease Brightness,"The overexposure in the fusion image has been repaired, and the outline of streetlight is clearly visible."
1160,01774.png,Road has Motion Blur,Road,Motion Blur,Sharpen,"The motion Blur in the fusion image has been sharpen, and the outline of road is clearly visible."
1161,01777.png,Streetlight has Overexposure,Streetlight,Overexposure,Decrease Brightness,"The overexposure in the fusion image has been repaired, and the outline of streetlight is clearly visible."
1162,01778.png,Car has Overexposure,Car,Overexposure,Decrease Brightness,"The overexposure in the fusion image has been repaired, and the outline of car is clearly visible."
1163,01779.png,Streetlight has Overexposure,Streetlight,Overexposure,Decrease Brightness,"The overexposure in the fusion image has been repaired, and the outline of streetlight is clearly visible."
1164,01780.png,Road has Motion Blur,Road,Motion Blur,Sharpen,"The motion Blur in the fusion image has been sharpen, and the outline of road is clearly visible."
1165,01782.png,Road has Overexposure,Road,Overexposure,Decrease Brightness,"The overexposure in the fusion image has been repaired, and the outline of road is clearly visible."
1166,01786.png,Road has Motion Blur,Road,Motion Blur,Sharpen,"The motion Blur in the fusion image has been sharpen, and the outline of road is clearly visible."
1167,01787.png,Road has Motion Blur,Road,Motion Blur,Sharpen,"The motion Blur in the fusion image has been sharpen, and the outline of road is clearly visible."
1168,01788.png,Road has Motion Blur,Road,Motion Blur,Sharpen,"The motion Blur in the fusion image has been sharpen, and the outline of road is clearly visible."
1169,01790.png,Streetlight has Overexposure,Streetlight,Overexposure,Decrease Brightness,"The overexposure in the fusion image has been repaired, and the outline of streetlight is clearly visible."
1170,01791.png,Streetlight has Overexposure,Streetlight,Overexposure,Decrease Brightness,"The overexposure in the fusion image has been repaired, and the outline of streetlight is clearly visible."
1171,01792.png,Road has Motion Blur,Road,Motion Blur,Sharpen,"The motion Blur in the fusion image has been sharpen, and the outline of road is clearly visible."
1172,01793.png,Road has Overexposure,Road,Overexposure,Decrease Brightness,"The overexposure in the fusion image has been repaired, and the outline of road is clearly visible."
1173,01795.png,Streetlight has Overexposure,Streetlight,Overexposure,Decrease Brightness,"The overexposure in the fusion image has been repaired, and the outline of streetlight is clearly visible."
1174,01796.png,Streetlight has Overexposure,Streetlight,Overexposure,Decrease Brightness,"The overexposure in the fusion image has been repaired, and the outline of streetlight is clearly visible."
1175,01797.png,Streetlight has Overexposure,Streetlight,Overexposure,Decrease Brightness,"The overexposure in the fusion image has been repaired, and the outline of streetlight is clearly visible."
1176,01798.png,Streetlight has Overexposure,Streetlight,Overexposure,Decrease Brightness,"The overexposure in the fusion image has been repaired, and the outline of streetlight is clearly visible."
1177,01799.png,Streetlight has Overexposure,Streetlight,Overexposure,Decrease Brightness,"The overexposure in the fusion image has been repaired, and the outline of streetlight is clearly visible."
1178,01800.png,Road has Overexposure,Road,Overexposure,Decrease Brightness,"The overexposure in the fusion image has been repaired, and the outline of road is clearly visible."
1179,01803.png,Streetlight has Overexposure,Streetlight,Overexposure,Decrease Brightness,"The overexposure in the fusion image has been repaired, and the outline of streetlight is clearly visible."
1180,01804.png,Road has Motion Blur,Road,Motion Blur,Sharpen,"The motion Blur in the fusion image has been sharpen, and the outline of road is clearly visible."
1181,01805.png,Road has Motion Blur,Road,Motion Blur,Sharpen,"The motion Blur in the fusion image has been sharpen, and the outline of road is clearly visible."
1182,01806.png,Road has Motion Blur,Road,Motion Blur,Sharpen,"The motion Blur in the fusion image has been sharpen, and the outline of road is clearly visible."
1183,01807.png,Road has Motion Blur,Road,Motion Blur,Sharpen,"The motion Blur in the fusion image has been sharpen, and the outline of road is clearly visible."
1184,01809.png,Road has Motion Blur,Road,Motion Blur,Sharpen,"The motion Blur in the fusion image has been sharpen, and the outline of road is clearly visible."
1185,01810.png,Road has Motion Blur,Road,Motion Blur,Sharpen,"The motion Blur in the fusion image has been sharpen, and the outline of road is clearly visible."
1186,01812.png,Road has Motion Blur,Road,Motion Blur,Sharpen,"The motion Blur in the fusion image has been sharpen, and the outline of road is clearly visible."
1187,01814.png,Streetlight has Overexposure,Streetlight,Overexposure,Decrease Brightness,"The overexposure in the fusion image has been repaired, and the outline of streetlight is clearly visible."
1188,01815.png,Streetlight has Overexposure,Streetlight,Overexposure,Decrease Brightness,"The overexposure in the fusion image has been repaired, and the outline of streetlight is clearly visible."
1189,01817.png,Streetlight has Overexposure,Streetlight,Overexposure,Decrease Brightness,"The overexposure in the fusion image has been repaired, and the outline of streetlight is clearly visible."
1190,01820.png,Car has Overexposure,Car,Overexposure,Decrease Brightness,"The overexposure in the fusion image has been repaired, and the outline of car is clearly visible."
1191,01821.png,Car has Overexposure,Car,Overexposure,Decrease Brightness,"The overexposure in the fusion image has been repaired, and the outline of car is clearly visible."
1192,01825.png,Streetlight has Overexposure,Streetlight,Overexposure,Decrease Brightness,"The overexposure in the fusion image has been repaired, and the outline of streetlight is clearly visible."
1193,01830.png,Car has Overexposure,Car,Overexposure,Decrease Brightness,"The overexposure in the fusion image has been repaired, and the outline of car is clearly visible."
1194,01831.png,Road has Overexposure,Road,Overexposure,Decrease Brightness,"The overexposure in the fusion image has been repaired, and the outline of road is clearly visible."
1195,01833.png,Streetlight has Overexposure,Streetlight,Overexposure,Decrease Brightness,"The overexposure in the fusion image has been repaired, and the outline of streetlight is clearly visible."
1196,01834.png,Streetlight has Overexposure,Streetlight,Overexposure,Decrease Brightness,"The overexposure in the fusion image has been repaired, and the outline of streetlight is clearly visible."
1197,01835.png,Car has Overexposure,Car,Overexposure,Decrease Brightness,"The overexposure in the fusion image has been repaired, and the outline of car is clearly visible."
1198,01836.png,Road has Overexposure,Road,Overexposure,Decrease Brightness,"The overexposure in the fusion image has been repaired, and the outline of road is clearly visible."
1199,01837.png,Streetlight has Overexposure,Streetlight,Overexposure,Decrease Brightness,"The overexposure in the fusion image has been repaired, and the outline of streetlight is clearly visible."
1200,01839.png,Streetlight has Overexposure,Streetlight,Overexposure,Decrease Brightness,"The overexposure in the fusion image has been repaired, and the outline of streetlight is clearly visible."
1201,01840.png,Streetlight has Overexposure,Streetlight,Overexposure,Decrease Brightness,"The overexposure in the fusion image has been repaired, and the outline of streetlight is clearly visible."
1202,01841.png,Streetlight has Overexposure,Streetlight,Overexposure,Decrease Brightness,"The overexposure in the fusion image has been repaired, and the outline of streetlight is clearly visible."
1203,01843.png,Streetlight has Overexposure,Streetlight,Overexposure,Decrease Brightness,"The overexposure in the fusion image has been repaired, and the outline of streetlight is clearly visible."
1204,01844.png,Streetlight has Overexposure,Streetlight,Overexposure,Decrease Brightness,"The overexposure in the fusion image has been repaired, and the outline of streetlight is clearly visible."
1205,01845.png,Car has Overexposure,Car,Overexposure,Decrease Brightness,"The overexposure in the fusion image has been repaired, and the outline of car is clearly visible."
1206,01847.png,Streetlight has Overexposure,Streetlight,Overexposure,Decrease Brightness,"The overexposure in the fusion image has been repaired, and the outline of streetlight is clearly visible."
1207,01849.png,Streetlight has Overexposure,Streetlight,Overexposure,Decrease Brightness,"The overexposure in the fusion image has been repaired, and the outline of streetlight is clearly visible."
1208,01850.png,Car has Overexposure,Car,Overexposure,Decrease Brightness,"The overexposure in the fusion image has been repaired, and the outline of car is clearly visible."
1209,01853.png,Car has Overexposure,Car,Overexposure,Decrease Brightness,"The overexposure in the fusion image has been repaired, and the outline of car is clearly visible."
1210,01855.png,Streetlight has Overexposure,Streetlight,Overexposure,Decrease Brightness,"The overexposure in the fusion image has been repaired, and the outline of streetlight is clearly visible."
1211,01858.png,Car has Overexposure,Car,Overexposure,Decrease Brightness,"The overexposure in the fusion image has been repaired, and the outline of car is clearly visible."
1212,01859.png,Streetlight has Overexposure,Streetlight,Overexposure,Decrease Brightness,"The overexposure in the fusion image has been repaired, and the outline of streetlight is clearly visible."
1213,01861.png,Streetlight has Overexposure,Streetlight,Overexposure,Decrease Brightness,"The overexposure in the fusion image has been repaired, and the outline of streetlight is clearly visible."
1214,01862.png,Streetlight has Overexposure,Streetlight,Overexposure,Decrease Brightness,"The overexposure in the fusion image has been repaired, and the outline of streetlight is clearly visible."
1215,01863.png,Road has Motion Blur,Road,Motion Blur,Sharpen,"The motion Blur in the fusion image has been sharpen, and the outline of road is clearly visible."
1216,01864.png,Car has Overexposure,Car,Overexposure,Decrease Brightness,"The overexposure in the fusion image has been repaired, and the outline of car is clearly visible."
1217,01868.png,Road has Motion Blur,Road,Motion Blur,Sharpen,"The motion Blur in the fusion image has been sharpen, and the outline of road is clearly visible."
1218,01869.png,Road has Overexposure,Road,Overexposure,Decrease Brightness,"The overexposure in the fusion image has been repaired, and the outline of road is clearly visible."
1219,01870.png,Car has Motion Blur,Car,Motion Blur,Sharpen,"The motion Blur in the fusion image has been sharpen, and the outline of car is clearly visible."
1220,01873.png,Car has Motion Blur,Car,Motion Blur,Sharpen,"The motion Blur in the fusion image has been sharpen, and the outline of car is clearly visible."
1221,01874.png,Car has Overexposure,Car,Overexposure,Decrease Brightness,"The overexposure in the fusion image has been repaired, and the outline of car is clearly visible."
1222,01875.png,Car has Overexposure,Car,Overexposure,Decrease Brightness,"The overexposure in the fusion image has been repaired, and the outline of car is clearly visible."
1223,01882.png,Car has Overexposure,Car,Overexposure,Decrease Brightness,"The overexposure in the fusion image has been repaired, and the outline of car is clearly visible."
1224,01887.png,Road has Overexposure,Road,Overexposure,Decrease Brightness,"The overexposure in the fusion image has been repaired, and the outline of road is clearly visible."
1225,01888.png,Car has Overexposure,Car,Overexposure,Decrease Brightness,"The overexposure in the fusion image has been repaired, and the outline of car is clearly visible."
1226,01889.png,Car has Overexposure,Car,Overexposure,Decrease Brightness,"The overexposure in the fusion image has been repaired, and the outline of car is clearly visible."
1227,01890.png,Car has Overexposure,Car,Overexposure,Decrease Brightness,"The overexposure in the fusion image has been repaired, and the outline of car is clearly visible."
1228,01892.png,Road has Motion Blur,Road,Motion Blur,Sharpen,"The motion Blur in the fusion image has been sharpen, and the outline of road is clearly visible."
1229,01893.png,Road has Motion Blur,Road,Motion Blur,Sharpen,"The motion Blur in the fusion image has been sharpen, and the outline of road is clearly visible."
1230,01895.png,Streetlight has Overexposure,Streetlight,Overexposure,Decrease Brightness,"The overexposure in the fusion image has been repaired, and the outline of streetlight is clearly visible."
1231,01897.png,Streetlight has Overexposure,Streetlight,Overexposure,Decrease Brightness,"The overexposure in the fusion image has been repaired, and the outline of streetlight is clearly visible."
1232,01899.png,Streetlight has Overexposure,Streetlight,Overexposure,Decrease Brightness,"The overexposure in the fusion image has been repaired, and the outline of streetlight is clearly visible."
1233,01900.png,Road has Motion Blur,Road,Motion Blur,Sharpen,"The motion Blur in the fusion image has been sharpen, and the outline of road is clearly visible."
1234,01901.png,Streetlight has Overexposure,Streetlight,Overexposure,Decrease Brightness,"The overexposure in the fusion image has been repaired, and the outline of streetlight is clearly visible."
1235,01903.png,Streetlight has Overexposure,Streetlight,Overexposure,Decrease Brightness,"The overexposure in the fusion image has been repaired, and the outline of streetlight is clearly visible."
1236,01904.png,Road has Overexposure,Road,Overexposure,Decrease Brightness,"The overexposure in the fusion image has been repaired, and the outline of road is clearly visible."
1237,01905.png,Road has Low Contrast,Road,Low Contrast,Enhance Contrast,"The contrast in the fusion image has been enhanced, and the outline of road is clearly visible."
1238,01906.png,Streetlight has Overexposure,Streetlight,Overexposure,Decrease Brightness,"The overexposure in the fusion image has been repaired, and the outline of streetlight is clearly visible."
1239,01908.png,Road has Overexposure,Road,Overexposure,Decrease Brightness,"The overexposure in the fusion image has been repaired, and the outline of road is clearly visible."
1240,01909.png,Streetlight has Overexposure,Streetlight,Overexposure,Decrease Brightness,"The overexposure in the fusion image has been repaired, and the outline of streetlight is clearly visible."
1241,01910.png,Streetlight has Overexposure,Streetlight,Overexposure,Decrease Brightness,"The overexposure in the fusion image has been repaired, and the outline of streetlight is clearly visible."
1242,01911.png,Streetlight has Overexposure,Streetlight,Overexposure,Decrease Brightness,"The overexposure in the fusion image has been repaired, and the outline of streetlight is clearly visible."
1243,01912.png,Streetlight has Overexposure,Streetlight,Overexposure,Decrease Brightness,"The overexposure in the fusion image has been repaired, and the outline of streetlight is clearly visible."
1244,01914.png,Streetlight has Overexposure,Streetlight,Overexposure,Decrease Brightness,"The overexposure in the fusion image has been repaired, and the outline of streetlight is clearly visible."
1245,01915.png,Streetlight has Overexposure,Streetlight,Overexposure,Decrease Brightness,"The overexposure in the fusion image has been repaired, and the outline of streetlight is clearly visible."
1246,01916.png,Streetlight has Overexposure,Streetlight,Overexposure,Decrease Brightness,"The overexposure in the fusion image has been repaired, and the outline of streetlight is clearly visible."
1247,01917.png,Streetlight has Overexposure,Streetlight,Overexposure,Decrease Brightness,"The overexposure in the fusion image has been repaired, and the outline of streetlight is clearly visible."
1248,01922.png,Streetlight has Overexposure,Streetlight,Overexposure,Decrease Brightness,"The overexposure in the fusion image has been repaired, and the outline of streetlight is clearly visible."
1249,01923.png,Road has Overexposure,Road,Overexposure,Decrease Brightness,"The overexposure in the fusion image has been repaired, and the outline of road is clearly visible."
1250,01926.png,Streetlight has Overexposure,Streetlight,Overexposure,Decrease Brightness,"The overexposure in the fusion image has been repaired, and the outline of streetlight is clearly visible."
1251,01927.png,Streetlight has Overexposure,Streetlight,Overexposure,Decrease Brightness,"The overexposure in the fusion image has been repaired, and the outline of streetlight is clearly visible."
1252,01928.png,Streetlight has Overexposure,Streetlight,Overexposure,Decrease Brightness,"The overexposure in the fusion image has been repaired, and the outline of streetlight is clearly visible."
1253,01929.png,Streetlight has Overexposure,Streetlight,Overexposure,Decrease Brightness,"The overexposure in the fusion image has been repaired, and the outline of streetlight is clearly visible."
1254,01934.png,Road has Overexposure,Road,Overexposure,Decrease Brightness,"The overexposure in the fusion image has been repaired, and the outline of road is clearly visible."
1255,01937.png,Streetlight has Overexposure,Streetlight,Overexposure,Decrease Brightness,"The overexposure in the fusion image has been repaired, and the outline of streetlight is clearly visible."
1256,01938.png,Streetlight has Overexposure,Streetlight,Overexposure,Decrease Brightness,"The overexposure in the fusion image has been repaired, and the outline of streetlight is clearly visible."
1257,01945.png,Car has Overexposure,Car,Overexposure,Decrease Brightness,"The overexposure in the fusion image has been repaired, and the outline of car is clearly visible."
1258,01946.png,Road has Overexposure,Road,Overexposure,Decrease Brightness,"The overexposure in the fusion image has been repaired, and the outline of road is clearly visible."
1259,01947.png,Streetlight has Overexposure,Streetlight,Overexposure,Decrease Brightness,"The overexposure in the fusion image has been repaired, and the outline of streetlight is clearly visible."
1260,01949.png,Streetlight has Overexposure,Streetlight,Overexposure,Decrease Brightness,"The overexposure in the fusion image has been repaired, and the outline of streetlight is clearly visible."
1261,01952.png,Streetlight has Overexposure,Streetlight,Overexposure,Decrease Brightness,"The overexposure in the fusion image has been repaired, and the outline of streetlight is clearly visible."
1262,01956.png,Road has Motion Blur,Road,Motion Blur,Sharpen,"The motion Blur in the fusion image has been sharpen, and the outline of road is clearly visible."
1263,01959.png,Streetlight has Overexposure,Streetlight,Overexposure,Decrease Brightness,"The overexposure in the fusion image has been repaired, and the outline of streetlight is clearly visible."
1264,01965.png,Streetlight has Overexposure,Streetlight,Overexposure,Decrease Brightness,"The overexposure in the fusion image has been repaired, and the outline of streetlight is clearly visible."
1265,01966.png,Road has Overexposure,Road,Overexposure,Decrease Brightness,"The overexposure in the fusion image has been repaired, and the outline of road is clearly visible."
1266,01967.png,Road has Motion Blur,Road,Motion Blur,Sharpen,"The motion Blur in the fusion image has been sharpen, and the outline of road is clearly visible."
1267,01968.png,Streetlight has Overexposure,Streetlight,Overexposure,Decrease Brightness,"The overexposure in the fusion image has been repaired, and the outline of streetlight is clearly visible."
1268,01969.png,Road has Overexposure,Road,Overexposure,Decrease Brightness,"The overexposure in the fusion image has been repaired, and the outline of road is clearly visible."
1269,01971.png,Road has Motion Blur,Road,Motion Blur,Sharpen,"The motion Blur in the fusion image has been sharpen, and the outline of road is clearly visible."
1270,01972.png,Road has Motion Blur,Road,Motion Blur,Sharpen,"The motion Blur in the fusion image has been sharpen, and the outline of road is clearly visible."
1271,01974.png,Road has Motion Blur,Road,Motion Blur,Sharpen,"The motion Blur in the fusion image has been sharpen, and the outline of road is clearly visible."
1272,01977.png,Car has Motion Blur,Car,Motion Blur,Sharpen,"The motion Blur in the fusion image has been sharpen, and the outline of car is clearly visible."
1273,01979.png,Streetlight has Overexposure,Streetlight,Overexposure,Decrease Brightness,"The overexposure in the fusion image has been repaired, and the outline of streetlight is clearly visible."
1274,01980.png,Streetlight has Overexposure,Streetlight,Overexposure,Decrease Brightness,"The overexposure in the fusion image has been repaired, and the outline of streetlight is clearly visible."
1275,01985.png,Streetlight has Overexposure,Streetlight,Overexposure,Decrease Brightness,"The overexposure in the fusion image has been repaired, and the outline of streetlight is clearly visible."
1276,01989.png,Road has Motion Blur,Road,Motion Blur,Sharpen,"The motion Blur in the fusion image has been sharpen, and the outline of road is clearly visible."
1277,01990.png,Streetlight has Overexposure,Streetlight,Overexposure,Decrease Brightness,"The overexposure in the fusion image has been repaired, and the outline of streetlight is clearly visible."
1278,01992.png,Road has Overexposure,Road,Overexposure,Decrease Brightness,"The overexposure in the fusion image has been repaired, and the outline of road is clearly visible."
1279,01996.png,Road has Overexposure,Road,Overexposure,Decrease Brightness,"The overexposure in the fusion image has been repaired, and the outline of road is clearly visible."
1280,01998.png,Streetlight has Overexposure,Streetlight,Overexposure,Decrease Brightness,"The overexposure in the fusion image has been repaired, and the outline of streetlight is clearly visible."
1281,02000.png,Streetlight has Overexposure,Streetlight,Overexposure,Decrease Brightness,"The overexposure in the fusion image has been repaired, and the outline of streetlight is clearly visible."
1282,02001.png,Streetlight has Overexposure,Streetlight,Overexposure,Decrease Brightness,"The overexposure in the fusion image has been repaired, and the outline of streetlight is clearly visible."
1283,02003.png,Road has Overexposure,Road,Overexposure,Decrease Brightness,"The overexposure in the fusion image has been repaired, and the outline of road is clearly visible."
1284,02005.png,Road has Motion Blur,Road,Motion Blur,Sharpen,"The motion Blur in the fusion image has been sharpen, and the outline of road is clearly visible."
1285,02006.png,Road has Motion Blur,Road,Motion Blur,Sharpen,"The motion Blur in the fusion image has been sharpen, and the outline of road is clearly visible."
1286,02007.png,Road has Motion Blur,Road,Motion Blur,Sharpen,"The motion Blur in the fusion image has been sharpen, and the outline of road is clearly visible."
1287,02008.png,Road has Motion Blur,Road,Motion Blur,Sharpen,"The motion Blur in the fusion image has been sharpen, and the outline of road is clearly visible."
1288,02009.png,Road has Overexposure,Road,Overexposure,Decrease Brightness,"The overexposure in the fusion image has been repaired, and the outline of road is clearly visible."
1289,02011.png,Road has Overexposure,Road,Overexposure,Decrease Brightness,"The overexposure in the fusion image has been repaired, and the outline of road is clearly visible."
1290,02012.png,Streetlight has Overexposure,Streetlight,Overexposure,Decrease Brightness,"The overexposure in the fusion image has been repaired, and the outline of streetlight is clearly visible."
1291,02013.png,Road has Motion Blur,Road,Motion Blur,Sharpen,"The motion Blur in the fusion image has been sharpen, and the outline of road is clearly visible."
1292,02014.png,Road has Motion Blur,Road,Motion Blur,Sharpen,"The motion Blur in the fusion image has been sharpen, and the outline of road is clearly visible."
1293,02015.png,Road has Overexposure,Road,Overexposure,Decrease Brightness,"The overexposure in the fusion image has been repaired, and the outline of road is clearly visible."
1294,02016.png,Road has Overexposure,Road,Overexposure,Decrease Brightness,"The overexposure in the fusion image has been repaired, and the outline of road is clearly visible."
1295,02017.png,Car has Overexposure,Car,Overexposure,Decrease Brightness,"The overexposure in the fusion image has been repaired, and the outline of car is clearly visible."
1296,02018.png,Road has Motion Blur,Road,Motion Blur,Sharpen,"The motion Blur in the fusion image has been sharpen, and the outline of road is clearly visible."
1297,02019.png,Streetlight has Overexposure,Streetlight,Overexposure,Decrease Brightness,"The overexposure in the fusion image has been repaired, and the outline of streetlight is clearly visible."
1298,02022.png,Road has Motion Blur,Road,Motion Blur,Sharpen,"The motion Blur in the fusion image has been sharpen, and the outline of road is clearly visible."
1299,02024.png,Streetlight has Overexposure,Streetlight,Overexposure,Decrease Brightness,"The overexposure in the fusion image has been repaired, and the outline of streetlight is clearly visible."
1300,02026.png,Car has Overexposure,Car,Overexposure,Decrease Brightness,"The overexposure in the fusion image has been repaired, and the outline of car is clearly visible."
1301,02027.png,Car has Motion Blur,Car,Motion Blur,Sharpen,"The motion Blur in the fusion image has been sharpen, and the outline of car is clearly visible."
1302,02029.png,Car has Overexposure,Car,Overexposure,Decrease Brightness,"The overexposure in the fusion image has been repaired, and the outline of car is clearly visible."
1303,02030.png,Car has Motion Blur,Car,Motion Blur,Sharpen,"The motion Blur in the fusion image has been sharpen, and the outline of car is clearly visible."
1304,02031.png,Road has Overexposure,Road,Overexposure,Decrease Brightness,"The overexposure in the fusion image has been repaired, and the outline of road is clearly visible."
1305,02033.png,Car has Motion Blur,Car,Motion Blur,Sharpen,"The motion Blur in the fusion image has been sharpen, and the outline of car is clearly visible."
1306,02034.png,Car has Motion Blur,Car,Motion Blur,Sharpen,"The motion Blur in the fusion image has been sharpen, and the outline of car is clearly visible."
1307,02038.png,Streetlight has Overexposure,Streetlight,Overexposure,Decrease Brightness,"The overexposure in the fusion image has been repaired, and the outline of streetlight is clearly visible."
1308,02039.png,Streetlight has Overexposure,Streetlight,Overexposure,Decrease Brightness,"The overexposure in the fusion image has been repaired, and the outline of streetlight is clearly visible."
1309,02040.png,Streetlight has Overexposure,Streetlight,Overexposure,Decrease Brightness,"The overexposure in the fusion image has been repaired, and the outline of streetlight is clearly visible."
1310,02041.png,Streetlight has Overexposure,Streetlight,Overexposure,Decrease Brightness,"The overexposure in the fusion image has been repaired, and the outline of streetlight is clearly visible."
1311,02042.png,Road has Overexposure,Road,Overexposure,Decrease Brightness,"The overexposure in the fusion image has been repaired, and the outline of road is clearly visible."
1312,02043.png,Road has Overexposure,Road,Overexposure,Decrease Brightness,"The overexposure in the fusion image has been repaired, and the outline of road is clearly visible."
1313,02044.png,Car has Motion Blur,Car,Motion Blur,Sharpen,"The motion Blur in the fusion image has been sharpen, and the outline of car is clearly visible."
1314,02045.png,Streetlight has Overexposure,Streetlight,Overexposure,Decrease Brightness,"The overexposure in the fusion image has been repaired, and the outline of streetlight is clearly visible."
1315,02047.png,Streetlight has Overexposure,Streetlight,Overexposure,Decrease Brightness,"The overexposure in the fusion image has been repaired, and the outline of streetlight is clearly visible."
1316,02048.png,Streetlight has Overexposure,Streetlight,Overexposure,Decrease Brightness,"The overexposure in the fusion image has been repaired, and the outline of streetlight is clearly visible."
1317,02049.png,Car has Motion Blur,Car,Motion Blur,Sharpen,"The motion Blur in the fusion image has been sharpen, and the outline of car is clearly visible."
1318,02051.png,Car has Overexposure,Car,Overexposure,Decrease Brightness,"The overexposure in the fusion image has been repaired, and the outline of car is clearly visible."
1319,02053.png,Streetlight has Overexposure,Streetlight,Overexposure,Decrease Brightness,"The overexposure in the fusion image has been repaired, and the outline of streetlight is clearly visible."
1320,02055.png,Road has Motion Blur,Road,Motion Blur,Sharpen,"The motion Blur in the fusion image has been sharpen, and the outline of road is clearly visible."
1321,02058.png,Road has Motion Blur,Road,Motion Blur,Sharpen,"The motion Blur in the fusion image has been sharpen, and the outline of road is clearly visible."
1322,02063.png,Road has Overexposure,Road,Overexposure,Decrease Brightness,"The overexposure in the fusion image has been repaired, and the outline of road is clearly visible."
1323,02064.png,Road has Overexposure,Road,Overexposure,Decrease Brightness,"The overexposure in the fusion image has been repaired, and the outline of road is clearly visible."
1324,02065.png,Car has Overexposure,Car,Overexposure,Decrease Brightness,"The overexposure in the fusion image has been repaired, and the outline of car is clearly visible."
1325,02066.png,Road has Motion Blur,Road,Motion Blur,Sharpen,"The motion Blur in the fusion image has been sharpen, and the outline of road is clearly visible."
1326,02067.png,Streetlight has Overexposure,Streetlight,Overexposure,Decrease Brightness,"The overexposure in the fusion image has been repaired, and the outline of streetlight is clearly visible."
1327,02068.png,Streetlight has Overexposure,Streetlight,Overexposure,Decrease Brightness,"The overexposure in the fusion image has been repaired, and the outline of streetlight is clearly visible."
1328,02069.png,Streetlight has Overexposure,Streetlight,Overexposure,Decrease Brightness,"The overexposure in the fusion image has been repaired, and the outline of streetlight is clearly visible."
1329,02070.png,Streetlight has Overexposure,Streetlight,Overexposure,Decrease Brightness,"The overexposure in the fusion image has been repaired, and the outline of streetlight is clearly visible."
1330,02072.png,Road has Motion Blur,Road,Motion Blur,Sharpen,"The motion Blur in the fusion image has been sharpen, and the outline of road is clearly visible."
1331,02073.png,Road has Overexposure,Road,Overexposure,Decrease Brightness,"The overexposure in the fusion image has been repaired, and the outline of road is clearly visible."
1332,02076.png,Car has Overexposure,Car,Overexposure,Decrease Brightness,"The overexposure in the fusion image has been repaired, and the outline of car is clearly visible."
1333,02077.png,Road has Motion Blur,Road,Motion Blur,Sharpen,"The motion Blur in the fusion image has been sharpen, and the outline of road is clearly visible."
1334,02078.png,Road has Overexposure,Road,Overexposure,Decrease Brightness,"The overexposure in the fusion image has been repaired, and the outline of road is clearly visible."
1335,02079.png,Car has Overexposure,Car,Overexposure,Decrease Brightness,"The overexposure in the fusion image has been repaired, and the outline of car is clearly visible."
1336,02081.png,Road has Overexposure,Road,Overexposure,Decrease Brightness,"The overexposure in the fusion image has been repaired, and the outline of road is clearly visible."
1337,02082.png,Road has Overexposure,Road,Overexposure,Decrease Brightness,"The overexposure in the fusion image has been repaired, and the outline of road is clearly visible."
1338,02083.png,Road has Motion Blur,Road,Motion Blur,Sharpen,"The motion Blur in the fusion image has been sharpen, and the outline of road is clearly visible."
1339,02084.png,Car has Motion Blur,Car,Motion Blur,Sharpen,"The motion Blur in the fusion image has been sharpen, and the outline of car is clearly visible."
1340,02087.png,Road has Overexposure,Road,Overexposure,Decrease Brightness,"The overexposure in the fusion image has been repaired, and the outline of road is clearly visible."
1341,02088.png,Road has Overexposure,Road,Overexposure,Decrease Brightness,"The overexposure in the fusion image has been repaired, and the outline of road is clearly visible."
1342,02089.png,Road has Motion Blur,Road,Motion Blur,Sharpen,"The motion Blur in the fusion image has been sharpen, and the outline of road is clearly visible."
1343,02091.png,Road has Overexposure,Road,Overexposure,Decrease Brightness,"The overexposure in the fusion image has been repaired, and the outline of road is clearly visible."
1344,02092.png,Road has Overexposure,Road,Overexposure,Decrease Brightness,"The overexposure in the fusion image has been repaired, and the outline of road is clearly visible."
1345,02095.png,Road has Motion Blur,Road,Motion Blur,Sharpen,"The motion Blur in the fusion image has been sharpen, and the outline of road is clearly visible."
1346,02096.png,Road has Overexposure,Road,Overexposure,Decrease Brightness,"The overexposure in the fusion image has been repaired, and the outline of road is clearly visible."
1347,02098.png,Streetlight has Overexposure,Streetlight,Overexposure,Decrease Brightness,"The overexposure in the fusion image has been repaired, and the outline of streetlight is clearly visible."
1348,02102.png,Road has Overexposure,Road,Overexposure,Decrease Brightness,"The overexposure in the fusion image has been repaired, and the outline of road is clearly visible."
1349,02103.png,Streetlight has Overexposure,Streetlight,Overexposure,Decrease Brightness,"The overexposure in the fusion image has been repaired, and the outline of streetlight is clearly visible."
1350,02104.png,Road has Overexposure,Road,Overexposure,Decrease Brightness,"The overexposure in the fusion image has been repaired, and the outline of road is clearly visible."
1351,02105.png,Car has Overexposure,Car,Overexposure,Decrease Brightness,"The overexposure in the fusion image has been repaired, and the outline of car is clearly visible."
1352,02106.png,Car has Overexposure,Car,Overexposure,Decrease Brightness,"The overexposure in the fusion image has been repaired, and the outline of car is clearly visible."
1353,02107.png,Car has Overexposure,Car,Overexposure,Decrease Brightness,"The overexposure in the fusion image has been repaired, and the outline of car is clearly visible."
1354,02109.png,Car has Overexposure,Car,Overexposure,Decrease Brightness,"The overexposure in the fusion image has been repaired, and the outline of car is clearly visible."
1355,02110.png,Car has Motion Blur,Car,Motion Blur,Sharpen,"The motion Blur in the fusion image has been sharpen, and the outline of car is clearly visible."
1356,02111.png,Car has Overexposure,Car,Overexposure,Decrease Brightness,"The overexposure in the fusion image has been repaired, and the outline of car is clearly visible."
1357,02113.png,Car has Overexposure,Car,Overexposure,Decrease Brightness,"The overexposure in the fusion image has been repaired, and the outline of car is clearly visible."
1358,02114.png,Car has Overexposure,Car,Overexposure,Decrease Brightness,"The overexposure in the fusion image has been repaired, and the outline of car is clearly visible."
1359,02115.png,Car has Overexposure,Car,Overexposure,Decrease Brightness,"The overexposure in the fusion image has been repaired, and the outline of car is clearly visible."
1360,02117.png,Car has Overexposure,Car,Overexposure,Decrease Brightness,"The overexposure in the fusion image has been repaired, and the outline of car is clearly visible."
1361,02118.png,Car has Overexposure,Car,Overexposure,Decrease Brightness,"The overexposure in the fusion image has been repaired, and the outline of car is clearly visible."
1362,02119.png,Car has Overexposure,Car,Overexposure,Decrease Brightness,"The overexposure in the fusion image has been repaired, and the outline of car is clearly visible."
1363,02120.png,Car has Overexposure,Car,Overexposure,Decrease Brightness,"The overexposure in the fusion image has been repaired, and the outline of car is clearly visible."
1364,02121.png,Car has Overexposure,Car,Overexposure,Decrease Brightness,"The overexposure in the fusion image has been repaired, and the outline of car is clearly visible."
1365,02124.png,Car has Overexposure,Car,Overexposure,Decrease Brightness,"The overexposure in the fusion image has been repaired, and the outline of car is clearly visible."
1366,02125.png,Car has Overexposure,Car,Overexposure,Decrease Brightness,"The overexposure in the fusion image has been repaired, and the outline of car is clearly visible."
1367,02126.png,Car has Overexposure,Car,Overexposure,Decrease Brightness,"The overexposure in the fusion image has been repaired, and the outline of car is clearly visible."
1368,02127.png,Car has Overexposure,Car,Overexposure,Decrease Brightness,"The overexposure in the fusion image has been repaired, and the outline of car is clearly visible."
1369,02128.png,Car has Overexposure,Car,Overexposure,Decrease Brightness,"The overexposure in the fusion image has been repaired, and the outline of car is clearly visible."
1370,02129.png,Car has Overexposure,Car,Overexposure,Decrease Brightness,"The overexposure in the fusion image has been repaired, and the outline of car is clearly visible."
1371,02130.png,Car has Overexposure,Car,Overexposure,Decrease Brightness,"The overexposure in the fusion image has been repaired, and the outline of car is clearly visible."
1372,02131.png,Car has Overexposure,Car,Overexposure,Decrease Brightness,"The overexposure in the fusion image has been repaired, and the outline of car is clearly visible."
1373,02132.png,Car has Motion Blur,Car,Motion Blur,Sharpen,"The motion Blur in the fusion image has been sharpen, and the outline of car is clearly visible."
1374,02133.png,Car has Overexposure,Car,Overexposure,Decrease Brightness,"The overexposure in the fusion image has been repaired, and the outline of car is clearly visible."
1375,02134.png,Car has Overexposure,Car,Overexposure,Decrease Brightness,"The overexposure in the fusion image has been repaired, and the outline of car is clearly visible."
1376,02135.png,Car has Overexposure,Car,Overexposure,Decrease Brightness,"The overexposure in the fusion image has been repaired, and the outline of car is clearly visible."
1377,02136.png,Car has Overexposure,Car,Overexposure,Decrease Brightness,"The overexposure in the fusion image has been repaired, and the outline of car is clearly visible."
1378,02137.png,Car has Overexposure,Car,Overexposure,Decrease Brightness,"The overexposure in the fusion image has been repaired, and the outline of car is clearly visible."
1379,02138.png,Car has Overexposure,Car,Overexposure,Decrease Brightness,"The overexposure in the fusion image has been repaired, and the outline of car is clearly visible."
1380,02139.png,Car has Overexposure,Car,Overexposure,Decrease Brightness,"The overexposure in the fusion image has been repaired, and the outline of car is clearly visible."
1381,02140.png,Car has Overexposure,Car,Overexposure,Decrease Brightness,"The overexposure in the fusion image has been repaired, and the outline of car is clearly visible."
1382,02141.png,Car has Overexposure,Car,Overexposure,Decrease Brightness,"The overexposure in the fusion image has been repaired, and the outline of car is clearly visible."
1383,02142.png,Car has Overexposure,Car,Overexposure,Decrease Brightness,"The overexposure in the fusion image has been repaired, and the outline of car is clearly visible."
1384,02143.png,Car has Motion Blur,Car,Motion Blur,Sharpen,"The motion Blur in the fusion image has been sharpen, and the outline of car is clearly visible."
1385,02147.png,Car has Overexposure,Car,Overexposure,Decrease Brightness,"The overexposure in the fusion image has been repaired, and the outline of car is clearly visible."
1386,02148.png,Car has Overexposure,Car,Overexposure,Decrease Brightness,"The overexposure in the fusion image has been repaired, and the outline of car is clearly visible."
1387,02150.png,Car has Overexposure,Car,Overexposure,Decrease Brightness,"The overexposure in the fusion image has been repaired, and the outline of car is clearly visible."
1388,02151.png,Road has Motion Blur,Road,Motion Blur,Sharpen,"The motion Blur in the fusion image has been sharpen, and the outline of road is clearly visible."
1389,02152.png,Car has Overexposure,Car,Overexposure,Decrease Brightness,"The overexposure in the fusion image has been repaired, and the outline of car is clearly visible."
1390,02155.png,Road has Motion Blur,Road,Motion Blur,Sharpen,"The motion Blur in the fusion image has been sharpen, and the outline of road is clearly visible."
1391,02156.png,Car has Overexposure,Car,Overexposure,Decrease Brightness,"The overexposure in the fusion image has been repaired, and the outline of car is clearly visible."
1392,02158.png,Road has Overexposure,Road,Overexposure,Decrease Brightness,"The overexposure in the fusion image has been repaired, and the outline of road is clearly visible."
1393,02159.png,Road has Overexposure,Road,Overexposure,Decrease Brightness,"The overexposure in the fusion image has been repaired, and the outline of road is clearly visible."
1394,02162.png,Car has Overexposure,Car,Overexposure,Decrease Brightness,"The overexposure in the fusion image has been repaired, and the outline of car is clearly visible."
1395,02163.png,Car has Motion Blur,Car,Motion Blur,Sharpen,"The motion Blur in the fusion image has been sharpen, and the outline of car is clearly visible."
1396,02165.png,Streetlight has Overexposure,Streetlight,Overexposure,Decrease Brightness,"The overexposure in the fusion image has been repaired, and the outline of streetlight is clearly visible."
1397,02167.png,Road has Motion Blur,Road,Motion Blur,Sharpen,"The motion Blur in the fusion image has been sharpen, and the outline of road is clearly visible."
1398,02171.png,Road has Overexposure,Road,Overexposure,Decrease Brightness,"The overexposure in the fusion image has been repaired, and the outline of road is clearly visible."
1399,02172.png,Road has Overexposure,Road,Overexposure,Decrease Brightness,"The overexposure in the fusion image has been repaired, and the outline of road is clearly visible."
1400,02173.png,Road has Overexposure,Road,Overexposure,Decrease Brightness,"The overexposure in the fusion image has been repaired, and the outline of road is clearly visible."
1401,02176.png,Car has Motion Blur,Car,Motion Blur,Sharpen,"The motion Blur in the fusion image has been sharpen, and the outline of car is clearly visible."
1402,02177.png,Car has Overexposure,Car,Overexposure,Decrease Brightness,"The overexposure in the fusion image has been repaired, and the outline of car is clearly visible."
1403,02180.png,Car has Overexposure,Car,Overexposure,Decrease Brightness,"The overexposure in the fusion image has been repaired, and the outline of car is clearly visible."
1404,02181.png,Road has Overexposure,Road,Overexposure,Decrease Brightness,"The overexposure in the fusion image has been repaired, and the outline of road is clearly visible."
1405,02182.png,Road has Overexposure,Road,Overexposure,Decrease Brightness,"The overexposure in the fusion image has been repaired, and the outline of road is clearly visible."
1406,02183.png,Car has Overexposure,Car,Overexposure,Decrease Brightness,"The overexposure in the fusion image has been repaired, and the outline of car is clearly visible."
1407,02184.png,Car has Overexposure,Car,Overexposure,Decrease Brightness,"The overexposure in the fusion image has been repaired, and the outline of car is clearly visible."
1408,02186.png,Car has Overexposure,Car,Overexposure,Decrease Brightness,"The overexposure in the fusion image has been repaired, and the outline of car is clearly visible."
1409,02187.png,Car has Overexposure,Car,Overexposure,Decrease Brightness,"The overexposure in the fusion image has been repaired, and the outline of car is clearly visible."
1410,02188.png,Car has Overexposure,Car,Overexposure,Decrease Brightness,"The overexposure in the fusion image has been repaired, and the outline of car is clearly visible."
1411,02189.png,Car has Overexposure,Car,Overexposure,Decrease Brightness,"The overexposure in the fusion image has been repaired, and the outline of car is clearly visible."
1412,02190.png,Car has Overexposure,Car,Overexposure,Decrease Brightness,"The overexposure in the fusion image has been repaired, and the outline of car is clearly visible."
1413,02191.png,Car has Overexposure,Car,Overexposure,Decrease Brightness,"The overexposure in the fusion image has been repaired, and the outline of car is clearly visible."
1414,02192.png,Car has Overexposure,Car,Overexposure,Decrease Brightness,"The overexposure in the fusion image has been repaired, and the outline of car is clearly visible."
1415,02193.png,Car has Overexposure,Car,Overexposure,Decrease Brightness,"The overexposure in the fusion image has been repaired, and the outline of car is clearly visible."
1416,02194.png,Car has Overexposure,Car,Overexposure,Decrease Brightness,"The overexposure in the fusion image has been repaired, and the outline of car is clearly visible."
1417,02195.png,Car has Overexposure,Car,Overexposure,Decrease Brightness,"The overexposure in the fusion image has been repaired, and the outline of car is clearly visible."
1418,02197.png,Car has Overexposure,Car,Overexposure,Decrease Brightness,"The overexposure in the fusion image has been repaired, and the outline of car is clearly visible."
1419,02198.png,Car has Overexposure,Car,Overexposure,Decrease Brightness,"The overexposure in the fusion image has been repaired, and the outline of car is clearly visible."
1420,02199.png,Car has Overexposure,Car,Overexposure,Decrease Brightness,"The overexposure in the fusion image has been repaired, and the outline of car is clearly visible."
1421,02200.png,Car has Overexposure,Car,Overexposure,Decrease Brightness,"The overexposure in the fusion image has been repaired, and the outline of car is clearly visible."
1422,02201.png,Car has Overexposure,Car,Overexposure,Decrease Brightness,"The overexposure in the fusion image has been repaired, and the outline of car is clearly visible."
1423,02203.png,Car has Overexposure,Car,Overexposure,Decrease Brightness,"The overexposure in the fusion image has been repaired, and the outline of car is clearly visible."
1424,02206.png,Car has Overexposure,Car,Overexposure,Decrease Brightness,"The overexposure in the fusion image has been repaired, and the outline of car is clearly visible."
1425,02207.png,Car has Overexposure,Car,Overexposure,Decrease Brightness,"The overexposure in the fusion image has been repaired, and the outline of car is clearly visible."
1426,02209.png,Car has Overexposure,Car,Overexposure,Decrease Brightness,"The overexposure in the fusion image has been repaired, and the outline of car is clearly visible."
1427,02212.png,Road has Overexposure,Road,Overexposure,Decrease Brightness,"The overexposure in the fusion image has been repaired, and the outline of road is clearly visible."
1428,02214.png,Road has Motion Blur,Road,Motion Blur,Sharpen,"The motion Blur in the fusion image has been sharpen, and the outline of road is clearly visible."
1429,02215.png,Streetlight has Overexposure,Streetlight,Overexposure,Decrease Brightness,"The overexposure in the fusion image has been repaired, and the outline of streetlight is clearly visible."
1430,02216.png,Road has Motion Blur,Road,Motion Blur,Sharpen,"The motion Blur in the fusion image has been sharpen, and the outline of road is clearly visible."
1431,02219.png,Car has Overexposure,Car,Overexposure,Decrease Brightness,"The overexposure in the fusion image has been repaired, and the outline of car is clearly visible."
1432,02220.png,Streetlight has Overexposure,Streetlight,Overexposure,Decrease Brightness,"The overexposure in the fusion image has been repaired, and the outline of streetlight is clearly visible."
1433,02223.png,Road has Overexposure,Road,Overexposure,Decrease Brightness,"The overexposure in the fusion image has been repaired, and the outline of road is clearly visible."
1434,02225.png,Road has Overexposure,Road,Overexposure,Decrease Brightness,"The overexposure in the fusion image has been repaired, and the outline of road is clearly visible."
1435,02227.png,Car has Overexposure,Car,Overexposure,Decrease Brightness,"The overexposure in the fusion image has been repaired, and the outline of car is clearly visible."
1436,02228.png,Car has Overexposure,Car,Overexposure,Decrease Brightness,"The overexposure in the fusion image has been repaired, and the outline of car is clearly visible."
1437,02229.png,Road has Overexposure,Road,Overexposure,Decrease Brightness,"The overexposure in the fusion image has been repaired, and the outline of road is clearly visible."
1438,02230.png,Car has Motion Blur,Car,Motion Blur,Sharpen,"The motion Blur in the fusion image has been sharpen, and the outline of car is clearly visible."
1439,02231.png,Streetlight has Overexposure,Streetlight,Overexposure,Decrease Brightness,"The overexposure in the fusion image has been repaired, and the outline of streetlight is clearly visible."
1440,02232.png,Car has Overexposure,Car,Overexposure,Decrease Brightness,"The overexposure in the fusion image has been repaired, and the outline of car is clearly visible."
1441,02234.png,Car has Overexposure,Car,Overexposure,Decrease Brightness,"The overexposure in the fusion image has been repaired, and the outline of car is clearly visible."
1442,02235.png,Road has Overexposure,Road,Overexposure,Decrease Brightness,"The overexposure in the fusion image has been repaired, and the outline of road is clearly visible."
1443,02236.png,Streetlight has Overexposure,Streetlight,Overexposure,Decrease Brightness,"The overexposure in the fusion image has been repaired, and the outline of streetlight is clearly visible."
1444,02240.png,Road has Motion Blur,Road,Motion Blur,Sharpen,"The motion Blur in the fusion image has been sharpen, and the outline of road is clearly visible."
1445,02245.png,Road has Overexposure,Road,Overexposure,Decrease Brightness,"The overexposure in the fusion image has been repaired, and the outline of road is clearly visible."
1446,02247.png,Car has Overexposure,Car,Overexposure,Decrease Brightness,"The overexposure in the fusion image has been repaired, and the outline of car is clearly visible."
1447,02248.png,Road has Overexposure,Road,Overexposure,Decrease Brightness,"The overexposure in the fusion image has been repaired, and the outline of road is clearly visible."
1448,02249.png,Road has Overexposure,Road,Overexposure,Decrease Brightness,"The overexposure in the fusion image has been repaired, and the outline of road is clearly visible."
1449,02251.png,Road has Overexposure,Road,Overexposure,Decrease Brightness,"The overexposure in the fusion image has been repaired, and the outline of road is clearly visible."
1450,02252.png,Car has Overexposure,Car,Overexposure,Decrease Brightness,"The overexposure in the fusion image has been repaired, and the outline of car is clearly visible."
1451,02253.png,Streetlight has Overexposure,Streetlight,Overexposure,Decrease Brightness,"The overexposure in the fusion image has been repaired, and the outline of streetlight is clearly visible."
1452,02257.png,Streetlight has Overexposure,Streetlight,Overexposure,Decrease Brightness,"The overexposure in the fusion image has been repaired, and the outline of streetlight is clearly visible."
1453,02260.png,Streetlight has Overexposure,Streetlight,Overexposure,Decrease Brightness,"The overexposure in the fusion image has been repaired, and the outline of streetlight is clearly visible."
1454,02261.png,Road has Overexposure,Road,Overexposure,Decrease Brightness,"The overexposure in the fusion image has been repaired, and the outline of road is clearly visible."
1455,02264.png,Streetlight has Overexposure,Streetlight,Overexposure,Decrease Brightness,"The overexposure in the fusion image has been repaired, and the outline of streetlight is clearly visible."
1456,02268.png,Road has Overexposure,Road,Overexposure,Decrease Brightness,"The overexposure in the fusion image has been repaired, and the outline of road is clearly visible."
1457,02270.png,Road has Overexposure,Road,Overexposure,Decrease Brightness,"The overexposure in the fusion image has been repaired, and the outline of road is clearly visible."
1458,02273.png,Road has Overexposure,Road,Overexposure,Decrease Brightness,"The overexposure in the fusion image has been repaired, and the outline of road is clearly visible."
1459,02275.png,Road has Overexposure,Road,Overexposure,Decrease Brightness,"The overexposure in the fusion image has been repaired, and the outline of road is clearly visible."
1460,02276.png,Road has Overexposure,Road,Overexposure,Decrease Brightness,"The overexposure in the fusion image has been repaired, and the outline of road is clearly visible."
1461,02279.png,Road has Overexposure,Road,Overexposure,Decrease Brightness,"The overexposure in the fusion image has been repaired, and the outline of road is clearly visible."
1462,02280.png,Road has Overexposure,Road,Overexposure,Decrease Brightness,"The overexposure in the fusion image has been repaired, and the outline of road is clearly visible."
1463,02281.png,Streetlight has Overexposure,Streetlight,Overexposure,Decrease Brightness,"The overexposure in the fusion image has been repaired, and the outline of streetlight is clearly visible."
1464,02283.png,Streetlight has Overexposure,Streetlight,Overexposure,Decrease Brightness,"The overexposure in the fusion image has been repaired, and the outline of streetlight is clearly visible."
1465,02285.png,Streetlight has Overexposure,Streetlight,Overexposure,Decrease Brightness,"The overexposure in the fusion image has been repaired, and the outline of streetlight is clearly visible."
1466,02286.png,Streetlight has Overexposure,Streetlight,Overexposure,Decrease Brightness,"The overexposure in the fusion image has been repaired, and the outline of streetlight is clearly visible."
1467,02287.png,Streetlight has Overexposure,Streetlight,Overexposure,Decrease Brightness,"The overexposure in the fusion image has been repaired, and the outline of streetlight is clearly visible."
1468,02296.png,Car has Overexposure,Car,Overexposure,Decrease Brightness,"The overexposure in the fusion image has been repaired, and the outline of car is clearly visible."
1469,02297.png,Car has Overexposure,Car,Overexposure,Decrease Brightness,"The overexposure in the fusion image has been repaired, and the outline of car is clearly visible."
1470,02298.png,Car has Overexposure,Car,Overexposure,Decrease Brightness,"The overexposure in the fusion image has been repaired, and the outline of car is clearly visible."
1471,02299.png,Car has Overexposure,Car,Overexposure,Decrease Brightness,"The overexposure in the fusion image has been repaired, and the outline of car is clearly visible."
1472,02300.png,Road has Overexposure,Road,Overexposure,Decrease Brightness,"The overexposure in the fusion image has been repaired, and the outline of road is clearly visible."
1473,02301.png,Car has Overexposure,Car,Overexposure,Decrease Brightness,"The overexposure in the fusion image has been repaired, and the outline of car is clearly visible."
1474,02302.png,Car has Overexposure,Car,Overexposure,Decrease Brightness,"The overexposure in the fusion image has been repaired, and the outline of car is clearly visible."
1475,02303.png,Car has Overexposure,Car,Overexposure,Decrease Brightness,"The overexposure in the fusion image has been repaired, and the outline of car is clearly visible."
1476,02304.png,Car has Overexposure,Car,Overexposure,Decrease Brightness,"The overexposure in the fusion image has been repaired, and the outline of car is clearly visible."
1477,02305.png,Car has Overexposure,Car,Overexposure,Decrease Brightness,"The overexposure in the fusion image has been repaired, and the outline of car is clearly visible."
1478,02306.png,Car has Overexposure,Car,Overexposure,Decrease Brightness,"The overexposure in the fusion image has been repaired, and the outline of car is clearly visible."
1479,02307.png,Car has Overexposure,Car,Overexposure,Decrease Brightness,"The overexposure in the fusion image has been repaired, and the outline of car is clearly visible."
1480,02308.png,Car has Overexposure,Car,Overexposure,Decrease Brightness,"The overexposure in the fusion image has been repaired, and the outline of car is clearly visible."
1481,02309.png,Road has Overexposure,Road,Overexposure,Decrease Brightness,"The overexposure in the fusion image has been repaired, and the outline of road is clearly visible."
1482,02310.png,Car has Overexposure,Car,Overexposure,Decrease Brightness,"The overexposure in the fusion image has been repaired, and the outline of car is clearly visible."
1483,02311.png,Car has Overexposure,Car,Overexposure,Decrease Brightness,"The overexposure in the fusion image has been repaired, and the outline of car is clearly visible."
1484,02312.png,Car has Overexposure,Car,Overexposure,Decrease Brightness,"The overexposure in the fusion image has been repaired, and the outline of car is clearly visible."
1485,02315.png,Road has Overexposure,Road,Overexposure,Decrease Brightness,"The overexposure in the fusion image has been repaired, and the outline of road is clearly visible."
1486,02316.png,Road has Overexposure,Road,Overexposure,Decrease Brightness,"The overexposure in the fusion image has been repaired, and the outline of road is clearly visible."
1487,02317.png,Car has Overexposure,Car,Overexposure,Decrease Brightness,"The overexposure in the fusion image has been repaired, and the outline of car is clearly visible."
1488,02318.png,Road has Overexposure,Road,Overexposure,Decrease Brightness,"The overexposure in the fusion image has been repaired, and the outline of road is clearly visible."
1489,02319.png,Road has Overexposure,Road,Overexposure,Decrease Brightness,"The overexposure in the fusion image has been repaired, and the outline of road is clearly visible."
1490,02320.png,Car has Overexposure,Car,Overexposure,Decrease Brightness,"The overexposure in the fusion image has been repaired, and the outline of car is clearly visible."
1491,02323.png,Streetlight has Overexposure,Streetlight,Overexposure,Decrease Brightness,"The overexposure in the fusion image has been repaired, and the outline of streetlight is clearly visible."
1492,02324.png,Car has Overexposure,Car,Overexposure,Decrease Brightness,"The overexposure in the fusion image has been repaired, and the outline of car is clearly visible."
1493,02325.png,Road has Overexposure,Road,Overexposure,Decrease Brightness,"The overexposure in the fusion image has been repaired, and the outline of road is clearly visible."
1494,02327.png,Road has Overexposure,Road,Overexposure,Decrease Brightness,"The overexposure in the fusion image has been repaired, and the outline of road is clearly visible."
1495,02329.png,Road has Motion Blur,Road,Motion Blur,Sharpen,"The motion Blur in the fusion image has been sharpen, and the outline of road is clearly visible."
1496,02330.png,Road has Motion Blur,Road,Motion Blur,Sharpen,"The motion Blur in the fusion image has been sharpen, and the outline of road is clearly visible."
1497,02331.png,Road has Overexposure,Road,Overexposure,Decrease Brightness,"The overexposure in the fusion image has been repaired, and the outline of road is clearly visible."
1498,02332.png,Car has Overexposure,Car,Overexposure,Decrease Brightness,"The overexposure in the fusion image has been repaired, and the outline of car is clearly visible."
1499,02333.png,Road has Overexposure,Road,Overexposure,Decrease Brightness,"The overexposure in the fusion image has been repaired, and the outline of road is clearly visible."
1500,02334.png,Road has Overexposure,Road,Overexposure,Decrease Brightness,"The overexposure in the fusion image has been repaired, and the outline of road is clearly visible."
1501,02336.png,Road has Overexposure,Road,Overexposure,Decrease Brightness,"The overexposure in the fusion image has been repaired, and the outline of road is clearly visible."
1502,02338.png,Road has Overexposure,Road,Overexposure,Decrease Brightness,"The overexposure in the fusion image has been repaired, and the outline of road is clearly visible."
1503,02341.png,Car has Overexposure,Car,Overexposure,Decrease Brightness,"The overexposure in the fusion image has been repaired, and the outline of car is clearly visible."
1504,02343.png,Car has Overexposure,Car,Overexposure,Decrease Brightness,"The overexposure in the fusion image has been repaired, and the outline of car is clearly visible."
1505,02344.png,Car has Motion Blur,Car,Motion Blur,Sharpen,"The motion Blur in the fusion image has been sharpen, and the outline of car is clearly visible."
1506,02345.png,Road has Overexposure,Road,Overexposure,Decrease Brightness,"The overexposure in the fusion image has been repaired, and the outline of road is clearly visible."
1507,02349.png,Streetlight has Overexposure,Streetlight,Overexposure,Decrease Brightness,"The overexposure in the fusion image has been repaired, and the outline of streetlight is clearly visible."
1508,02352.png,Streetlight has Overexposure,Streetlight,Overexposure,Decrease Brightness,"The overexposure in the fusion image has been repaired, and the outline of streetlight is clearly visible."
1509,02356.png,Streetlight has Overexposure,Streetlight,Overexposure,Decrease Brightness,"The overexposure in the fusion image has been repaired, and the outline of streetlight is clearly visible."
1510,02357.png,Streetlight has Overexposure,Streetlight,Overexposure,Decrease Brightness,"The overexposure in the fusion image has been repaired, and the outline of streetlight is clearly visible."
1511,02358.png,Streetlight has Overexposure,Streetlight,Overexposure,Decrease Brightness,"The overexposure in the fusion image has been repaired, and the outline of streetlight is clearly visible."
1512,02359.png,Streetlight has Overexposure,Streetlight,Overexposure,Decrease Brightness,"The overexposure in the fusion image has been repaired, and the outline of streetlight is clearly visible."
1513,02360.png,Streetlight has Overexposure,Streetlight,Overexposure,Decrease Brightness,"The overexposure in the fusion image has been repaired, and the outline of streetlight is clearly visible."
1514,02362.png,Road has Motion Blur,Road,Motion Blur,Sharpen,"The motion Blur in the fusion image has been sharpen, and the outline of road is clearly visible."
1515,02363.png,Streetlight has Overexposure,Streetlight,Overexposure,Decrease Brightness,"The overexposure in the fusion image has been repaired, and the outline of streetlight is clearly visible."
1516,02364.png,Streetlight has Overexposure,Streetlight,Overexposure,Decrease Brightness,"The overexposure in the fusion image has been repaired, and the outline of streetlight is clearly visible."
1517,02365.png,Road has Overexposure,Road,Overexposure,Decrease Brightness,"The overexposure in the fusion image has been repaired, and the outline of road is clearly visible."
1518,02368.png,Streetlight has Overexposure,Streetlight,Overexposure,Decrease Brightness,"The overexposure in the fusion image has been repaired, and the outline of streetlight is clearly visible."
1519,02369.png,Road has Overexposure,Road,Overexposure,Decrease Brightness,"The overexposure in the fusion image has been repaired, and the outline of road is clearly visible."
1520,02370.png,Road has Overexposure,Road,Overexposure,Decrease Brightness,"The overexposure in the fusion image has been repaired, and the outline of road is clearly visible."
1521,02371.png,Road has Overexposure,Road,Overexposure,Decrease Brightness,"The overexposure in the fusion image has been repaired, and the outline of road is clearly visible."
1522,02372.png,Road has Motion Blur,Road,Motion Blur,Sharpen,"The motion Blur in the fusion image has been sharpen, and the outline of road is clearly visible."
1523,02374.png,Streetlight has Overexposure,Streetlight,Overexposure,Decrease Brightness,"The overexposure in the fusion image has been repaired, and the outline of streetlight is clearly visible."
1524,02375.png,Streetlight has Overexposure,Streetlight,Overexposure,Decrease Brightness,"The overexposure in the fusion image has been repaired, and the outline of streetlight is clearly visible."
1525,02381.png,Streetlight has Overexposure,Streetlight,Overexposure,Decrease Brightness,"The overexposure in the fusion image has been repaired, and the outline of streetlight is clearly visible."
1526,02384.png,Road has Overexposure,Road,Overexposure,Decrease Brightness,"The overexposure in the fusion image has been repaired, and the outline of road is clearly visible."
1527,02387.png,Car has Low Contrast,Car,Low Contrast,Enhance Contrast,"The contrast in the fusion image has been enhanced, and the outline of car is clearly visible."
1528,02389.png,Road has Motion Blur,Road,Motion Blur,Sharpen,"The motion Blur in the fusion image has been sharpen, and the outline of road is clearly visible."
1529,02390.png,Car has Motion Blur,Car,Motion Blur,Sharpen,"The motion Blur in the fusion image has been sharpen, and the outline of car is clearly visible."
1530,02392.png,Road has Overexposure,Road,Overexposure,Decrease Brightness,"The overexposure in the fusion image has been repaired, and the outline of road is clearly visible."
1531,02393.png,Road has Overexposure,Road,Overexposure,Decrease Brightness,"The overexposure in the fusion image has been repaired, and the outline of road is clearly visible."
1532,02396.png,Road has Motion Blur,Road,Motion Blur,Sharpen,"The motion Blur in the fusion image has been sharpen, and the outline of road is clearly visible."
1533,02397.png,Road has Overexposure,Road,Overexposure,Decrease Brightness,"The overexposure in the fusion image has been repaired, and the outline of road is clearly visible."
1534,02399.png,Road has Motion Blur,Road,Motion Blur,Sharpen,"The motion Blur in the fusion image has been sharpen, and the outline of road is clearly visible."
1535,02400.png,Road has Overexposure,Road,Overexposure,Decrease Brightness,"The overexposure in the fusion image has been repaired, and the outline of road is clearly visible."
1536,02401.png,Road has Overexposure,Road,Overexposure,Decrease Brightness,"The overexposure in the fusion image has been repaired, and the outline of road is clearly visible."
1537,02403.png,Road has Overexposure,Road,Overexposure,Decrease Brightness,"The overexposure in the fusion image has been repaired, and the outline of road is clearly visible."
1538,02404.png,Road has Overexposure,Road,Overexposure,Decrease Brightness,"The overexposure in the fusion image has been repaired, and the outline of road is clearly visible."
1539,02410.png,Road has Overexposure,Road,Overexposure,Decrease Brightness,"The overexposure in the fusion image has been repaired, and the outline of road is clearly visible."
1540,02414.png,Streetlight has Overexposure,Streetlight,Overexposure,Decrease Brightness,"The overexposure in the fusion image has been repaired, and the outline of streetlight is clearly visible."
1541,02415.png,Streetlight has Overexposure,Streetlight,Overexposure,Decrease Brightness,"The overexposure in the fusion image has been repaired, and the outline of streetlight is clearly visible."
1542,02416.png,Streetlight has Overexposure,Streetlight,Overexposure,Decrease Brightness,"The overexposure in the fusion image has been repaired, and the outline of streetlight is clearly visible."
1543,02417.png,Streetlight has Overexposure,Streetlight,Overexposure,Decrease Brightness,"The overexposure in the fusion image has been repaired, and the outline of streetlight is clearly visible."
1544,02418.png,Streetlight has Overexposure,Streetlight,Overexposure,Decrease Brightness,"The overexposure in the fusion image has been repaired, and the outline of streetlight is clearly visible."
1545,02419.png,Streetlight has Overexposure,Streetlight,Overexposure,Decrease Brightness,"The overexposure in the fusion image has been repaired, and the outline of streetlight is clearly visible."
1546,02420.png,Streetlight has Overexposure,Streetlight,Overexposure,Decrease Brightness,"The overexposure in the fusion image has been repaired, and the outline of streetlight is clearly visible."
1547,02421.png,Road has Overexposure,Road,Overexposure,Decrease Brightness,"The overexposure in the fusion image has been repaired, and the outline of road is clearly visible."
1548,02423.png,Streetlight has Overexposure,Streetlight,Overexposure,Decrease Brightness,"The overexposure in the fusion image has been repaired, and the outline of streetlight is clearly visible."
1549,02424.png,Car has Motion Blur,Car,Motion Blur,Sharpen,"The motion Blur in the fusion image has been sharpen, and the outline of car is clearly visible."
1550,02426.png,Streetlight has Overexposure,Streetlight,Overexposure,Decrease Brightness,"The overexposure in the fusion image has been repaired, and the outline of streetlight is clearly visible."
1551,02427.png,Streetlight has Overexposure,Streetlight,Overexposure,Decrease Brightness,"The overexposure in the fusion image has been repaired, and the outline of streetlight is clearly visible."
1552,02432.png,Road has Overexposure,Road,Overexposure,Decrease Brightness,"The overexposure in the fusion image has been repaired, and the outline of road is clearly visible."
1553,02433.png,Road has Overexposure,Road,Overexposure,Decrease Brightness,"The overexposure in the fusion image has been repaired, and the outline of road is clearly visible."
1554,02434.png,Car has Motion Blur,Car,Motion Blur,Sharpen,"The motion Blur in the fusion image has been sharpen, and the outline of car is clearly visible."
1555,02435.png,Car has Low Contrast,Car,Low Contrast,Enhance Contrast,"The contrast in the fusion image has been enhanced, and the outline of car is clearly visible."
1556,02436.png,Road has Overexposure,Road,Overexposure,Decrease Brightness,"The overexposure in the fusion image has been repaired, and the outline of road is clearly visible."
1557,02437.png,Streetlight has Overexposure,Streetlight,Overexposure,Decrease Brightness,"The overexposure in the fusion image has been repaired, and the outline of streetlight is clearly visible."
1558,02438.png,Streetlight has Overexposure,Streetlight,Overexposure,Decrease Brightness,"The overexposure in the fusion image has been repaired, and the outline of streetlight is clearly visible."
1559,02439.png,Road has Overexposure,Road,Overexposure,Decrease Brightness,"The overexposure in the fusion image has been repaired, and the outline of road is clearly visible."
1560,02440.png,Road has Overexposure,Road,Overexposure,Decrease Brightness,"The overexposure in the fusion image has been repaired, and the outline of road is clearly visible."
1561,02441.png,Streetlight has Overexposure,Streetlight,Overexposure,Decrease Brightness,"The overexposure in the fusion image has been repaired, and the outline of streetlight is clearly visible."
1562,02442.png,Streetlight has Overexposure,Streetlight,Overexposure,Decrease Brightness,"The overexposure in the fusion image has been repaired, and the outline of streetlight is clearly visible."
1563,02445.png,Streetlight has Overexposure,Streetlight,Overexposure,Decrease Brightness,"The overexposure in the fusion image has been repaired, and the outline of streetlight is clearly visible."
1564,02451.png,Streetlight has Overexposure,Streetlight,Overexposure,Decrease Brightness,"The overexposure in the fusion image has been repaired, and the outline of streetlight is clearly visible."
1565,02452.png,Streetlight has Overexposure,Streetlight,Overexposure,Decrease Brightness,"The overexposure in the fusion image has been repaired, and the outline of streetlight is clearly visible."
1566,02453.png,Streetlight has Overexposure,Streetlight,Overexposure,Decrease Brightness,"The overexposure in the fusion image has been repaired, and the outline of streetlight is clearly visible."
1567,02454.png,Road has Overexposure,Road,Overexposure,Decrease Brightness,"The overexposure in the fusion image has been repaired, and the outline of road is clearly visible."
1568,02455.png,Streetlight has Overexposure,Streetlight,Overexposure,Decrease Brightness,"The overexposure in the fusion image has been repaired, and the outline of streetlight is clearly visible."
1569,02459.png,Streetlight has Overexposure,Streetlight,Overexposure,Decrease Brightness,"The overexposure in the fusion image has been repaired, and the outline of streetlight is clearly visible."
1570,02460.png,Road has Motion Blur,Road,Motion Blur,Sharpen,"The motion Blur in the fusion image has been sharpen, and the outline of road is clearly visible."
1571,02461.png,Streetlight has Overexposure,Streetlight,Overexposure,Decrease Brightness,"The overexposure in the fusion image has been repaired, and the outline of streetlight is clearly visible."
1572,02462.png,Streetlight has Overexposure,Streetlight,Overexposure,Decrease Brightness,"The overexposure in the fusion image has been repaired, and the outline of streetlight is clearly visible."
1573,02463.png,Road has Overexposure,Road,Overexposure,Decrease Brightness,"The overexposure in the fusion image has been repaired, and the outline of road is clearly visible."
1574,02464.png,Road has Motion Blur,Road,Motion Blur,Sharpen,"The motion Blur in the fusion image has been sharpen, and the outline of road is clearly visible."
1575,02465.png,Car has Overexposure,Car,Overexposure,Decrease Brightness,"The overexposure in the fusion image has been repaired, and the outline of car is clearly visible."
1576,02466.png,Road has Overexposure,Road,Overexposure,Decrease Brightness,"The overexposure in the fusion image has been repaired, and the outline of road is clearly visible."
1577,02467.png,Streetlight has Overexposure,Streetlight,Overexposure,Decrease Brightness,"The overexposure in the fusion image has been repaired, and the outline of streetlight is clearly visible."
1578,02468.png,Streetlight has Overexposure,Streetlight,Overexposure,Decrease Brightness,"The overexposure in the fusion image has been repaired, and the outline of streetlight is clearly visible."
1579,02469.png,Road has Overexposure,Road,Overexposure,Decrease Brightness,"The overexposure in the fusion image has been repaired, and the outline of road is clearly visible."
1580,02470.png,Road has Overexposure,Road,Overexposure,Decrease Brightness,"The overexposure in the fusion image has been repaired, and the outline of road is clearly visible."
1581,02471.png,Road has Overexposure,Road,Overexposure,Decrease Brightness,"The overexposure in the fusion image has been repaired, and the outline of road is clearly visible."
1582,02473.png,Road has Motion Blur,Road,Motion Blur,Sharpen,"The motion Blur in the fusion image has been sharpen, and the outline of road is clearly visible."
1583,02474.png,Streetlight has Overexposure,Streetlight,Overexposure,Decrease Brightness,"The overexposure in the fusion image has been repaired, and the outline of streetlight is clearly visible."
1584,02475.png,Streetlight has Overexposure,Streetlight,Overexposure,Decrease Brightness,"The overexposure in the fusion image has been repaired, and the outline of streetlight is clearly visible."
1585,02476.png,Car has Overexposure,Car,Overexposure,Decrease Brightness,"The overexposure in the fusion image has been repaired, and the outline of car is clearly visible."
1586,02477.png,Road has Overexposure,Road,Overexposure,Decrease Brightness,"The overexposure in the fusion image has been repaired, and the outline of road is clearly visible."
1587,02478.png,Road has Overexposure,Road,Overexposure,Decrease Brightness,"The overexposure in the fusion image has been repaired, and the outline of road is clearly visible."
1588,02479.png,Road has Overexposure,Road,Overexposure,Decrease Brightness,"The overexposure in the fusion image has been repaired, and the outline of road is clearly visible."
1589,02487.png,Car has Overexposure,Car,Overexposure,Decrease Brightness,"The overexposure in the fusion image has been repaired, and the outline of car is clearly visible."
1590,02488.png,Road has Overexposure,Road,Overexposure,Decrease Brightness,"The overexposure in the fusion image has been repaired, and the outline of road is clearly visible."
1591,02494.png,Streetlight has Overexposure,Streetlight,Overexposure,Decrease Brightness,"The overexposure in the fusion image has been repaired, and the outline of streetlight is clearly visible."
1592,02498.png,Car has Motion Blur,Car,Motion Blur,Sharpen,"The motion Blur in the fusion image has been sharpen, and the outline of car is clearly visible."
1593,02499.png,Road has Overexposure,Road,Overexposure,Decrease Brightness,"The overexposure in the fusion image has been repaired, and the outline of road is clearly visible."
1594,02506.png,Streetlight has Overexposure,Streetlight,Overexposure,Decrease Brightness,"The overexposure in the fusion image has been repaired, and the outline of streetlight is clearly visible."
1595,02507.png,Road has Overexposure,Road,Overexposure,Decrease Brightness,"The overexposure in the fusion image has been repaired, and the outline of road is clearly visible."
1596,02508.png,Streetlight has Overexposure,Streetlight,Overexposure,Decrease Brightness,"The overexposure in the fusion image has been repaired, and the outline of streetlight is clearly visible."
1597,02509.png,Road has Overexposure,Road,Overexposure,Decrease Brightness,"The overexposure in the fusion image has been repaired, and the outline of road is clearly visible."
1598,02510.png,Car has Overexposure,Car,Overexposure,Decrease Brightness,"The overexposure in the fusion image has been repaired, and the outline of car is clearly visible."
1599,02511.png,Road has Overexposure,Road,Overexposure,Decrease Brightness,"The overexposure in the fusion image has been repaired, and the outline of road is clearly visible."
1600,02514.png,Streetlight has Overexposure,Streetlight,Overexposure,Decrease Brightness,"The overexposure in the fusion image has been repaired, and the outline of streetlight is clearly visible."
1601,02516.png,Car has Overexposure,Car,Overexposure,Decrease Brightness,"The overexposure in the fusion image has been repaired, and the outline of car is clearly visible."
1602,02519.png,Car has Overexposure,Car,Overexposure,Decrease Brightness,"The overexposure in the fusion image has been repaired, and the outline of car is clearly visible."
1603,02521.png,Car has Overexposure,Car,Overexposure,Decrease Brightness,"The overexposure in the fusion image has been repaired, and the outline of car is clearly visible."
1604,02526.png,Road has Motion Blur,Road,Motion Blur,Sharpen,"The motion Blur in the fusion image has been sharpen, and the outline of road is clearly visible."
1605,02528.png,Road has Motion Blur,Road,Motion Blur,Sharpen,"The motion Blur in the fusion image has been sharpen, and the outline of road is clearly visible."
1606,02530.png,Road has Overexposure,Road,Overexposure,Decrease Brightness,"The overexposure in the fusion image has been repaired, and the outline of road is clearly visible."
1607,02532.png,Car has Motion Blur,Car,Motion Blur,Sharpen,"The motion Blur in the fusion image has been sharpen, and the outline of car is clearly visible."
1608,02537.png,Road has Overexposure,Road,Overexposure,Decrease Brightness,"The overexposure in the fusion image has been repaired, and the outline of road is clearly visible."
1609,02542.png,Car has Overexposure,Car,Overexposure,Decrease Brightness,"The overexposure in the fusion image has been repaired, and the outline of car is clearly visible."
1610,02543.png,Car has Overexposure,Car,Overexposure,Decrease Brightness,"The overexposure in the fusion image has been repaired, and the outline of car is clearly visible."
1611,02544.png,Car has Overexposure,Car,Overexposure,Decrease Brightness,"The overexposure in the fusion image has been repaired, and the outline of car is clearly visible."
1612,02545.png,Car has Overexposure,Car,Overexposure,Decrease Brightness,"The overexposure in the fusion image has been repaired, and the outline of car is clearly visible."
1613,02546.png,Road has Overexposure,Road,Overexposure,Decrease Brightness,"The overexposure in the fusion image has been repaired, and the outline of road is clearly visible."
1614,02547.png,Road has Motion Blur,Road,Motion Blur,Sharpen,"The motion Blur in the fusion image has been sharpen, and the outline of road is clearly visible."
1615,02548.png,Road has Overexposure,Road,Overexposure,Decrease Brightness,"The overexposure in the fusion image has been repaired, and the outline of road is clearly visible."
1616,02549.png,Road has Overexposure,Road,Overexposure,Decrease Brightness,"The overexposure in the fusion image has been repaired, and the outline of road is clearly visible."
1617,02550.png,Road has Overexposure,Road,Overexposure,Decrease Brightness,"The overexposure in the fusion image has been repaired, and the outline of road is clearly visible."
1618,02551.png,Road has Motion Blur,Road,Motion Blur,Sharpen,"The motion Blur in the fusion image has been sharpen, and the outline of road is clearly visible."
1619,02552.png,Car has Overexposure,Car,Overexposure,Decrease Brightness,"The overexposure in the fusion image has been repaired, and the outline of car is clearly visible."
1620,02554.png,Car has Motion Blur,Car,Motion Blur,Sharpen,"The motion Blur in the fusion image has been sharpen, and the outline of car is clearly visible."
1621,02555.png,Road has Overexposure,Road,Overexposure,Decrease Brightness,"The overexposure in the fusion image has been repaired, and the outline of road is clearly visible."
1622,02556.png,Road has Overexposure,Road,Overexposure,Decrease Brightness,"The overexposure in the fusion image has been repaired, and the outline of road is clearly visible."
1623,02558.png,Road has Overexposure,Road,Overexposure,Decrease Brightness,"The overexposure in the fusion image has been repaired, and the outline of road is clearly visible."
1624,02564.png,Road has Overexposure,Road,Overexposure,Decrease Brightness,"The overexposure in the fusion image has been repaired, and the outline of road is clearly visible."
1625,02566.png,Road has Overexposure,Road,Overexposure,Decrease Brightness,"The overexposure in the fusion image has been repaired, and the outline of road is clearly visible."
1626,02567.png,Road has Overexposure,Road,Overexposure,Decrease Brightness,"The overexposure in the fusion image has been repaired, and the outline of road is clearly visible."
1627,02568.png,Car has Motion Blur,Car,Motion Blur,Sharpen,"The motion Blur in the fusion image has been sharpen, and the outline of car is clearly visible."
1628,02569.png,Car has Overexposure,Car,Overexposure,Decrease Brightness,"The overexposure in the fusion image has been repaired, and the outline of car is clearly visible."
1629,02570.png,Car has Overexposure,Car,Overexposure,Decrease Brightness,"The overexposure in the fusion image has been repaired, and the outline of car is clearly visible."
1630,02571.png,Car has Motion Blur,Car,Motion Blur,Sharpen,"The motion Blur in the fusion image has been sharpen, and the outline of car is clearly visible."
1631,02572.png,Car has Overexposure,Car,Overexposure,Decrease Brightness,"The overexposure in the fusion image has been repaired, and the outline of car is clearly visible."
1632,02574.png,Road has Overexposure,Road,Overexposure,Decrease Brightness,"The overexposure in the fusion image has been repaired, and the outline of road is clearly visible."
1633,02579.png,Car has Motion Blur,Car,Motion Blur,Sharpen,"The motion Blur in the fusion image has been sharpen, and the outline of car is clearly visible."
1634,02580.png,Road has Motion Blur,Road,Motion Blur,Sharpen,"The motion Blur in the fusion image has been sharpen, and the outline of road is clearly visible."
1635,02581.png,Road has Motion Blur,Road,Motion Blur,Sharpen,"The motion Blur in the fusion image has been sharpen, and the outline of road is clearly visible."
1636,02583.png,Road has Motion Blur,Road,Motion Blur,Sharpen,"The motion Blur in the fusion image has been sharpen, and the outline of road is clearly visible."
1637,02598.png,Road has Low Contrast,Road,Low Contrast,Enhance Contrast,"The contrast in the fusion image has been enhanced, and the outline of road is clearly visible."
1638,02611.png,Car has Overexposure,Car,Overexposure,Decrease Brightness,"The overexposure in the fusion image has been repaired, and the outline of car is clearly visible."
1639,02615.png,Road has Overexposure,Road,Overexposure,Decrease Brightness,"The overexposure in the fusion image has been repaired, and the outline of road is clearly visible."
1640,02616.png,Car has Overexposure,Car,Overexposure,Decrease Brightness,"The overexposure in the fusion image has been repaired, and the outline of car is clearly visible."
1641,02617.png,Streetlight has Overexposure,Streetlight,Overexposure,Decrease Brightness,"The overexposure in the fusion image has been repaired, and the outline of streetlight is clearly visible."
1642,02618.png,Car has Motion Blur,Car,Motion Blur,Sharpen,"The motion Blur in the fusion image has been sharpen, and the outline of car is clearly visible."
1643,02619.png,Car has Motion Blur,Car,Motion Blur,Sharpen,"The motion Blur in the fusion image has been sharpen, and the outline of car is clearly visible."
1644,02620.png,Car has Motion Blur,Car,Motion Blur,Sharpen,"The motion Blur in the fusion image has been sharpen, and the outline of car is clearly visible."
1645,02622.png,Streetlight has Overexposure,Streetlight,Overexposure,Decrease Brightness,"The overexposure in the fusion image has been repaired, and the outline of streetlight is clearly visible."
1646,02623.png,Car has Motion Blur,Car,Motion Blur,Sharpen,"The motion Blur in the fusion image has been sharpen, and the outline of car is clearly visible."
1647,02625.png,Road has Motion Blur,Road,Motion Blur,Sharpen,"The motion Blur in the fusion image has been sharpen, and the outline of road is clearly visible."
1648,02627.png,Car has Overexposure,Car,Overexposure,Decrease Brightness,"The overexposure in the fusion image has been repaired, and the outline of car is clearly visible."
1649,02629.png,Car has Overexposure,Car,Overexposure,Decrease Brightness,"The overexposure in the fusion image has been repaired, and the outline of car is clearly visible."
1650,02631.png,Car has Motion Blur,Car,Motion Blur,Sharpen,"The motion Blur in the fusion image has been sharpen, and the outline of car is clearly visible."
1651,02632.png,Road has Overexposure,Road,Overexposure,Decrease Brightness,"The overexposure in the fusion image has been repaired, and the outline of road is clearly visible."
1652,02633.png,Road has Motion Blur,Road,Motion Blur,Sharpen,"The motion Blur in the fusion image has been sharpen, and the outline of road is clearly visible."
1653,02635.png,Car has Overexposure,Car,Overexposure,Decrease Brightness,"The overexposure in the fusion image has been repaired, and the outline of car is clearly visible."
1654,02636.png,Car has Overexposure,Car,Overexposure,Decrease Brightness,"The overexposure in the fusion image has been repaired, and the outline of car is clearly visible."
1655,02637.png,Car has Motion Blur,Car,Motion Blur,Sharpen,"The motion Blur in the fusion image has been sharpen, and the outline of car is clearly visible."
1656,02638.png,Car has Motion Blur,Car,Motion Blur,Sharpen,"The motion Blur in the fusion image has been sharpen, and the outline of car is clearly visible."
1657,02639.png,Car has Overexposure,Car,Overexposure,Decrease Brightness,"The overexposure in the fusion image has been repaired, and the outline of car is clearly visible."
1658,02640.png,Car has Overexposure,Car,Overexposure,Decrease Brightness,"The overexposure in the fusion image has been repaired, and the outline of car is clearly visible."
1659,02641.png,Road has Overexposure,Road,Overexposure,Decrease Brightness,"The overexposure in the fusion image has been repaired, and the outline of road is clearly visible."
1660,02642.png,Streetlight has Overexposure,Streetlight,Overexposure,Decrease Brightness,"The overexposure in the fusion image has been repaired, and the outline of streetlight is clearly visible."
1661,02644.png,Streetlight has Overexposure,Streetlight,Overexposure,Decrease Brightness,"The overexposure in the fusion image has been repaired, and the outline of streetlight is clearly visible."
1662,02645.png,Streetlight has Overexposure,Streetlight,Overexposure,Decrease Brightness,"The overexposure in the fusion image has been repaired, and the outline of streetlight is clearly visible."
1663,02647.png,Streetlight has Overexposure,Streetlight,Overexposure,Decrease Brightness,"The overexposure in the fusion image has been repaired, and the outline of streetlight is clearly visible."
1664,02649.png,Streetlight has Overexposure,Streetlight,Overexposure,Decrease Brightness,"The overexposure in the fusion image has been repaired, and the outline of streetlight is clearly visible."
1665,02650.png,Streetlight has Overexposure,Streetlight,Overexposure,Decrease Brightness,"The overexposure in the fusion image has been repaired, and the outline of streetlight is clearly visible."
1666,02651.png,Streetlight has Overexposure,Streetlight,Overexposure,Decrease Brightness,"The overexposure in the fusion image has been repaired, and the outline of streetlight is clearly visible."
1667,02655.png,Streetlight has Overexposure,Streetlight,Overexposure,Decrease Brightness,"The overexposure in the fusion image has been repaired, and the outline of streetlight is clearly visible."
1668,02656.png,Streetlight has Overexposure,Streetlight,Overexposure,Decrease Brightness,"The overexposure in the fusion image has been repaired, and the outline of streetlight is clearly visible."
1669,02660.png,Streetlight has Overexposure,Streetlight,Overexposure,Decrease Brightness,"The overexposure in the fusion image has been repaired, and the outline of streetlight is clearly visible."
1670,02662.png,Streetlight has Overexposure,Streetlight,Overexposure,Decrease Brightness,"The overexposure in the fusion image has been repaired, and the outline of streetlight is clearly visible."
1671,02665.png,Car has Motion Blur,Car,Motion Blur,Sharpen,"The motion Blur in the fusion image has been sharpen, and the outline of car is clearly visible."
1672,02666.png,Car has Overexposure,Car,Overexposure,Decrease Brightness,"The overexposure in the fusion image has been repaired, and the outline of car is clearly visible."
1673,02667.png,Car has Overexposure,Car,Overexposure,Decrease Brightness,"The overexposure in the fusion image has been repaired, and the outline of car is clearly visible."
1674,02668.png,Car has Overexposure,Car,Overexposure,Decrease Brightness,"The overexposure in the fusion image has been repaired, and the outline of car is clearly visible."
1675,02669.png,Car has Overexposure,Car,Overexposure,Decrease Brightness,"The overexposure in the fusion image has been repaired, and the outline of car is clearly visible."
1676,02670.png,Car has Overexposure,Car,Overexposure,Decrease Brightness,"The overexposure in the fusion image has been repaired, and the outline of car is clearly visible."
1677,02674.png,Car has Overexposure,Car,Overexposure,Decrease Brightness,"The overexposure in the fusion image has been repaired, and the outline of car is clearly visible."
1678,02675.png,Streetlight has Overexposure,Streetlight,Overexposure,Decrease Brightness,"The overexposure in the fusion image has been repaired, and the outline of streetlight is clearly visible."
1679,02677.png,Streetlight has Overexposure,Streetlight,Overexposure,Decrease Brightness,"The overexposure in the fusion image has been repaired, and the outline of streetlight is clearly visible."
1680,02678.png,Streetlight has Overexposure,Streetlight,Overexposure,Decrease Brightness,"The overexposure in the fusion image has been repaired, and the outline of streetlight is clearly visible."
1681,02679.png,Streetlight has Overexposure,Streetlight,Overexposure,Decrease Brightness,"The overexposure in the fusion image has been repaired, and the outline of streetlight is clearly visible."
1682,02683.png,Road has Motion Blur,Road,Motion Blur,Sharpen,"The motion Blur in the fusion image has been sharpen, and the outline of road is clearly visible."
1683,02684.png,Road has Motion Blur,Road,Motion Blur,Sharpen,"The motion Blur in the fusion image has been sharpen, and the outline of road is clearly visible."
1684,02689.png,Road has Motion Blur,Road,Motion Blur,Sharpen,"The motion Blur in the fusion image has been sharpen, and the outline of road is clearly visible."
1685,02690.png,Road has Overexposure,Road,Overexposure,Decrease Brightness,"The overexposure in the fusion image has been repaired, and the outline of road is clearly visible."
1686,02691.png,Road has Motion Blur,Road,Motion Blur,Sharpen,"The motion Blur in the fusion image has been sharpen, and the outline of road is clearly visible."
1687,02692.png,Road has Motion Blur,Road,Motion Blur,Sharpen,"The motion Blur in the fusion image has been sharpen, and the outline of road is clearly visible."
1688,02693.png,Road has Motion Blur,Road,Motion Blur,Sharpen,"The motion Blur in the fusion image has been sharpen, and the outline of road is clearly visible."
1689,02694.png,Road has Overexposure,Road,Overexposure,Decrease Brightness,"The overexposure in the fusion image has been repaired, and the outline of road is clearly visible."
1690,02697.png,Road has Motion Blur,Road,Motion Blur,Sharpen,"The motion Blur in the fusion image has been sharpen, and the outline of road is clearly visible."
1691,02698.png,Car has Motion Blur,Car,Motion Blur,Sharpen,"The motion Blur in the fusion image has been sharpen, and the outline of car is clearly visible."
1692,02699.png,Road has Motion Blur,Road,Motion Blur,Sharpen,"The motion Blur in the fusion image has been sharpen, and the outline of road is clearly visible."
1693,02700.png,Streetlight has Overexposure,Streetlight,Overexposure,Decrease Brightness,"The overexposure in the fusion image has been repaired, and the outline of streetlight is clearly visible."
1694,02702.png,Road has Motion Blur,Road,Motion Blur,Sharpen,"The motion Blur in the fusion image has been sharpen, and the outline of road is clearly visible."
1695,02704.png,Car has Overexposure,Car,Overexposure,Decrease Brightness,"The overexposure in the fusion image has been repaired, and the outline of car is clearly visible."
1696,02705.png,Car has Overexposure,Car,Overexposure,Decrease Brightness,"The overexposure in the fusion image has been repaired, and the outline of car is clearly visible."
1697,02706.png,Road has Overexposure,Road,Overexposure,Decrease Brightness,"The overexposure in the fusion image has been repaired, and the outline of road is clearly visible."
1698,02707.png,Road has Motion Blur,Road,Motion Blur,Sharpen,"The motion Blur in the fusion image has been sharpen, and the outline of road is clearly visible."
1699,02708.png,Car has Motion Blur,Car,Motion Blur,Sharpen,"The motion Blur in the fusion image has been sharpen, and the outline of car is clearly visible."
1700,02709.png,Car has Overexposure,Car,Overexposure,Decrease Brightness,"The overexposure in the fusion image has been repaired, and the outline of car is clearly visible."
1701,02710.png,Road has Motion Blur,Road,Motion Blur,Sharpen,"The motion Blur in the fusion image has been sharpen, and the outline of road is clearly visible."
1702,02712.png,Road has Overexposure,Road,Overexposure,Decrease Brightness,"The overexposure in the fusion image has been repaired, and the outline of road is clearly visible."
1703,02713.png,Car has Motion Blur,Car,Motion Blur,Sharpen,"The motion Blur in the fusion image has been sharpen, and the outline of car is clearly visible."
1704,02715.png,Road has Overexposure,Road,Overexposure,Decrease Brightness,"The overexposure in the fusion image has been repaired, and the outline of road is clearly visible."
1705,02719.png,Road has Overexposure,Road,Overexposure,Decrease Brightness,"The overexposure in the fusion image has been repaired, and the outline of road is clearly visible."
1706,02720.png,Car has Overexposure,Car,Overexposure,Decrease Brightness,"The overexposure in the fusion image has been repaired, and the outline of car is clearly visible."
1707,02721.png,Car has Overexposure,Car,Overexposure,Decrease Brightness,"The overexposure in the fusion image has been repaired, and the outline of car is clearly visible."
1708,02722.png,Car has Overexposure,Car,Overexposure,Decrease Brightness,"The overexposure in the fusion image has been repaired, and the outline of car is clearly visible."
1709,02723.png,Car has Overexposure,Car,Overexposure,Decrease Brightness,"The overexposure in the fusion image has been repaired, and the outline of car is clearly visible."
1710,02724.png,Car has Overexposure,Car,Overexposure,Decrease Brightness,"The overexposure in the fusion image has been repaired, and the outline of car is clearly visible."
1711,02725.png,Car has Overexposure,Car,Overexposure,Decrease Brightness,"The overexposure in the fusion image has been repaired, and the outline of car is clearly visible."
1712,02727.png,Car has Underexposure,Car,Underexposure,Increase Brightness,"The underexposure in the fusion image has been enhanced, and the outline of car is clearly visible."
1713,02728.png,Car has Overexposure,Car,Overexposure,Decrease Brightness,"The overexposure in the fusion image has been repaired, and the outline of car is clearly visible."
1714,02729.png,Car has Overexposure,Car,Overexposure,Decrease Brightness,"The overexposure in the fusion image has been repaired, and the outline of car is clearly visible."
1715,02731.png,Road has Overexposure,Road,Overexposure,Decrease Brightness,"The overexposure in the fusion image has been repaired, and the outline of road is clearly visible."
1716,02732.png,Road has Overexposure,Road,Overexposure,Decrease Brightness,"The overexposure in the fusion image has been repaired, and the outline of road is clearly visible."
1717,02734.png,Road has Overexposure,Road,Overexposure,Decrease Brightness,"The overexposure in the fusion image has been repaired, and the outline of road is clearly visible."
1718,02735.png,Road has Overexposure,Road,Overexposure,Decrease Brightness,"The overexposure in the fusion image has been repaired, and the outline of road is clearly visible."
1719,02736.png,Road has Overexposure,Road,Overexposure,Decrease Brightness,"The overexposure in the fusion image has been repaired, and the outline of road is clearly visible."
1720,02737.png,Road has Overexposure,Road,Overexposure,Decrease Brightness,"The overexposure in the fusion image has been repaired, and the outline of road is clearly visible."
1721,02738.png,Road has Overexposure,Road,Overexposure,Decrease Brightness,"The overexposure in the fusion image has been repaired, and the outline of road is clearly visible."
1722,02739.png,Road has Overexposure,Road,Overexposure,Decrease Brightness,"The overexposure in the fusion image has been repaired, and the outline of road is clearly visible."
1723,02740.png,Road has Overexposure,Road,Overexposure,Decrease Brightness,"The overexposure in the fusion image has been repaired, and the outline of road is clearly visible."
1724,02741.png,Car has Overexposure,Car,Overexposure,Decrease Brightness,"The overexposure in the fusion image has been repaired, and the outline of car is clearly visible."
1725,02743.png,Road has Overexposure,Road,Overexposure,Decrease Brightness,"The overexposure in the fusion image has been repaired, and the outline of road is clearly visible."
1726,02744.png,Car has Overexposure,Car,Overexposure,Decrease Brightness,"The overexposure in the fusion image has been repaired, and the outline of car is clearly visible."
1727,02745.png,Car has Overexposure,Car,Overexposure,Decrease Brightness,"The overexposure in the fusion image has been repaired, and the outline of car is clearly visible."
1728,02747.png,Car has Overexposure,Car,Overexposure,Decrease Brightness,"The overexposure in the fusion image has been repaired, and the outline of car is clearly visible."
1729,02748.png,Car has Overexposure,Car,Overexposure,Decrease Brightness,"The overexposure in the fusion image has been repaired, and the outline of car is clearly visible."
1730,02749.png,Car has Overexposure,Car,Overexposure,Decrease Brightness,"The overexposure in the fusion image has been repaired, and the outline of car is clearly visible."
1731,02750.png,Car has Overexposure,Car,Overexposure,Decrease Brightness,"The overexposure in the fusion image has been repaired, and the outline of car is clearly visible."
1732,02752.png,Car has Overexposure,Car,Overexposure,Decrease Brightness,"The overexposure in the fusion image has been repaired, and the outline of car is clearly visible."
1733,02754.png,Car has Overexposure,Car,Overexposure,Decrease Brightness,"The overexposure in the fusion image has been repaired, and the outline of car is clearly visible."
1734,02755.png,Car has Overexposure,Car,Overexposure,Decrease Brightness,"The overexposure in the fusion image has been repaired, and the outline of car is clearly visible."
1735,02756.png,Car has Overexposure,Car,Overexposure,Decrease Brightness,"The overexposure in the fusion image has been repaired, and the outline of car is clearly visible."
1736,02758.png,Road has Overexposure,Road,Overexposure,Decrease Brightness,"The overexposure in the fusion image has been repaired, and the outline of road is clearly visible."
1737,02759.png,Car has Overexposure,Car,Overexposure,Decrease Brightness,"The overexposure in the fusion image has been repaired, and the outline of car is clearly visible."
1738,02760.png,Car has Motion Blur,Car,Motion Blur,Sharpen,"The motion Blur in the fusion image has been sharpen, and the outline of car is clearly visible."
1739,02761.png,Car has Overexposure,Car,Overexposure,Decrease Brightness,"The overexposure in the fusion image has been repaired, and the outline of car is clearly visible."
1740,02763.png,Road has Overexposure,Road,Overexposure,Decrease Brightness,"The overexposure in the fusion image has been repaired, and the outline of road is clearly visible."
1741,02764.png,Car has Overexposure,Car,Overexposure,Decrease Brightness,"The overexposure in the fusion image has been repaired, and the outline of car is clearly visible."
1742,02765.png,Car has Overexposure,Car,Overexposure,Decrease Brightness,"The overexposure in the fusion image has been repaired, and the outline of car is clearly visible."
1743,02766.png,Car has Overexposure,Car,Overexposure,Decrease Brightness,"The overexposure in the fusion image has been repaired, and the outline of car is clearly visible."
1744,02767.png,Car has Overexposure,Car,Overexposure,Decrease Brightness,"The overexposure in the fusion image has been repaired, and the outline of car is clearly visible."
1745,02768.png,Car has Overexposure,Car,Overexposure,Decrease Brightness,"The overexposure in the fusion image has been repaired, and the outline of car is clearly visible."
1746,02770.png,Road has Overexposure,Road,Overexposure,Decrease Brightness,"The overexposure in the fusion image has been repaired, and the outline of road is clearly visible."
1747,02771.png,Car has Overexposure,Car,Overexposure,Decrease Brightness,"The overexposure in the fusion image has been repaired, and the outline of car is clearly visible."
1748,02773.png,Car has Motion Blur,Car,Motion Blur,Sharpen,"The motion Blur in the fusion image has been sharpen, and the outline of car is clearly visible."
1749,02774.png,Car has Overexposure,Car,Overexposure,Decrease Brightness,"The overexposure in the fusion image has been repaired, and the outline of car is clearly visible."
1750,02775.png,Road has Motion Blur,Road,Motion Blur,Sharpen,"The motion Blur in the fusion image has been sharpen, and the outline of road is clearly visible."
1751,02781.png,Road has Overexposure,Road,Overexposure,Decrease Brightness,"The overexposure in the fusion image has been repaired, and the outline of road is clearly visible."
1752,02782.png,Road has Overexposure,Road,Overexposure,Decrease Brightness,"The overexposure in the fusion image has been repaired, and the outline of road is clearly visible."
1753,02784.png,Road has Motion Blur,Road,Motion Blur,Sharpen,"The motion Blur in the fusion image has been sharpen, and the outline of road is clearly visible."
1754,02786.png,Road has Motion Blur,Road,Motion Blur,Sharpen,"The motion Blur in the fusion image has been sharpen, and the outline of road is clearly visible."
1755,02787.png,Road has Motion Blur,Road,Motion Blur,Sharpen,"The motion Blur in the fusion image has been sharpen, and the outline of road is clearly visible."
1756,02788.png,Road has Overexposure,Road,Overexposure,Decrease Brightness,"The overexposure in the fusion image has been repaired, and the outline of road is clearly visible."
1757,02790.png,Road has Overexposure,Road,Overexposure,Decrease Brightness,"The overexposure in the fusion image has been repaired, and the outline of road is clearly visible."
1758,02793.png,Road has Overexposure,Road,Overexposure,Decrease Brightness,"The overexposure in the fusion image has been repaired, and the outline of road is clearly visible."
1759,02794.png,Car has Overexposure,Car,Overexposure,Decrease Brightness,"The overexposure in the fusion image has been repaired, and the outline of car is clearly visible."
1760,02795.png,Road has Overexposure,Road,Overexposure,Decrease Brightness,"The overexposure in the fusion image has been repaired, and the outline of road is clearly visible."
1761,02801.png,Car has Overexposure,Car,Overexposure,Decrease Brightness,"The overexposure in the fusion image has been repaired, and the outline of car is clearly visible."
1762,02802.png,Car has Overexposure,Car,Overexposure,Decrease Brightness,"The overexposure in the fusion image has been repaired, and the outline of car is clearly visible."
1763,02803.png,Car has Overexposure,Car,Overexposure,Decrease Brightness,"The overexposure in the fusion image has been repaired, and the outline of car is clearly visible."
1764,02804.png,Road has Overexposure,Road,Overexposure,Decrease Brightness,"The overexposure in the fusion image has been repaired, and the outline of road is clearly visible."
1765,02805.png,Road has Low Contrast,Road,Low Contrast,Enhance Contrast,"The contrast in the fusion image has been enhanced, and the outline of road is clearly visible."
1766,02806.png,Road has Overexposure,Road,Overexposure,Decrease Brightness,"The overexposure in the fusion image has been repaired, and the outline of road is clearly visible."
1767,02807.png,Car has Overexposure,Car,Overexposure,Decrease Brightness,"The overexposure in the fusion image has been repaired, and the outline of car is clearly visible."
1768,02808.png,Car has Overexposure,Car,Overexposure,Decrease Brightness,"The overexposure in the fusion image has been repaired, and the outline of car is clearly visible."
1769,02809.png,Road has Motion Blur,Road,Motion Blur,Sharpen,"The motion Blur in the fusion image has been sharpen, and the outline of road is clearly visible."
1770,02810.png,Car has Overexposure,Car,Overexposure,Decrease Brightness,"The overexposure in the fusion image has been repaired, and the outline of car is clearly visible."
1771,02812.png,Car has Overexposure,Car,Overexposure,Decrease Brightness,"The overexposure in the fusion image has been repaired, and the outline of car is clearly visible."
1772,02813.png,Car has Overexposure,Car,Overexposure,Decrease Brightness,"The overexposure in the fusion image has been repaired, and the outline of car is clearly visible."
1773,02814.png,Car has Overexposure,Car,Overexposure,Decrease Brightness,"The overexposure in the fusion image has been repaired, and the outline of car is clearly visible."
1774,02815.png,Road has Overexposure,Road,Overexposure,Decrease Brightness,"The overexposure in the fusion image has been repaired, and the outline of road is clearly visible."
1775,02816.png,Car has Overexposure,Car,Overexposure,Decrease Brightness,"The overexposure in the fusion image has been repaired, and the outline of car is clearly visible."
1776,02817.png,Car has Overexposure,Car,Overexposure,Decrease Brightness,"The overexposure in the fusion image has been repaired, and the outline of car is clearly visible."
1777,02819.png,Car has Overexposure,Car,Overexposure,Decrease Brightness,"The overexposure in the fusion image has been repaired, and the outline of car is clearly visible."
1778,02820.png,Car has Overexposure,Car,Overexposure,Decrease Brightness,"The overexposure in the fusion image has been repaired, and the outline of car is clearly visible."
1779,02821.png,Car has Overexposure,Car,Overexposure,Decrease Brightness,"The overexposure in the fusion image has been repaired, and the outline of car is clearly visible."
1780,02822.png,Car has Overexposure,Car,Overexposure,Decrease Brightness,"The overexposure in the fusion image has been repaired, and the outline of car is clearly visible."
1781,02823.png,Car has Overexposure,Car,Overexposure,Decrease Brightness,"The overexposure in the fusion image has been repaired, and the outline of car is clearly visible."
1782,02825.png,Road has Overexposure,Road,Overexposure,Decrease Brightness,"The overexposure in the fusion image has been repaired, and the outline of road is clearly visible."
1783,02828.png,Road has Overexposure,Road,Overexposure,Decrease Brightness,"The overexposure in the fusion image has been repaired, and the outline of road is clearly visible."
1784,02829.png,Road has Overexposure,Road,Overexposure,Decrease Brightness,"The overexposure in the fusion image has been repaired, and the outline of road is clearly visible."
1785,02830.png,Car has Overexposure,Car,Overexposure,Decrease Brightness,"The overexposure in the fusion image has been repaired, and the outline of car is clearly visible."
1786,02831.png,Car has Overexposure,Car,Overexposure,Decrease Brightness,"The overexposure in the fusion image has been repaired, and the outline of car is clearly visible."
1787,02832.png,Road has Overexposure,Road,Overexposure,Decrease Brightness,"The overexposure in the fusion image has been repaired, and the outline of road is clearly visible."
1788,02834.png,Car has Overexposure,Car,Overexposure,Decrease Brightness,"The overexposure in the fusion image has been repaired, and the outline of car is clearly visible."
1789,02835.png,Road has Motion Blur,Road,Motion Blur,Sharpen,"The motion Blur in the fusion image has been sharpen, and the outline of road is clearly visible."
1790,02837.png,Road has Overexposure,Road,Overexposure,Decrease Brightness,"The overexposure in the fusion image has been repaired, and the outline of road is clearly visible."
1791,02838.png,Road has Overexposure,Road,Overexposure,Decrease Brightness,"The overexposure in the fusion image has been repaired, and the outline of road is clearly visible."
1792,02839.png,Car has Overexposure,Car,Overexposure,Decrease Brightness,"The overexposure in the fusion image has been repaired, and the outline of car is clearly visible."
1793,02843.png,Car has Overexposure,Car,Overexposure,Decrease Brightness,"The overexposure in the fusion image has been repaired, and the outline of car is clearly visible."
1794,02845.png,Car has Overexposure,Car,Overexposure,Decrease Brightness,"The overexposure in the fusion image has been repaired, and the outline of car is clearly visible."
1795,02848.png,Road has Overexposure,Road,Overexposure,Decrease Brightness,"The overexposure in the fusion image has been repaired, and the outline of road is clearly visible."
1796,02849.png,Road has Overexposure,Road,Overexposure,Decrease Brightness,"The overexposure in the fusion image has been repaired, and the outline of road is clearly visible."
1797,02850.png,Road has Overexposure,Road,Overexposure,Decrease Brightness,"The overexposure in the fusion image has been repaired, and the outline of road is clearly visible."
1798,02851.png,Road has Overexposure,Road,Overexposure,Decrease Brightness,"The overexposure in the fusion image has been repaired, and the outline of road is clearly visible."
1799,02855.png,Road has Motion Blur,Road,Motion Blur,Sharpen,"The motion Blur in the fusion image has been sharpen, and the outline of road is clearly visible."
1800,02856.png,Road has Motion Blur,Road,Motion Blur,Sharpen,"The motion Blur in the fusion image has been sharpen, and the outline of road is clearly visible."
1801,02857.png,Road has Overexposure,Road,Overexposure,Decrease Brightness,"The overexposure in the fusion image has been repaired, and the outline of road is clearly visible."
1802,02858.png,Road has Overexposure,Road,Overexposure,Decrease Brightness,"The overexposure in the fusion image has been repaired, and the outline of road is clearly visible."
1803,02859.png,Road has Overexposure,Road,Overexposure,Decrease Brightness,"The overexposure in the fusion image has been repaired, and the outline of road is clearly visible."
1804,02860.png,Road has Overexposure,Road,Overexposure,Decrease Brightness,"The overexposure in the fusion image has been repaired, and the outline of road is clearly visible."
1805,02862.png,Road has Overexposure,Road,Overexposure,Decrease Brightness,"The overexposure in the fusion image has been repaired, and the outline of road is clearly visible."
1806,02865.png,Road has Overexposure,Road,Overexposure,Decrease Brightness,"The overexposure in the fusion image has been repaired, and the outline of road is clearly visible."
1807,02866.png,Road has Overexposure,Road,Overexposure,Decrease Brightness,"The overexposure in the fusion image has been repaired, and the outline of road is clearly visible."
1808,02868.png,Car has Overexposure,Car,Overexposure,Decrease Brightness,"The overexposure in the fusion image has been repaired, and the outline of car is clearly visible."
1809,02872.png,Road has Motion Blur,Road,Motion Blur,Sharpen,"The motion Blur in the fusion image has been sharpen, and the outline of road is clearly visible."
1810,02873.png,Road has Motion Blur,Road,Motion Blur,Sharpen,"The motion Blur in the fusion image has been sharpen, and the outline of road is clearly visible."
1811,02874.png,Streetlight has Overexposure,Streetlight,Overexposure,Decrease Brightness,"The overexposure in the fusion image has been repaired, and the outline of streetlight is clearly visible."
1812,02875.png,Road has Motion Blur,Road,Motion Blur,Sharpen,"The motion Blur in the fusion image has been sharpen, and the outline of road is clearly visible."
1813,02876.png,Road has Motion Blur,Road,Motion Blur,Sharpen,"The motion Blur in the fusion image has been sharpen, and the outline of road is clearly visible."
1814,02877.png,Road has Motion Blur,Road,Motion Blur,Sharpen,"The motion Blur in the fusion image has been sharpen, and the outline of road is clearly visible."
1815,02878.png,Streetlight has Overexposure,Streetlight,Overexposure,Decrease Brightness,"The overexposure in the fusion image has been repaired, and the outline of streetlight is clearly visible."
1816,02879.png,Streetlight has Overexposure,Streetlight,Overexposure,Decrease Brightness,"The overexposure in the fusion image has been repaired, and the outline of streetlight is clearly visible."
1817,02880.png,Road has Motion Blur,Road,Motion Blur,Sharpen,"The motion Blur in the fusion image has been sharpen, and the outline of road is clearly visible."
1818,02884.png,Streetlight has Overexposure,Streetlight,Overexposure,Decrease Brightness,"The overexposure in the fusion image has been repaired, and the outline of streetlight is clearly visible."
1819,02886.png,Car has Overexposure,Car,Overexposure,Decrease Brightness,"The overexposure in the fusion image has been repaired, and the outline of car is clearly visible."
1820,02887.png,Car has Overexposure,Car,Overexposure,Decrease Brightness,"The overexposure in the fusion image has been repaired, and the outline of car is clearly visible."
1821,02888.png,Car has Overexposure,Car,Overexposure,Decrease Brightness,"The overexposure in the fusion image has been repaired, and the outline of car is clearly visible."
1822,02889.png,Car has Overexposure,Car,Overexposure,Decrease Brightness,"The overexposure in the fusion image has been repaired, and the outline of car is clearly visible."
1823,02890.png,Car has Overexposure,Car,Overexposure,Decrease Brightness,"The overexposure in the fusion image has been repaired, and the outline of car is clearly visible."
1824,02891.png,Road has Motion Blur,Road,Motion Blur,Sharpen,"The motion Blur in the fusion image has been sharpen, and the outline of road is clearly visible."
1825,02895.png,Road has Overexposure,Road,Overexposure,Decrease Brightness,"The overexposure in the fusion image has been repaired, and the outline of road is clearly visible."
1826,02897.png,Car has Overexposure,Car,Overexposure,Decrease Brightness,"The overexposure in the fusion image has been repaired, and the outline of car is clearly visible."
1827,02898.png,Road has Overexposure,Road,Overexposure,Decrease Brightness,"The overexposure in the fusion image has been repaired, and the outline of road is clearly visible."
1828,02899.png,Road has Motion Blur,Road,Motion Blur,Sharpen,"The motion Blur in the fusion image has been sharpen, and the outline of road is clearly visible."
1829,02912.png,Road has Motion Blur,Road,Motion Blur,Sharpen,"The motion Blur in the fusion image has been sharpen, and the outline of road is clearly visible."
1830,02915.png,Car has Overexposure,Car,Overexposure,Decrease Brightness,"The overexposure in the fusion image has been repaired, and the outline of car is clearly visible."
1831,02916.png,Road has Overexposure,Road,Overexposure,Decrease Brightness,"The overexposure in the fusion image has been repaired, and the outline of road is clearly visible."
1832,02918.png,Car has Overexposure,Car,Overexposure,Decrease Brightness,"The overexposure in the fusion image has been repaired, and the outline of car is clearly visible."
1833,02919.png,Car has Overexposure,Car,Overexposure,Decrease Brightness,"The overexposure in the fusion image has been repaired, and the outline of car is clearly visible."
1834,02920.png,Car has Overexposure,Car,Overexposure,Decrease Brightness,"The overexposure in the fusion image has been repaired, and the outline of car is clearly visible."
1835,02921.png,Car has Overexposure,Car,Overexposure,Decrease Brightness,"The overexposure in the fusion image has been repaired, and the outline of car is clearly visible."
1836,02922.png,Car has Overexposure,Car,Overexposure,Decrease Brightness,"The overexposure in the fusion image has been repaired, and the outline of car is clearly visible."
1837,02923.png,Car has Overexposure,Car,Overexposure,Decrease Brightness,"The overexposure in the fusion image has been repaired, and the outline of car is clearly visible."
1838,02924.png,Streetlight has Overexposure,Streetlight,Overexposure,Decrease Brightness,"The overexposure in the fusion image has been repaired, and the outline of streetlight is clearly visible."
1839,02927.png,Road has Overexposure,Road,Overexposure,Decrease Brightness,"The overexposure in the fusion image has been repaired, and the outline of road is clearly visible."
1840,02928.png,Road has Overexposure,Road,Overexposure,Decrease Brightness,"The overexposure in the fusion image has been repaired, and the outline of road is clearly visible."
1841,02929.png,Car has Overexposure,Car,Overexposure,Decrease Brightness,"The overexposure in the fusion image has been repaired, and the outline of car is clearly visible."
1842,02932.png,Car has Overexposure,Car,Overexposure,Decrease Brightness,"The overexposure in the fusion image has been repaired, and the outline of car is clearly visible."
1843,02934.png,Car has Overexposure,Car,Overexposure,Decrease Brightness,"The overexposure in the fusion image has been repaired, and the outline of car is clearly visible."
1844,02935.png,Road has Overexposure,Road,Overexposure,Decrease Brightness,"The overexposure in the fusion image has been repaired, and the outline of road is clearly visible."
1845,02936.png,Road has Overexposure,Road,Overexposure,Decrease Brightness,"The overexposure in the fusion image has been repaired, and the outline of road is clearly visible."
1846,02937.png,Car has Overexposure,Car,Overexposure,Decrease Brightness,"The overexposure in the fusion image has been repaired, and the outline of car is clearly visible."
1847,02938.png,Car has Overexposure,Car,Overexposure,Decrease Brightness,"The overexposure in the fusion image has been repaired, and the outline of car is clearly visible."
1848,02940.png,Car has Overexposure,Car,Overexposure,Decrease Brightness,"The overexposure in the fusion image has been repaired, and the outline of car is clearly visible."
1849,02942.png,Car has Overexposure,Car,Overexposure,Decrease Brightness,"The overexposure in the fusion image has been repaired, and the outline of car is clearly visible."
1850,02944.png,Car has Overexposure,Car,Overexposure,Decrease Brightness,"The overexposure in the fusion image has been repaired, and the outline of car is clearly visible."
1851,02945.png,Car has Overexposure,Car,Overexposure,Decrease Brightness,"The overexposure in the fusion image has been repaired, and the outline of car is clearly visible."
1852,02946.png,Car has Overexposure,Car,Overexposure,Decrease Brightness,"The overexposure in the fusion image has been repaired, and the outline of car is clearly visible."
1853,02947.png,Car has Overexposure,Car,Overexposure,Decrease Brightness,"The overexposure in the fusion image has been repaired, and the outline of car is clearly visible."
1854,02948.png,Car has Overexposure,Car,Overexposure,Decrease Brightness,"The overexposure in the fusion image has been repaired, and the outline of car is clearly visible."
1855,02950.png,Car has Overexposure,Car,Overexposure,Decrease Brightness,"The overexposure in the fusion image has been repaired, and the outline of car is clearly visible."
1856,02951.png,Car has Overexposure,Car,Overexposure,Decrease Brightness,"The overexposure in the fusion image has been repaired, and the outline of car is clearly visible."
1857,02952.png,Car has Overexposure,Car,Overexposure,Decrease Brightness,"The overexposure in the fusion image has been repaired, and the outline of car is clearly visible."
1858,02954.png,Car has Overexposure,Car,Overexposure,Decrease Brightness,"The overexposure in the fusion image has been repaired, and the outline of car is clearly visible."
1859,02955.png,Car has Overexposure,Car,Overexposure,Decrease Brightness,"The overexposure in the fusion image has been repaired, and the outline of car is clearly visible."
1860,02956.png,Car has Overexposure,Car,Overexposure,Decrease Brightness,"The overexposure in the fusion image has been repaired, and the outline of car is clearly visible."
1861,02958.png,Car has Overexposure,Car,Overexposure,Decrease Brightness,"The overexposure in the fusion image has been repaired, and the outline of car is clearly visible."
1862,02959.png,Car has Overexposure,Car,Overexposure,Decrease Brightness,"The overexposure in the fusion image has been repaired, and the outline of car is clearly visible."
1863,02962.png,Car has Overexposure,Car,Overexposure,Decrease Brightness,"The overexposure in the fusion image has been repaired, and the outline of car is clearly visible."
1864,02963.png,Car has Overexposure,Car,Overexposure,Decrease Brightness,"The overexposure in the fusion image has been repaired, and the outline of car is clearly visible."
1865,02964.png,Car has Overexposure,Car,Overexposure,Decrease Brightness,"The overexposure in the fusion image has been repaired, and the outline of car is clearly visible."
1866,02965.png,Car has Overexposure,Car,Overexposure,Decrease Brightness,"The overexposure in the fusion image has been repaired, and the outline of car is clearly visible."
1867,02967.png,Car has Overexposure,Car,Overexposure,Decrease Brightness,"The overexposure in the fusion image has been repaired, and the outline of car is clearly visible."
1868,02968.png,Car has Overexposure,Car,Overexposure,Decrease Brightness,"The overexposure in the fusion image has been repaired, and the outline of car is clearly visible."
1869,02969.png,Car has Overexposure,Car,Overexposure,Decrease Brightness,"The overexposure in the fusion image has been repaired, and the outline of car is clearly visible."
1870,02970.png,Car has Overexposure,Car,Overexposure,Decrease Brightness,"The overexposure in the fusion image has been repaired, and the outline of car is clearly visible."
1871,02971.png,Car has Overexposure,Car,Overexposure,Decrease Brightness,"The overexposure in the fusion image has been repaired, and the outline of car is clearly visible."
1872,02972.png,Car has Overexposure,Car,Overexposure,Decrease Brightness,"The overexposure in the fusion image has been repaired, and the outline of car is clearly visible."
1873,02973.png,Car has Overexposure,Car,Overexposure,Decrease Brightness,"The overexposure in the fusion image has been repaired, and the outline of car is clearly visible."
1874,02974.png,Car has Overexposure,Car,Overexposure,Decrease Brightness,"The overexposure in the fusion image has been repaired, and the outline of car is clearly visible."
1875,02975.png,Car has Overexposure,Car,Overexposure,Decrease Brightness,"The overexposure in the fusion image has been repaired, and the outline of car is clearly visible."
1876,02976.png,Car has Overexposure,Car,Overexposure,Decrease Brightness,"The overexposure in the fusion image has been repaired, and the outline of car is clearly visible."
1877,02977.png,Car has Overexposure,Car,Overexposure,Decrease Brightness,"The overexposure in the fusion image has been repaired, and the outline of car is clearly visible."
1878,02978.png,Car has Overexposure,Car,Overexposure,Decrease Brightness,"The overexposure in the fusion image has been repaired, and the outline of car is clearly visible."
1879,02979.png,Car has Overexposure,Car,Overexposure,Decrease Brightness,"The overexposure in the fusion image has been repaired, and the outline of car is clearly visible."
1880,02980.png,Car has Overexposure,Car,Overexposure,Decrease Brightness,"The overexposure in the fusion image has been repaired, and the outline of car is clearly visible."
1881,02982.png,Car has Overexposure,Car,Overexposure,Decrease Brightness,"The overexposure in the fusion image has been repaired, and the outline of car is clearly visible."
1882,02983.png,Car has Overexposure,Car,Overexposure,Decrease Brightness,"The overexposure in the fusion image has been repaired, and the outline of car is clearly visible."
1883,02984.png,Car has Overexposure,Car,Overexposure,Decrease Brightness,"The overexposure in the fusion image has been repaired, and the outline of car is clearly visible."
1884,02986.png,Car has Overexposure,Car,Overexposure,Decrease Brightness,"The overexposure in the fusion image has been repaired, and the outline of car is clearly visible."
1885,02987.png,Car has Overexposure,Car,Overexposure,Decrease Brightness,"The overexposure in the fusion image has been repaired, and the outline of car is clearly visible."
1886,02988.png,Car has Overexposure,Car,Overexposure,Decrease Brightness,"The overexposure in the fusion image has been repaired, and the outline of car is clearly visible."
1887,02989.png,Car has Overexposure,Car,Overexposure,Decrease Brightness,"The overexposure in the fusion image has been repaired, and the outline of car is clearly visible."
1888,02990.png,Car has Overexposure,Car,Overexposure,Decrease Brightness,"The overexposure in the fusion image has been repaired, and the outline of car is clearly visible."
1889,02992.png,Car has Overexposure,Car,Overexposure,Decrease Brightness,"The overexposure in the fusion image has been repaired, and the outline of car is clearly visible."
1890,02993.png,Car has Overexposure,Car,Overexposure,Decrease Brightness,"The overexposure in the fusion image has been repaired, and the outline of car is clearly visible."
1891,02994.png,Car has Overexposure,Car,Overexposure,Decrease Brightness,"The overexposure in the fusion image has been repaired, and the outline of car is clearly visible."
1892,02995.png,Car has Overexposure,Car,Overexposure,Decrease Brightness,"The overexposure in the fusion image has been repaired, and the outline of car is clearly visible."
1893,02996.png,Car has Overexposure,Car,Overexposure,Decrease Brightness,"The overexposure in the fusion image has been repaired, and the outline of car is clearly visible."
1894,02997.png,Car has Overexposure,Car,Overexposure,Decrease Brightness,"The overexposure in the fusion image has been repaired, and the outline of car is clearly visible."
1895,02998.png,Car has Overexposure,Car,Overexposure,Decrease Brightness,"The overexposure in the fusion image has been repaired, and the outline of car is clearly visible."
1896,02999.png,Car has Overexposure,Car,Overexposure,Decrease Brightness,"The overexposure in the fusion image has been repaired, and the outline of car is clearly visible."
1897,03000.png,Car has Overexposure,Car,Overexposure,Decrease Brightness,"The overexposure in the fusion image has been repaired, and the outline of car is clearly visible."
1898,03001.png,Car has Overexposure,Car,Overexposure,Decrease Brightness,"The overexposure in the fusion image has been repaired, and the outline of car is clearly visible."
1899,03002.png,Car has Overexposure,Car,Overexposure,Decrease Brightness,"The overexposure in the fusion image has been repaired, and the outline of car is clearly visible."
1900,03003.png,Car has Overexposure,Car,Overexposure,Decrease Brightness,"The overexposure in the fusion image has been repaired, and the outline of car is clearly visible."
1901,03006.png,Car has Overexposure,Car,Overexposure,Decrease Brightness,"The overexposure in the fusion image has been repaired, and the outline of car is clearly visible."
1902,03007.png,Car has Overexposure,Car,Overexposure,Decrease Brightness,"The overexposure in the fusion image has been repaired, and the outline of car is clearly visible."
1903,03009.png,Car has Overexposure,Car,Overexposure,Decrease Brightness,"The overexposure in the fusion image has been repaired, and the outline of car is clearly visible."
1904,03010.png,Car has Overexposure,Car,Overexposure,Decrease Brightness,"The overexposure in the fusion image has been repaired, and the outline of car is clearly visible."
1905,03011.png,Car has Overexposure,Car,Overexposure,Decrease Brightness,"The overexposure in the fusion image has been repaired, and the outline of car is clearly visible."
1906,03012.png,Car has Overexposure,Car,Overexposure,Decrease Brightness,"The overexposure in the fusion image has been repaired, and the outline of car is clearly visible."
1907,03013.png,Car has Overexposure,Car,Overexposure,Decrease Brightness,"The overexposure in the fusion image has been repaired, and the outline of car is clearly visible."
1908,03014.png,Car has Overexposure,Car,Overexposure,Decrease Brightness,"The overexposure in the fusion image has been repaired, and the outline of car is clearly visible."
1909,03015.png,Car has Overexposure,Car,Overexposure,Decrease Brightness,"The overexposure in the fusion image has been repaired, and the outline of car is clearly visible."
1910,03016.png,Car has Overexposure,Car,Overexposure,Decrease Brightness,"The overexposure in the fusion image has been repaired, and the outline of car is clearly visible."
1911,03017.png,Car has Overexposure,Car,Overexposure,Decrease Brightness,"The overexposure in the fusion image has been repaired, and the outline of car is clearly visible."
1912,03019.png,Car has Overexposure,Car,Overexposure,Decrease Brightness,"The overexposure in the fusion image has been repaired, and the outline of car is clearly visible."
1913,03020.png,Road has Overexposure,Road,Overexposure,Decrease Brightness,"The overexposure in the fusion image has been repaired, and the outline of road is clearly visible."
1914,03021.png,Road has Overexposure,Road,Overexposure,Decrease Brightness,"The overexposure in the fusion image has been repaired, and the outline of road is clearly visible."
1915,03022.png,Road has Overexposure,Road,Overexposure,Decrease Brightness,"The overexposure in the fusion image has been repaired, and the outline of road is clearly visible."
1916,03023.png,Car has Overexposure,Car,Overexposure,Decrease Brightness,"The overexposure in the fusion image has been repaired, and the outline of car is clearly visible."
1917,03024.png,Car has Overexposure,Car,Overexposure,Decrease Brightness,"The overexposure in the fusion image has been repaired, and the outline of car is clearly visible."
1918,03025.png,Car has Overexposure,Car,Overexposure,Decrease Brightness,"The overexposure in the fusion image has been repaired, and the outline of car is clearly visible."
1919,03026.png,Car has Motion Blur,Car,Motion Blur,Sharpen,"The motion Blur in the fusion image has been sharpen, and the outline of car is clearly visible."
1920,03027.png,Car has Overexposure,Car,Overexposure,Decrease Brightness,"The overexposure in the fusion image has been repaired, and the outline of car is clearly visible."
1921,03028.png,Car has Overexposure,Car,Overexposure,Decrease Brightness,"The overexposure in the fusion image has been repaired, and the outline of car is clearly visible."
1922,03029.png,Car has Overexposure,Car,Overexposure,Decrease Brightness,"The overexposure in the fusion image has been repaired, and the outline of car is clearly visible."
1923,03031.png,Car has Overexposure,Car,Overexposure,Decrease Brightness,"The overexposure in the fusion image has been repaired, and the outline of car is clearly visible."
1924,03033.png,Car has Overexposure,Car,Overexposure,Decrease Brightness,"The overexposure in the fusion image has been repaired, and the outline of car is clearly visible."
1925,03034.png,Car has Overexposure,Car,Overexposure,Decrease Brightness,"The overexposure in the fusion image has been repaired, and the outline of car is clearly visible."
1926,03035.png,Car has Overexposure,Car,Overexposure,Decrease Brightness,"The overexposure in the fusion image has been repaired, and the outline of car is clearly visible."
1927,03036.png,Car has Overexposure,Car,Overexposure,Decrease Brightness,"The overexposure in the fusion image has been repaired, and the outline of car is clearly visible."
1928,03037.png,Car has Overexposure,Car,Overexposure,Decrease Brightness,"The overexposure in the fusion image has been repaired, and the outline of car is clearly visible."
1929,03038.png,Car has Overexposure,Car,Overexposure,Decrease Brightness,"The overexposure in the fusion image has been repaired, and the outline of car is clearly visible."
1930,03039.png,Car has Overexposure,Car,Overexposure,Decrease Brightness,"The overexposure in the fusion image has been repaired, and the outline of car is clearly visible."
1931,03040.png,Car has Overexposure,Car,Overexposure,Decrease Brightness,"The overexposure in the fusion image has been repaired, and the outline of car is clearly visible."
1932,03042.png,Car has Overexposure,Car,Overexposure,Decrease Brightness,"The overexposure in the fusion image has been repaired, and the outline of car is clearly visible."
1933,03043.png,Car has Overexposure,Car,Overexposure,Decrease Brightness,"The overexposure in the fusion image has been repaired, and the outline of car is clearly visible."
1934,03044.png,Car has Overexposure,Car,Overexposure,Decrease Brightness,"The overexposure in the fusion image has been repaired, and the outline of car is clearly visible."
1935,03046.png,Car has Overexposure,Car,Overexposure,Decrease Brightness,"The overexposure in the fusion image has been repaired, and the outline of car is clearly visible."
1936,03047.png,Car has Overexposure,Car,Overexposure,Decrease Brightness,"The overexposure in the fusion image has been repaired, and the outline of car is clearly visible."
1937,03048.png,Car has Overexposure,Car,Overexposure,Decrease Brightness,"The overexposure in the fusion image has been repaired, and the outline of car is clearly visible."
1938,03049.png,Car has Overexposure,Car,Overexposure,Decrease Brightness,"The overexposure in the fusion image has been repaired, and the outline of car is clearly visible."
1939,03052.png,Car has Overexposure,Car,Overexposure,Decrease Brightness,"The overexposure in the fusion image has been repaired, and the outline of car is clearly visible."
1940,03053.png,Car has Overexposure,Car,Overexposure,Decrease Brightness,"The overexposure in the fusion image has been repaired, and the outline of car is clearly visible."
1941,03054.png,Car has Overexposure,Car,Overexposure,Decrease Brightness,"The overexposure in the fusion image has been repaired, and the outline of car is clearly visible."
1942,03056.png,Car has Overexposure,Car,Overexposure,Decrease Brightness,"The overexposure in the fusion image has been repaired, and the outline of car is clearly visible."
1943,03058.png,Car has Overexposure,Car,Overexposure,Decrease Brightness,"The overexposure in the fusion image has been repaired, and the outline of car is clearly visible."
1944,03059.png,Car has Motion Blur,Car,Motion Blur,Sharpen,"The motion Blur in the fusion image has been sharpen, and the outline of car is clearly visible."
1945,03061.png,Pedestrian has Underexposure,Pedestrian,Underexposure,Increase Brightness,"The underexposure in the fusion image has been enhanced, and the outline of pedestrians is clearly visible."
1946,03063.png,Road has Overexposure,Road,Overexposure,Decrease Brightness,"The overexposure in the fusion image has been repaired, and the outline of road is clearly visible."
1947,03064.png,Pedestrian has Underexposure,Pedestrian,Underexposure,Increase Brightness,"The underexposure in the fusion image has been enhanced, and the outline of pedestrians is clearly visible."
1948,03065.png,Pedestrian has Underexposure,Pedestrian,Underexposure,Increase Brightness,"The underexposure in the fusion image has been enhanced, and the outline of pedestrians is clearly visible."
1949,03066.png,Pedestrian has Underexposure,Pedestrian,Underexposure,Increase Brightness,"The underexposure in the fusion image has been enhanced, and the outline of pedestrians is clearly visible."
1950,03067.png,Pedestrian has Underexposure,Pedestrian,Underexposure,Increase Brightness,"The underexposure in the fusion image has been enhanced, and the outline of pedestrians is clearly visible."
1951,03069.png,Pedestrian has Underexposure,Pedestrian,Underexposure,Increase Brightness,"The underexposure in the fusion image has been enhanced, and the outline of pedestrians is clearly visible."
1952,03070.png,Pedestrian has Underexposure,Pedestrian,Underexposure,Increase Brightness,"The underexposure in the fusion image has been enhanced, and the outline of pedestrians is clearly visible."
1953,03071.png,Pedestrian has Underexposure,Pedestrian,Underexposure,Increase Brightness,"The underexposure in the fusion image has been enhanced, and the outline of pedestrians is clearly visible."
1954,03072.png,Pedestrian has Underexposure,Pedestrian,Underexposure,Increase Brightness,"The underexposure in the fusion image has been enhanced, and the outline of pedestrians is clearly visible."
1955,03073.png,Pedestrian has Underexposure,Pedestrian,Underexposure,Increase Brightness,"The underexposure in the fusion image has been enhanced, and the outline of pedestrians is clearly visible."
1956,03074.png,Pedestrian has Underexposure,Pedestrian,Underexposure,Increase Brightness,"The underexposure in the fusion image has been enhanced, and the outline of pedestrians is clearly visible."
1957,03076.png,Pedestrian has Underexposure,Pedestrian,Underexposure,Increase Brightness,"The underexposure in the fusion image has been enhanced, and the outline of pedestrians is clearly visible."
1958,03077.png,Car has Overexposure,Car,Overexposure,Decrease Brightness,"The overexposure in the fusion image has been repaired, and the outline of car is clearly visible."
1959,03079.png,Car has Overexposure,Car,Overexposure,Decrease Brightness,"The overexposure in the fusion image has been repaired, and the outline of car is clearly visible."
1960,03080.png,Car has Overexposure,Car,Overexposure,Decrease Brightness,"The overexposure in the fusion image has been repaired, and the outline of car is clearly visible."
1961,03081.png,Car has Overexposure,Car,Overexposure,Decrease Brightness,"The overexposure in the fusion image has been repaired, and the outline of car is clearly visible."
1962,03083.png,Pedestrian has Underexposure,Pedestrian,Underexposure,Increase Brightness,"The underexposure in the fusion image has been enhanced, and the outline of pedestrians is clearly visible."
1963,03085.png,Pedestrian has Underexposure,Pedestrian,Underexposure,Increase Brightness,"The underexposure in the fusion image has been enhanced, and the outline of pedestrians is clearly visible."
1964,03086.png,Pedestrian has Underexposure,Pedestrian,Underexposure,Increase Brightness,"The underexposure in the fusion image has been enhanced, and the outline of pedestrians is clearly visible."
1965,03088.png,Pedestrian has Underexposure,Pedestrian,Underexposure,Increase Brightness,"The underexposure in the fusion image has been enhanced, and the outline of pedestrians is clearly visible."
1966,03089.png,Pedestrian has Underexposure,Pedestrian,Underexposure,Increase Brightness,"The underexposure in the fusion image has been enhanced, and the outline of pedestrians is clearly visible."
1967,03090.png,Pedestrian has Underexposure,Pedestrian,Underexposure,Increase Brightness,"The underexposure in the fusion image has been enhanced, and the outline of pedestrians is clearly visible."
1968,03091.png,Pedestrian has Underexposure,Pedestrian,Underexposure,Increase Brightness,"The underexposure in the fusion image has been enhanced, and the outline of pedestrians is clearly visible."
1969,03092.png,Pedestrian has Underexposure,Pedestrian,Underexposure,Increase Brightness,"The underexposure in the fusion image has been enhanced, and the outline of pedestrians is clearly visible."
1970,03093.png,Pedestrian has Underexposure,Pedestrian,Underexposure,Increase Brightness,"The underexposure in the fusion image has been enhanced, and the outline of pedestrians is clearly visible."
1971,03094.png,Pedestrian has Underexposure,Pedestrian,Underexposure,Increase Brightness,"The underexposure in the fusion image has been enhanced, and the outline of pedestrians is clearly visible."
1972,03095.png,Pedestrian has Underexposure,Pedestrian,Underexposure,Increase Brightness,"The underexposure in the fusion image has been enhanced, and the outline of pedestrians is clearly visible."
1973,03096.png,Car has Overexposure,Car,Overexposure,Decrease Brightness,"The overexposure in the fusion image has been repaired, and the outline of car is clearly visible."
1974,03097.png,Pedestrian has Underexposure,Pedestrian,Underexposure,Increase Brightness,"The underexposure in the fusion image has been enhanced, and the outline of pedestrians is clearly visible."
1975,03098.png,Pedestrian has Underexposure,Pedestrian,Underexposure,Increase Brightness,"The underexposure in the fusion image has been enhanced, and the outline of pedestrians is clearly visible."
1976,03100.png,Car has Underexposure,Car,Underexposure,Increase Brightness,"The underexposure in the fusion image has been enhanced, and the outline of car is clearly visible."
1977,03101.png,Pedestrian has Underexposure,Pedestrian,Underexposure,Increase Brightness,"The underexposure in the fusion image has been enhanced, and the outline of pedestrians is clearly visible."
1978,03102.png,Pedestrian has Underexposure,Pedestrian,Underexposure,Increase Brightness,"The underexposure in the fusion image has been enhanced, and the outline of pedestrians is clearly visible."
1979,03104.png,Pedestrian has Underexposure,Pedestrian,Underexposure,Increase Brightness,"The underexposure in the fusion image has been enhanced, and the outline of pedestrians is clearly visible."
1980,03105.png,Pedestrian has Underexposure,Pedestrian,Underexposure,Increase Brightness,"The underexposure in the fusion image has been enhanced, and the outline of pedestrians is clearly visible."
1981,03106.png,Pedestrian has Underexposure,Pedestrian,Underexposure,Increase Brightness,"The underexposure in the fusion image has been enhanced, and the outline of pedestrians is clearly visible."
1982,03107.png,Pedestrian has Underexposure,Pedestrian,Underexposure,Increase Brightness,"The underexposure in the fusion image has been enhanced, and the outline of pedestrians is clearly visible."
1983,03110.png,Pedestrian has Underexposure,Pedestrian,Underexposure,Increase Brightness,"The underexposure in the fusion image has been enhanced, and the outline of pedestrians is clearly visible."
1984,03112.png,Pedestrian has Underexposure,Pedestrian,Underexposure,Increase Brightness,"The underexposure in the fusion image has been enhanced, and the outline of pedestrians is clearly visible."
1985,03113.png,Pedestrian has Underexposure,Pedestrian,Underexposure,Increase Brightness,"The underexposure in the fusion image has been enhanced, and the outline of pedestrians is clearly visible."
1986,03114.png,Pedestrian has Underexposure,Pedestrian,Underexposure,Increase Brightness,"The underexposure in the fusion image has been enhanced, and the outline of pedestrians is clearly visible."
1987,03115.png,Pedestrian has Underexposure,Pedestrian,Underexposure,Increase Brightness,"The underexposure in the fusion image has been enhanced, and the outline of pedestrians is clearly visible."
1988,03116.png,Car has Overexposure,Car,Overexposure,Decrease Brightness,"The overexposure in the fusion image has been repaired, and the outline of car is clearly visible."
1989,03117.png,Car has Overexposure,Car,Overexposure,Decrease Brightness,"The overexposure in the fusion image has been repaired, and the outline of car is clearly visible."
1990,03119.png,Car has Overexposure,Car,Overexposure,Decrease Brightness,"The overexposure in the fusion image has been repaired, and the outline of car is clearly visible."
1991,03120.png,Car has Overexposure,Car,Overexposure,Decrease Brightness,"The overexposure in the fusion image has been repaired, and the outline of car is clearly visible."
1992,03121.png,Car has Overexposure,Car,Overexposure,Decrease Brightness,"The overexposure in the fusion image has been repaired, and the outline of car is clearly visible."
1993,03122.png,Pedestrian has Underexposure,Pedestrian,Underexposure,Increase Brightness,"The underexposure in the fusion image has been enhanced, and the outline of pedestrians is clearly visible."
1994,03123.png,Pedestrian has Underexposure,Pedestrian,Underexposure,Increase Brightness,"The underexposure in the fusion image has been enhanced, and the outline of pedestrians is clearly visible."
1995,03124.png,Pedestrian has Underexposure,Pedestrian,Underexposure,Increase Brightness,"The underexposure in the fusion image has been enhanced, and the outline of pedestrians is clearly visible."
1996,03125.png,Pedestrian has Underexposure,Pedestrian,Underexposure,Increase Brightness,"The underexposure in the fusion image has been enhanced, and the outline of pedestrians is clearly visible."
1997,03126.png,Pedestrian has Underexposure,Pedestrian,Underexposure,Increase Brightness,"The underexposure in the fusion image has been enhanced, and the outline of pedestrians is clearly visible."
1998,03127.png,Pedestrian has Underexposure,Pedestrian,Underexposure,Increase Brightness,"The underexposure in the fusion image has been enhanced, and the outline of pedestrians is clearly visible."
1999,03128.png,Pedestrian has Underexposure,Pedestrian,Underexposure,Increase Brightness,"The underexposure in the fusion image has been enhanced, and the outline of pedestrians is clearly visible."
2000,03129.png,Pedestrian has Underexposure,Pedestrian,Underexposure,Increase Brightness,"The underexposure in the fusion image has been enhanced, and the outline of pedestrians is clearly visible."
2001,03130.png,Pedestrian has Underexposure,Pedestrian,Underexposure,Increase Brightness,"The underexposure in the fusion image has been enhanced, and the outline of pedestrians is clearly visible."
2002,03132.png,Pedestrian has Underexposure,Pedestrian,Underexposure,Increase Brightness,"The underexposure in the fusion image has been enhanced, and the outline of pedestrians is clearly visible."
2003,03133.png,Pedestrian has Underexposure,Pedestrian,Underexposure,Increase Brightness,"The underexposure in the fusion image has been enhanced, and the outline of pedestrians is clearly visible."
2004,03137.png,Car has Overexposure,Car,Overexposure,Decrease Brightness,"The overexposure in the fusion image has been repaired, and the outline of car is clearly visible."
2005,03138.png,Car has Motion Blur,Car,Motion Blur,Sharpen,"The motion Blur in the fusion image has been sharpen, and the outline of car is clearly visible."
2006,03139.png,Car has Overexposure,Car,Overexposure,Decrease Brightness,"The overexposure in the fusion image has been repaired, and the outline of car is clearly visible."
2007,03140.png,Road has Overexposure,Road,Overexposure,Decrease Brightness,"The overexposure in the fusion image has been repaired, and the outline of road is clearly visible."
2008,03142.png,Road has Overexposure,Road,Overexposure,Decrease Brightness,"The overexposure in the fusion image has been repaired, and the outline of road is clearly visible."
2009,03143.png,Road has Overexposure,Road,Overexposure,Decrease Brightness,"The overexposure in the fusion image has been repaired, and the outline of road is clearly visible."
2010,03144.png,Car has Overexposure,Car,Overexposure,Decrease Brightness,"The overexposure in the fusion image has been repaired, and the outline of car is clearly visible."
2011,03146.png,Road has Overexposure,Road,Overexposure,Decrease Brightness,"The overexposure in the fusion image has been repaired, and the outline of road is clearly visible."
2012,03147.png,Road has Motion Blur,Road,Motion Blur,Sharpen,"The motion Blur in the fusion image has been sharpen, and the outline of road is clearly visible."
2013,03148.png,Road has Overexposure,Road,Overexposure,Decrease Brightness,"The overexposure in the fusion image has been repaired, and the outline of road is clearly visible."
2014,03151.png,Road has Overexposure,Road,Overexposure,Decrease Brightness,"The overexposure in the fusion image has been repaired, and the outline of road is clearly visible."
2015,03152.png,Road has Overexposure,Road,Overexposure,Decrease Brightness,"The overexposure in the fusion image has been repaired, and the outline of road is clearly visible."
2016,03153.png,Car has Motion Blur,Car,Motion Blur,Sharpen,"The motion Blur in the fusion image has been sharpen, and the outline of car is clearly visible."
2017,03154.png,Car has Motion Blur,Car,Motion Blur,Sharpen,"The motion Blur in the fusion image has been sharpen, and the outline of car is clearly visible."
2018,03156.png,Road has Motion Blur,Road,Motion Blur,Sharpen,"The motion Blur in the fusion image has been sharpen, and the outline of road is clearly visible."
2019,03157.png,Road has Overexposure,Road,Overexposure,Decrease Brightness,"The overexposure in the fusion image has been repaired, and the outline of road is clearly visible."
2020,03160.png,Road has Overexposure,Road,Overexposure,Decrease Brightness,"The overexposure in the fusion image has been repaired, and the outline of road is clearly visible."
2021,03161.png,Road has Overexposure,Road,Overexposure,Decrease Brightness,"The overexposure in the fusion image has been repaired, and the outline of road is clearly visible."
2022,03162.png,Road has Overexposure,Road,Overexposure,Decrease Brightness,"The overexposure in the fusion image has been repaired, and the outline of road is clearly visible."
2023,03164.png,Road has Overexposure,Road,Overexposure,Decrease Brightness,"The overexposure in the fusion image has been repaired, and the outline of road is clearly visible."
2024,03169.png,Road has Low Contrast,Road,Low Contrast,Enhance Contrast,"The contrast in the fusion image has been enhanced, and the outline of road is clearly visible."
2025,03171.png,Road has Low Contrast,Road,Low Contrast,Enhance Contrast,"The contrast in the fusion image has been enhanced, and the outline of road is clearly visible."
2026,03174.png,Road has Low Contrast,Road,Low Contrast,Enhance Contrast,"The contrast in the fusion image has been enhanced, and the outline of road is clearly visible."
2027,03175.png,Road has Overexposure,Road,Overexposure,Decrease Brightness,"The overexposure in the fusion image has been repaired, and the outline of road is clearly visible."
2028,03180.png,Car has Motion Blur,Car,Motion Blur,Sharpen,"The motion Blur in the fusion image has been sharpen, and the outline of car is clearly visible."
2029,03181.png,Road has Low Contrast,Road,Low Contrast,Enhance Contrast,"The contrast in the fusion image has been enhanced, and the outline of road is clearly visible."
2030,03183.png,Road has Low Contrast,Road,Low Contrast,Enhance Contrast,"The contrast in the fusion image has been enhanced, and the outline of road is clearly visible."
2031,03189.png,Road has Low Contrast,Road,Low Contrast,Enhance Contrast,"The contrast in the fusion image has been enhanced, and the outline of road is clearly visible."
2032,03193.png,Road has Motion Blur,Road,Motion Blur,Sharpen,"The motion Blur in the fusion image has been sharpen, and the outline of road is clearly visible."
2033,03195.png,Road has Low Contrast,Road,Low Contrast,Enhance Contrast,"The contrast in the fusion image has been enhanced, and the outline of road is clearly visible."
2034,03196.png,Road has Overexposure,Road,Overexposure,Decrease Brightness,"The overexposure in the fusion image has been repaired, and the outline of road is clearly visible."
2035,03198.png,Road has Overexposure,Road,Overexposure,Decrease Brightness,"The overexposure in the fusion image has been repaired, and the outline of road is clearly visible."
2036,03199.png,Road has Low Contrast,Road,Low Contrast,Enhance Contrast,"The contrast in the fusion image has been enhanced, and the outline of road is clearly visible."
2037,03201.png,Road has Low Contrast,Road,Low Contrast,Enhance Contrast,"The contrast in the fusion image has been enhanced, and the outline of road is clearly visible."
2038,03204.png,Car has Overexposure,Car,Overexposure,Decrease Brightness,"The overexposure in the fusion image has been repaired, and the outline of car is clearly visible."
2039,03206.png,Car has Overexposure,Car,Overexposure,Decrease Brightness,"The overexposure in the fusion image has been repaired, and the outline of car is clearly visible."
2040,03207.png,Car has Overexposure,Car,Overexposure,Decrease Brightness,"The overexposure in the fusion image has been repaired, and the outline of car is clearly visible."
2041,03208.png,Car has Overexposure,Car,Overexposure,Decrease Brightness,"The overexposure in the fusion image has been repaired, and the outline of car is clearly visible."
2042,03210.png,Car has Overexposure,Car,Overexposure,Decrease Brightness,"The overexposure in the fusion image has been repaired, and the outline of car is clearly visible."
2043,03211.png,Car has Overexposure,Car,Overexposure,Decrease Brightness,"The overexposure in the fusion image has been repaired, and the outline of car is clearly visible."
2044,03212.png,Car has Overexposure,Car,Overexposure,Decrease Brightness,"The overexposure in the fusion image has been repaired, and the outline of car is clearly visible."
2045,03214.png,Car has Overexposure,Car,Overexposure,Decrease Brightness,"The overexposure in the fusion image has been repaired, and the outline of car is clearly visible."
2046,03215.png,Car has Overexposure,Car,Overexposure,Decrease Brightness,"The overexposure in the fusion image has been repaired, and the outline of car is clearly visible."
2047,03217.png,Car has Overexposure,Car,Overexposure,Decrease Brightness,"The overexposure in the fusion image has been repaired, and the outline of car is clearly visible."
2048,03218.png,Car has Overexposure,Car,Overexposure,Decrease Brightness,"The overexposure in the fusion image has been repaired, and the outline of car is clearly visible."
2049,03219.png,Car has Overexposure,Car,Overexposure,Decrease Brightness,"The overexposure in the fusion image has been repaired, and the outline of car is clearly visible."
2050,03220.png,Car has Overexposure,Car,Overexposure,Decrease Brightness,"The overexposure in the fusion image has been repaired, and the outline of car is clearly visible."
2051,03221.png,Car has Overexposure,Car,Overexposure,Decrease Brightness,"The overexposure in the fusion image has been repaired, and the outline of car is clearly visible."
2052,03222.png,Car has Overexposure,Car,Overexposure,Decrease Brightness,"The overexposure in the fusion image has been repaired, and the outline of car is clearly visible."
2053,03223.png,Car has Overexposure,Car,Overexposure,Decrease Brightness,"The overexposure in the fusion image has been repaired, and the outline of car is clearly visible."
2054,03224.png,Car has Overexposure,Car,Overexposure,Decrease Brightness,"The overexposure in the fusion image has been repaired, and the outline of car is clearly visible."
2055,03225.png,Car has Overexposure,Car,Overexposure,Decrease Brightness,"The overexposure in the fusion image has been repaired, and the outline of car is clearly visible."
2056,03226.png,Car has Overexposure,Car,Overexposure,Decrease Brightness,"The overexposure in the fusion image has been repaired, and the outline of car is clearly visible."
2057,03227.png,Car has Overexposure,Car,Overexposure,Decrease Brightness,"The overexposure in the fusion image has been repaired, and the outline of car is clearly visible."
2058,03228.png,Car has Overexposure,Car,Overexposure,Decrease Brightness,"The overexposure in the fusion image has been repaired, and the outline of car is clearly visible."
2059,03230.png,Car has Overexposure,Car,Overexposure,Decrease Brightness,"The overexposure in the fusion image has been repaired, and the outline of car is clearly visible."
2060,03231.png,Car has Overexposure,Car,Overexposure,Decrease Brightness,"The overexposure in the fusion image has been repaired, and the outline of car is clearly visible."
2061,03232.png,Car has Overexposure,Car,Overexposure,Decrease Brightness,"The overexposure in the fusion image has been repaired, and the outline of car is clearly visible."
2062,03233.png,Car has Overexposure,Car,Overexposure,Decrease Brightness,"The overexposure in the fusion image has been repaired, and the outline of car is clearly visible."
2063,03235.png,Car has Overexposure,Car,Overexposure,Decrease Brightness,"The overexposure in the fusion image has been repaired, and the outline of car is clearly visible."
2064,03236.png,Car has Overexposure,Car,Overexposure,Decrease Brightness,"The overexposure in the fusion image has been repaired, and the outline of car is clearly visible."
2065,03237.png,Car has Overexposure,Car,Overexposure,Decrease Brightness,"The overexposure in the fusion image has been repaired, and the outline of car is clearly visible."
2066,03238.png,Car has Overexposure,Car,Overexposure,Decrease Brightness,"The overexposure in the fusion image has been repaired, and the outline of car is clearly visible."
2067,03240.png,Car has Overexposure,Car,Overexposure,Decrease Brightness,"The overexposure in the fusion image has been repaired, and the outline of car is clearly visible."
2068,03241.png,Car has Overexposure,Car,Overexposure,Decrease Brightness,"The overexposure in the fusion image has been repaired, and the outline of car is clearly visible."
2069,03242.png,Car has Overexposure,Car,Overexposure,Decrease Brightness,"The overexposure in the fusion image has been repaired, and the outline of car is clearly visible."
2070,03243.png,Car has Overexposure,Car,Overexposure,Decrease Brightness,"The overexposure in the fusion image has been repaired, and the outline of car is clearly visible."
2071,03244.png,Car has Overexposure,Car,Overexposure,Decrease Brightness,"The overexposure in the fusion image has been repaired, and the outline of car is clearly visible."
2072,03246.png,Car has Overexposure,Car,Overexposure,Decrease Brightness,"The overexposure in the fusion image has been repaired, and the outline of car is clearly visible."
2073,03247.png,Car has Overexposure,Car,Overexposure,Decrease Brightness,"The overexposure in the fusion image has been repaired, and the outline of car is clearly visible."
2074,03248.png,Car has Overexposure,Car,Overexposure,Decrease Brightness,"The overexposure in the fusion image has been repaired, and the outline of car is clearly visible."
2075,03249.png,Car has Overexposure,Car,Overexposure,Decrease Brightness,"The overexposure in the fusion image has been repaired, and the outline of car is clearly visible."
2076,03250.png,Car has Overexposure,Car,Overexposure,Decrease Brightness,"The overexposure in the fusion image has been repaired, and the outline of car is clearly visible."
2077,03251.png,Car has Overexposure,Car,Overexposure,Decrease Brightness,"The overexposure in the fusion image has been repaired, and the outline of car is clearly visible."
2078,03253.png,Car has Overexposure,Car,Overexposure,Decrease Brightness,"The overexposure in the fusion image has been repaired, and the outline of car is clearly visible."
2079,03254.png,Car has Overexposure,Car,Overexposure,Decrease Brightness,"The overexposure in the fusion image has been repaired, and the outline of car is clearly visible."
2080,03255.png,Car has Overexposure,Car,Overexposure,Decrease Brightness,"The overexposure in the fusion image has been repaired, and the outline of car is clearly visible."
2081,03256.png,Road has Overexposure,Road,Overexposure,Decrease Brightness,"The overexposure in the fusion image has been repaired, and the outline of road is clearly visible."
2082,03257.png,Car has Overexposure,Car,Overexposure,Decrease Brightness,"The overexposure in the fusion image has been repaired, and the outline of car is clearly visible."
2083,03258.png,Car has Overexposure,Car,Overexposure,Decrease Brightness,"The overexposure in the fusion image has been repaired, and the outline of car is clearly visible."
2084,03259.png,Road has Overexposure,Road,Overexposure,Decrease Brightness,"The overexposure in the fusion image has been repaired, and the outline of road is clearly visible."
2085,03260.png,Car has Overexposure,Car,Overexposure,Decrease Brightness,"The overexposure in the fusion image has been repaired, and the outline of car is clearly visible."
2086,03261.png,Car has Overexposure,Car,Overexposure,Decrease Brightness,"The overexposure in the fusion image has been repaired, and the outline of car is clearly visible."
2087,03262.png,Car has Overexposure,Car,Overexposure,Decrease Brightness,"The overexposure in the fusion image has been repaired, and the outline of car is clearly visible."
2088,03263.png,Car has Overexposure,Car,Overexposure,Decrease Brightness,"The overexposure in the fusion image has been repaired, and the outline of car is clearly visible."
2089,03264.png,Car has Overexposure,Car,Overexposure,Decrease Brightness,"The overexposure in the fusion image has been repaired, and the outline of car is clearly visible."
2090,03265.png,Car has Overexposure,Car,Overexposure,Decrease Brightness,"The overexposure in the fusion image has been repaired, and the outline of car is clearly visible."
2091,03266.png,Car has Overexposure,Car,Overexposure,Decrease Brightness,"The overexposure in the fusion image has been repaired, and the outline of car is clearly visible."
2092,03267.png,Car has Overexposure,Car,Overexposure,Decrease Brightness,"The overexposure in the fusion image has been repaired, and the outline of car is clearly visible."
2093,03268.png,Car has Overexposure,Car,Overexposure,Decrease Brightness,"The overexposure in the fusion image has been repaired, and the outline of car is clearly visible."
2094,03269.png,Car has Overexposure,Car,Overexposure,Decrease Brightness,"The overexposure in the fusion image has been repaired, and the outline of car is clearly visible."
2095,03270.png,Road has Overexposure,Road,Overexposure,Decrease Brightness,"The overexposure in the fusion image has been repaired, and the outline of road is clearly visible."
2096,03271.png,Road has Overexposure,Road,Overexposure,Decrease Brightness,"The overexposure in the fusion image has been repaired, and the outline of road is clearly visible."
2097,03272.png,Car has Overexposure,Car,Overexposure,Decrease Brightness,"The overexposure in the fusion image has been repaired, and the outline of car is clearly visible."
2098,03273.png,Car has Overexposure,Car,Overexposure,Decrease Brightness,"The overexposure in the fusion image has been repaired, and the outline of car is clearly visible."
2099,03274.png,Car has Motion Blur,Car,Motion Blur,Sharpen,"The motion Blur in the fusion image has been sharpen, and the outline of car is clearly visible."
2100,03275.png,Car has Overexposure,Car,Overexposure,Decrease Brightness,"The overexposure in the fusion image has been repaired, and the outline of car is clearly visible."
2101,03276.png,Car has Overexposure,Car,Overexposure,Decrease Brightness,"The overexposure in the fusion image has been repaired, and the outline of car is clearly visible."
2102,03278.png,Road has Overexposure,Road,Overexposure,Decrease Brightness,"The overexposure in the fusion image has been repaired, and the outline of road is clearly visible."
2103,03281.png,Road has Overexposure,Road,Overexposure,Decrease Brightness,"The overexposure in the fusion image has been repaired, and the outline of road is clearly visible."
2104,03282.png,Car has Overexposure,Car,Overexposure,Decrease Brightness,"The overexposure in the fusion image has been repaired, and the outline of car is clearly visible."
2105,03283.png,Road has Overexposure,Road,Overexposure,Decrease Brightness,"The overexposure in the fusion image has been repaired, and the outline of road is clearly visible."
2106,03284.png,Road has Low Contrast,Road,Low Contrast,Enhance Contrast,"The contrast in the fusion image has been enhanced, and the outline of road is clearly visible."
2107,03286.png,Car has Overexposure,Car,Overexposure,Decrease Brightness,"The overexposure in the fusion image has been repaired, and the outline of car is clearly visible."
2108,03287.png,Road has Overexposure,Road,Overexposure,Decrease Brightness,"The overexposure in the fusion image has been repaired, and the outline of road is clearly visible."
2109,03288.png,Road has Overexposure,Road,Overexposure,Decrease Brightness,"The overexposure in the fusion image has been repaired, and the outline of road is clearly visible."
2110,03290.png,Car has Overexposure,Car,Overexposure,Decrease Brightness,"The overexposure in the fusion image has been repaired, and the outline of car is clearly visible."
2111,03291.png,Car has Overexposure,Car,Overexposure,Decrease Brightness,"The overexposure in the fusion image has been repaired, and the outline of car is clearly visible."
2112,03292.png,Road has Overexposure,Road,Overexposure,Decrease Brightness,"The overexposure in the fusion image has been repaired, and the outline of road is clearly visible."
2113,03294.png,Car has Overexposure,Car,Overexposure,Decrease Brightness,"The overexposure in the fusion image has been repaired, and the outline of car is clearly visible."
2114,03295.png,Car has Overexposure,Car,Overexposure,Decrease Brightness,"The overexposure in the fusion image has been repaired, and the outline of car is clearly visible."
2115,03296.png,Car has Overexposure,Car,Overexposure,Decrease Brightness,"The overexposure in the fusion image has been repaired, and the outline of car is clearly visible."
2116,03297.png,Car has Overexposure,Car,Overexposure,Decrease Brightness,"The overexposure in the fusion image has been repaired, and the outline of car is clearly visible."
2117,03298.png,Car has Overexposure,Car,Overexposure,Decrease Brightness,"The overexposure in the fusion image has been repaired, and the outline of car is clearly visible."
2118,03299.png,Car has Overexposure,Car,Overexposure,Decrease Brightness,"The overexposure in the fusion image has been repaired, and the outline of car is clearly visible."
2119,03301.png,Car has Overexposure,Car,Overexposure,Decrease Brightness,"The overexposure in the fusion image has been repaired, and the outline of car is clearly visible."
2120,03302.png,Car has Overexposure,Car,Overexposure,Decrease Brightness,"The overexposure in the fusion image has been repaired, and the outline of car is clearly visible."
2121,03303.png,Car has Overexposure,Car,Overexposure,Decrease Brightness,"The overexposure in the fusion image has been repaired, and the outline of car is clearly visible."
2122,03304.png,Car has Overexposure,Car,Overexposure,Decrease Brightness,"The overexposure in the fusion image has been repaired, and the outline of car is clearly visible."
2123,03305.png,Car has Overexposure,Car,Overexposure,Decrease Brightness,"The overexposure in the fusion image has been repaired, and the outline of car is clearly visible."
2124,03306.png,Car has Overexposure,Car,Overexposure,Decrease Brightness,"The overexposure in the fusion image has been repaired, and the outline of car is clearly visible."
2125,03307.png,Car has Overexposure,Car,Overexposure,Decrease Brightness,"The overexposure in the fusion image has been repaired, and the outline of car is clearly visible."
2126,03308.png,Car has Overexposure,Car,Overexposure,Decrease Brightness,"The overexposure in the fusion image has been repaired, and the outline of car is clearly visible."
2127,03309.png,Car has Overexposure,Car,Overexposure,Decrease Brightness,"The overexposure in the fusion image has been repaired, and the outline of car is clearly visible."
2128,03311.png,Car has Overexposure,Car,Overexposure,Decrease Brightness,"The overexposure in the fusion image has been repaired, and the outline of car is clearly visible."
2129,03312.png,Car has Overexposure,Car,Overexposure,Decrease Brightness,"The overexposure in the fusion image has been repaired, and the outline of car is clearly visible."
2130,03313.png,Car has Motion Blur,Car,Motion Blur,Sharpen,"The motion Blur in the fusion image has been sharpen, and the outline of car is clearly visible."
2131,03314.png,Car has Overexposure,Car,Overexposure,Decrease Brightness,"The overexposure in the fusion image has been repaired, and the outline of car is clearly visible."
2132,03316.png,Car has Overexposure,Car,Overexposure,Decrease Brightness,"The overexposure in the fusion image has been repaired, and the outline of car is clearly visible."
2133,03317.png,Car has Overexposure,Car,Overexposure,Decrease Brightness,"The overexposure in the fusion image has been repaired, and the outline of car is clearly visible."
2134,03318.png,Car has Overexposure,Car,Overexposure,Decrease Brightness,"The overexposure in the fusion image has been repaired, and the outline of car is clearly visible."
2135,03319.png,Car has Overexposure,Car,Overexposure,Decrease Brightness,"The overexposure in the fusion image has been repaired, and the outline of car is clearly visible."
2136,03320.png,Car has Overexposure,Car,Overexposure,Decrease Brightness,"The overexposure in the fusion image has been repaired, and the outline of car is clearly visible."
2137,03321.png,Car has Overexposure,Car,Overexposure,Decrease Brightness,"The overexposure in the fusion image has been repaired, and the outline of car is clearly visible."
2138,03322.png,Car has Overexposure,Car,Overexposure,Decrease Brightness,"The overexposure in the fusion image has been repaired, and the outline of car is clearly visible."
2139,03323.png,Car has Overexposure,Car,Overexposure,Decrease Brightness,"The overexposure in the fusion image has been repaired, and the outline of car is clearly visible."
2140,03324.png,Car has Overexposure,Car,Overexposure,Decrease Brightness,"The overexposure in the fusion image has been repaired, and the outline of car is clearly visible."
2141,03325.png,Car has Overexposure,Car,Overexposure,Decrease Brightness,"The overexposure in the fusion image has been repaired, and the outline of car is clearly visible."
2142,03327.png,Car has Overexposure,Car,Overexposure,Decrease Brightness,"The overexposure in the fusion image has been repaired, and the outline of car is clearly visible."
2143,03328.png,Car has Overexposure,Car,Overexposure,Decrease Brightness,"The overexposure in the fusion image has been repaired, and the outline of car is clearly visible."
2144,03331.png,Car has Overexposure,Car,Overexposure,Decrease Brightness,"The overexposure in the fusion image has been repaired, and the outline of car is clearly visible."
2145,03333.png,Car has Overexposure,Car,Overexposure,Decrease Brightness,"The overexposure in the fusion image has been repaired, and the outline of car is clearly visible."
2146,03334.png,Car has Overexposure,Car,Overexposure,Decrease Brightness,"The overexposure in the fusion image has been repaired, and the outline of car is clearly visible."
2147,03335.png,Car has Overexposure,Car,Overexposure,Decrease Brightness,"The overexposure in the fusion image has been repaired, and the outline of car is clearly visible."
2148,03336.png,Car has Overexposure,Car,Overexposure,Decrease Brightness,"The overexposure in the fusion image has been repaired, and the outline of car is clearly visible."
2149,03337.png,Car has Overexposure,Car,Overexposure,Decrease Brightness,"The overexposure in the fusion image has been repaired, and the outline of car is clearly visible."
2150,03338.png,Car has Motion Blur,Car,Motion Blur,Sharpen,"The motion Blur in the fusion image has been sharpen, and the outline of car is clearly visible."
2151,03339.png,Car has Overexposure,Car,Overexposure,Decrease Brightness,"The overexposure in the fusion image has been repaired, and the outline of car is clearly visible."
2152,03340.png,Car has Overexposure,Car,Overexposure,Decrease Brightness,"The overexposure in the fusion image has been repaired, and the outline of car is clearly visible."
2153,03341.png,Car has Overexposure,Car,Overexposure,Decrease Brightness,"The overexposure in the fusion image has been repaired, and the outline of car is clearly visible."
2154,03342.png,Car has Overexposure,Car,Overexposure,Decrease Brightness,"The overexposure in the fusion image has been repaired, and the outline of car is clearly visible."
2155,03343.png,Road has Overexposure,Road,Overexposure,Decrease Brightness,"The overexposure in the fusion image has been repaired, and the outline of road is clearly visible."
2156,03344.png,Car has Overexposure,Car,Overexposure,Decrease Brightness,"The overexposure in the fusion image has been repaired, and the outline of car is clearly visible."
2157,03345.png,Car has Overexposure,Car,Overexposure,Decrease Brightness,"The overexposure in the fusion image has been repaired, and the outline of car is clearly visible."
2158,03348.png,Car has Overexposure,Car,Overexposure,Decrease Brightness,"The overexposure in the fusion image has been repaired, and the outline of car is clearly visible."
2159,03349.png,Pedestrian has Underexposure,Pedestrian,Underexposure,Increase Brightness,"The underexposure in the fusion image has been enhanced, and the outline of pedestrians is clearly visible."
2160,03350.png,Pedestrian has Underexposure,Pedestrian,Underexposure,Increase Brightness,"The underexposure in the fusion image has been enhanced, and the outline of pedestrians is clearly visible."
2161,03351.png,Car has Overexposure,Car,Overexposure,Decrease Brightness,"The overexposure in the fusion image has been repaired, and the outline of car is clearly visible."
2162,03353.png,Car has Overexposure,Car,Overexposure,Decrease Brightness,"The overexposure in the fusion image has been repaired, and the outline of car is clearly visible."
2163,03354.png,Car has Overexposure,Car,Overexposure,Decrease Brightness,"The overexposure in the fusion image has been repaired, and the outline of car is clearly visible."
2164,03355.png,Car has Overexposure,Car,Overexposure,Decrease Brightness,"The overexposure in the fusion image has been repaired, and the outline of car is clearly visible."
2165,03356.png,Car has Overexposure,Car,Overexposure,Decrease Brightness,"The overexposure in the fusion image has been repaired, and the outline of car is clearly visible."
2166,03357.png,Car has Overexposure,Car,Overexposure,Decrease Brightness,"The overexposure in the fusion image has been repaired, and the outline of car is clearly visible."
2167,03358.png,Car has Overexposure,Car,Overexposure,Decrease Brightness,"The overexposure in the fusion image has been repaired, and the outline of car is clearly visible."
2168,03359.png,Car has Overexposure,Car,Overexposure,Decrease Brightness,"The overexposure in the fusion image has been repaired, and the outline of car is clearly visible."
2169,03360.png,Car has Overexposure,Car,Overexposure,Decrease Brightness,"The overexposure in the fusion image has been repaired, and the outline of car is clearly visible."
2170,03361.png,Pedestrian has Underexposure,Pedestrian,Underexposure,Increase Brightness,"The underexposure in the fusion image has been enhanced, and the outline of pedestrians is clearly visible."
2171,03362.png,Car has Overexposure,Car,Overexposure,Decrease Brightness,"The overexposure in the fusion image has been repaired, and the outline of car is clearly visible."
2172,03363.png,Car has Overexposure,Car,Overexposure,Decrease Brightness,"The overexposure in the fusion image has been repaired, and the outline of car is clearly visible."
2173,03365.png,Car has Overexposure,Car,Overexposure,Decrease Brightness,"The overexposure in the fusion image has been repaired, and the outline of car is clearly visible."
2174,03366.png,Car has Overexposure,Car,Overexposure,Decrease Brightness,"The overexposure in the fusion image has been repaired, and the outline of car is clearly visible."
2175,03367.png,Car has Overexposure,Car,Overexposure,Decrease Brightness,"The overexposure in the fusion image has been repaired, and the outline of car is clearly visible."
2176,03368.png,Car has Overexposure,Car,Overexposure,Decrease Brightness,"The overexposure in the fusion image has been repaired, and the outline of car is clearly visible."
2177,03369.png,Car has Overexposure,Car,Overexposure,Decrease Brightness,"The overexposure in the fusion image has been repaired, and the outline of car is clearly visible."
2178,03370.png,Car has Overexposure,Car,Overexposure,Decrease Brightness,"The overexposure in the fusion image has been repaired, and the outline of car is clearly visible."
2179,03372.png,Road has Overexposure,Road,Overexposure,Decrease Brightness,"The overexposure in the fusion image has been repaired, and the outline of road is clearly visible."
2180,03373.png,Road has Overexposure,Road,Overexposure,Decrease Brightness,"The overexposure in the fusion image has been repaired, and the outline of road is clearly visible."
2181,03374.png,Car has Overexposure,Car,Overexposure,Decrease Brightness,"The overexposure in the fusion image has been repaired, and the outline of car is clearly visible."
2182,03375.png,Car has Overexposure,Car,Overexposure,Decrease Brightness,"The overexposure in the fusion image has been repaired, and the outline of car is clearly visible."
2183,03376.png,Car has Overexposure,Car,Overexposure,Decrease Brightness,"The overexposure in the fusion image has been repaired, and the outline of car is clearly visible."
2184,03378.png,Car has Overexposure,Car,Overexposure,Decrease Brightness,"The overexposure in the fusion image has been repaired, and the outline of car is clearly visible."
2185,03379.png,Car has Overexposure,Car,Overexposure,Decrease Brightness,"The overexposure in the fusion image has been repaired, and the outline of car is clearly visible."
2186,03383.png,Car has Overexposure,Car,Overexposure,Decrease Brightness,"The overexposure in the fusion image has been repaired, and the outline of car is clearly visible."
2187,03384.png,Car has Overexposure,Car,Overexposure,Decrease Brightness,"The overexposure in the fusion image has been repaired, and the outline of car is clearly visible."
2188,03385.png,Car has Overexposure,Car,Overexposure,Decrease Brightness,"The overexposure in the fusion image has been repaired, and the outline of car is clearly visible."
2189,03386.png,Car has Overexposure,Car,Overexposure,Decrease Brightness,"The overexposure in the fusion image has been repaired, and the outline of car is clearly visible."
2190,03387.png,Car has Overexposure,Car,Overexposure,Decrease Brightness,"The overexposure in the fusion image has been repaired, and the outline of car is clearly visible."
2191,03388.png,Car has Overexposure,Car,Overexposure,Decrease Brightness,"The overexposure in the fusion image has been repaired, and the outline of car is clearly visible."
2192,03389.png,Car has Overexposure,Car,Overexposure,Decrease Brightness,"The overexposure in the fusion image has been repaired, and the outline of car is clearly visible."
2193,03390.png,Car has Overexposure,Car,Overexposure,Decrease Brightness,"The overexposure in the fusion image has been repaired, and the outline of car is clearly visible."
2194,03391.png,Car has Overexposure,Car,Overexposure,Decrease Brightness,"The overexposure in the fusion image has been repaired, and the outline of car is clearly visible."
2195,03392.png,Car has Overexposure,Car,Overexposure,Decrease Brightness,"The overexposure in the fusion image has been repaired, and the outline of car is clearly visible."
2196,03394.png,Car has Overexposure,Car,Overexposure,Decrease Brightness,"The overexposure in the fusion image has been repaired, and the outline of car is clearly visible."
2197,03395.png,Car has Overexposure,Car,Overexposure,Decrease Brightness,"The overexposure in the fusion image has been repaired, and the outline of car is clearly visible."
2198,03397.png,Car has Overexposure,Car,Overexposure,Decrease Brightness,"The overexposure in the fusion image has been repaired, and the outline of car is clearly visible."
2199,03398.png,Car has Overexposure,Car,Overexposure,Decrease Brightness,"The overexposure in the fusion image has been repaired, and the outline of car is clearly visible."
2200,03399.png,Car has Overexposure,Car,Overexposure,Decrease Brightness,"The overexposure in the fusion image has been repaired, and the outline of car is clearly visible."
2201,03402.png,Car has Overexposure,Car,Overexposure,Decrease Brightness,"The overexposure in the fusion image has been repaired, and the outline of car is clearly visible."
2202,03403.png,Car has Overexposure,Car,Overexposure,Decrease Brightness,"The overexposure in the fusion image has been repaired, and the outline of car is clearly visible."
2203,03404.png,Car has Overexposure,Car,Overexposure,Decrease Brightness,"The overexposure in the fusion image has been repaired, and the outline of car is clearly visible."
2204,03406.png,Car has Overexposure,Car,Overexposure,Decrease Brightness,"The overexposure in the fusion image has been repaired, and the outline of car is clearly visible."
2205,03407.png,Car has Overexposure,Car,Overexposure,Decrease Brightness,"The overexposure in the fusion image has been repaired, and the outline of car is clearly visible."
2206,03408.png,Car has Overexposure,Car,Overexposure,Decrease Brightness,"The overexposure in the fusion image has been repaired, and the outline of car is clearly visible."
2207,03409.png,Car has Overexposure,Car,Overexposure,Decrease Brightness,"The overexposure in the fusion image has been repaired, and the outline of car is clearly visible."
2208,03410.png,Car has Overexposure,Car,Overexposure,Decrease Brightness,"The overexposure in the fusion image has been repaired, and the outline of car is clearly visible."
2209,03411.png,Car has Overexposure,Car,Overexposure,Decrease Brightness,"The overexposure in the fusion image has been repaired, and the outline of car is clearly visible."
2210,03413.png,Car has Overexposure,Car,Overexposure,Decrease Brightness,"The overexposure in the fusion image has been repaired, and the outline of car is clearly visible."
2211,03414.png,Building has Overexposure,Building,Overexposure,Decrease Brightness,"The overexposure in the fusion image has been repaired, and the outline of building is clearly visible."
2212,03415.png,Building has Overexposure,Building,Overexposure,Decrease Brightness,"The overexposure in the fusion image has been repaired, and the outline of building is clearly visible."
2213,03417.png,Road has Motion Blur,Road,Motion Blur,Sharpen,"The motion Blur in the fusion image has been sharpen, and the outline of road is clearly visible."
2214,03418.png,Road has Overexposure,Road,Overexposure,Decrease Brightness,"The overexposure in the fusion image has been repaired, and the outline of road is clearly visible."
2215,03422.png,Road has Overexposure,Road,Overexposure,Decrease Brightness,"The overexposure in the fusion image has been repaired, and the outline of road is clearly visible."
2216,03424.png,Road has Overexposure,Road,Overexposure,Decrease Brightness,"The overexposure in the fusion image has been repaired, and the outline of road is clearly visible."
2217,03425.png,Road has Overexposure,Road,Overexposure,Decrease Brightness,"The overexposure in the fusion image has been repaired, and the outline of road is clearly visible."
2218,03426.png,Road has Overexposure,Road,Overexposure,Decrease Brightness,"The overexposure in the fusion image has been repaired, and the outline of road is clearly visible."
2219,03427.png,Building has Overexposure,Building,Overexposure,Decrease Brightness,"The overexposure in the fusion image has been repaired, and the outline of building is clearly visible."
2220,03428.png,Road has Overexposure,Road,Overexposure,Decrease Brightness,"The overexposure in the fusion image has been repaired, and the outline of road is clearly visible."
2221,03434.png,Road has Low Contrast,Road,Low Contrast,Enhance Contrast,"The contrast in the fusion image has been enhanced, and the outline of road is clearly visible."
2222,03437.png,Road has Overexposure,Road,Overexposure,Decrease Brightness,"The overexposure in the fusion image has been repaired, and the outline of road is clearly visible."
2223,03438.png,Building has Overexposure,Building,Overexposure,Decrease Brightness,"The overexposure in the fusion image has been repaired, and the outline of building is clearly visible."
2224,03439.png,Road has Motion Blur,Road,Motion Blur,Sharpen,"The motion Blur in the fusion image has been sharpen, and the outline of road is clearly visible."
2225,03440.png,Car has Overexposure,Car,Overexposure,Decrease Brightness,"The overexposure in the fusion image has been repaired, and the outline of car is clearly visible."
2226,03442.png,Car has Overexposure,Car,Overexposure,Decrease Brightness,"The overexposure in the fusion image has been repaired, and the outline of car is clearly visible."
2227,03443.png,Car has Overexposure,Car,Overexposure,Decrease Brightness,"The overexposure in the fusion image has been repaired, and the outline of car is clearly visible."
2228,03444.png,Car has Overexposure,Car,Overexposure,Decrease Brightness,"The overexposure in the fusion image has been repaired, and the outline of car is clearly visible."
2229,03445.png,Car has Overexposure,Car,Overexposure,Decrease Brightness,"The overexposure in the fusion image has been repaired, and the outline of car is clearly visible."
2230,03446.png,Car has Overexposure,Car,Overexposure,Decrease Brightness,"The overexposure in the fusion image has been repaired, and the outline of car is clearly visible."
2231,03447.png,Car has Overexposure,Car,Overexposure,Decrease Brightness,"The overexposure in the fusion image has been repaired, and the outline of car is clearly visible."
2232,03448.png,Car has Overexposure,Car,Overexposure,Decrease Brightness,"The overexposure in the fusion image has been repaired, and the outline of car is clearly visible."
2233,03449.png,Building has Overexposure,Building,Overexposure,Decrease Brightness,"The overexposure in the fusion image has been repaired, and the outline of building is clearly visible."
2234,03450.png,Car has Overexposure,Car,Overexposure,Decrease Brightness,"The overexposure in the fusion image has been repaired, and the outline of car is clearly visible."
2235,03451.png,Car has Overexposure,Car,Overexposure,Decrease Brightness,"The overexposure in the fusion image has been repaired, and the outline of car is clearly visible."
2236,03452.png,Car has Overexposure,Car,Overexposure,Decrease Brightness,"The overexposure in the fusion image has been repaired, and the outline of car is clearly visible."
2237,03453.png,Car has Overexposure,Car,Overexposure,Decrease Brightness,"The overexposure in the fusion image has been repaired, and the outline of car is clearly visible."
2238,03454.png,Car has Overexposure,Car,Overexposure,Decrease Brightness,"The overexposure in the fusion image has been repaired, and the outline of car is clearly visible."
2239,03455.png,Car has Overexposure,Car,Overexposure,Decrease Brightness,"The overexposure in the fusion image has been repaired, and the outline of car is clearly visible."
2240,03456.png,Car has Overexposure,Car,Overexposure,Decrease Brightness,"The overexposure in the fusion image has been repaired, and the outline of car is clearly visible."
2241,03459.png,Car has Overexposure,Car,Overexposure,Decrease Brightness,"The overexposure in the fusion image has been repaired, and the outline of car is clearly visible."
2242,03460.png,Car has Overexposure,Car,Overexposure,Decrease Brightness,"The overexposure in the fusion image has been repaired, and the outline of car is clearly visible."
2243,03461.png,Car has Overexposure,Car,Overexposure,Decrease Brightness,"The overexposure in the fusion image has been repaired, and the outline of car is clearly visible."
2244,03462.png,Car has Overexposure,Car,Overexposure,Decrease Brightness,"The overexposure in the fusion image has been repaired, and the outline of car is clearly visible."
2245,03463.png,Car has Overexposure,Car,Overexposure,Decrease Brightness,"The overexposure in the fusion image has been repaired, and the outline of car is clearly visible."
2246,03464.png,Car has Overexposure,Car,Overexposure,Decrease Brightness,"The overexposure in the fusion image has been repaired, and the outline of car is clearly visible."
2247,03465.png,Car has Overexposure,Car,Overexposure,Decrease Brightness,"The overexposure in the fusion image has been repaired, and the outline of car is clearly visible."
2248,03466.png,Car has Overexposure,Car,Overexposure,Decrease Brightness,"The overexposure in the fusion image has been repaired, and the outline of car is clearly visible."
2249,03467.png,Car has Overexposure,Car,Overexposure,Decrease Brightness,"The overexposure in the fusion image has been repaired, and the outline of car is clearly visible."
2250,03468.png,Road has Overexposure,Road,Overexposure,Decrease Brightness,"The overexposure in the fusion image has been repaired, and the outline of road is clearly visible."
2251,03469.png,Car has Overexposure,Car,Overexposure,Decrease Brightness,"The overexposure in the fusion image has been repaired, and the outline of car is clearly visible."
2252,03470.png,Car has Overexposure,Car,Overexposure,Decrease Brightness,"The overexposure in the fusion image has been repaired, and the outline of car is clearly visible."
2253,03472.png,Car has Overexposure,Car,Overexposure,Decrease Brightness,"The overexposure in the fusion image has been repaired, and the outline of car is clearly visible."
2254,03473.png,Car has Motion Blur,Car,Motion Blur,Sharpen,"The motion Blur in the fusion image has been sharpen, and the outline of car is clearly visible."
2255,03476.png,Road has Motion Blur,Road,Motion Blur,Sharpen,"The motion Blur in the fusion image has been sharpen, and the outline of road is clearly visible."
2256,03477.png,Road has Overexposure,Road,Overexposure,Decrease Brightness,"The overexposure in the fusion image has been repaired, and the outline of road is clearly visible."
2257,03480.png,Road has Overexposure,Road,Overexposure,Decrease Brightness,"The overexposure in the fusion image has been repaired, and the outline of road is clearly visible."
2258,03481.png,Road has Overexposure,Road,Overexposure,Decrease Brightness,"The overexposure in the fusion image has been repaired, and the outline of road is clearly visible."
2259,03482.png,Building has Overexposure,Building,Overexposure,Decrease Brightness,"The overexposure in the fusion image has been repaired, and the outline of building is clearly visible."
2260,03484.png,Road has Overexposure,Road,Overexposure,Decrease Brightness,"The overexposure in the fusion image has been repaired, and the outline of road is clearly visible."
2261,03485.png,Road has Overexposure,Road,Overexposure,Decrease Brightness,"The overexposure in the fusion image has been repaired, and the outline of road is clearly visible."
2262,03487.png,Road has Motion Blur,Road,Motion Blur,Sharpen,"The motion Blur in the fusion image has been sharpen, and the outline of road is clearly visible."
2263,03488.png,Road has Overexposure,Road,Overexposure,Decrease Brightness,"The overexposure in the fusion image has been repaired, and the outline of road is clearly visible."
2264,03492.png,Car has Overexposure,Car,Overexposure,Decrease Brightness,"The overexposure in the fusion image has been repaired, and the outline of car is clearly visible."
2265,03495.png,Car has Overexposure,Car,Overexposure,Decrease Brightness,"The overexposure in the fusion image has been repaired, and the outline of car is clearly visible."
2266,03496.png,Car has Overexposure,Car,Overexposure,Decrease Brightness,"The overexposure in the fusion image has been repaired, and the outline of car is clearly visible."
2267,03497.png,Car has Overexposure,Car,Overexposure,Decrease Brightness,"The overexposure in the fusion image has been repaired, and the outline of car is clearly visible."
2268,03499.png,Car has Overexposure,Car,Overexposure,Decrease Brightness,"The overexposure in the fusion image has been repaired, and the outline of car is clearly visible."
2269,03500.png,Car has Overexposure,Car,Overexposure,Decrease Brightness,"The overexposure in the fusion image has been repaired, and the outline of car is clearly visible."
2270,03501.png,Car has Overexposure,Car,Overexposure,Decrease Brightness,"The overexposure in the fusion image has been repaired, and the outline of car is clearly visible."
2271,03502.png,Car has Overexposure,Car,Overexposure,Decrease Brightness,"The overexposure in the fusion image has been repaired, and the outline of car is clearly visible."
2272,03503.png,Car has Overexposure,Car,Overexposure,Decrease Brightness,"The overexposure in the fusion image has been repaired, and the outline of car is clearly visible."
2273,03504.png,Pedestrian has Underexposure,Pedestrian,Underexposure,Increase Brightness,"The underexposure in the fusion image has been enhanced, and the outline of pedestrians is clearly visible."
2274,03505.png,Car has Overexposure,Car,Overexposure,Decrease Brightness,"The overexposure in the fusion image has been repaired, and the outline of car is clearly visible."
2275,03506.png,Car has Overexposure,Car,Overexposure,Decrease Brightness,"The overexposure in the fusion image has been repaired, and the outline of car is clearly visible."
2276,03507.png,Road has Overexposure,Road,Overexposure,Decrease Brightness,"The overexposure in the fusion image has been repaired, and the outline of road is clearly visible."
2277,03508.png,Car has Overexposure,Car,Overexposure,Decrease Brightness,"The overexposure in the fusion image has been repaired, and the outline of car is clearly visible."
2278,03509.png,Car has Motion Blur,Car,Motion Blur,Sharpen,"The motion Blur in the fusion image has been sharpen, and the outline of car is clearly visible."
2279,03511.png,Car has Overexposure,Car,Overexposure,Decrease Brightness,"The overexposure in the fusion image has been repaired, and the outline of car is clearly visible."
2280,03512.png,Road has Overexposure,Road,Overexposure,Decrease Brightness,"The overexposure in the fusion image has been repaired, and the outline of road is clearly visible."
2281,03513.png,Road has Overexposure,Road,Overexposure,Decrease Brightness,"The overexposure in the fusion image has been repaired, and the outline of road is clearly visible."
2282,03514.png,Streetlight has Overexposure,Streetlight,Overexposure,Decrease Brightness,"The overexposure in the fusion image has been repaired, and the outline of streetlight is clearly visible."
2283,03515.png,Pedestrian has Underexposure,Pedestrian,Underexposure,Increase Brightness,"The underexposure in the fusion image has been enhanced, and the outline of pedestrians is clearly visible."
2284,03517.png,Streetlight has Overexposure,Streetlight,Overexposure,Decrease Brightness,"The overexposure in the fusion image has been repaired, and the outline of streetlight is clearly visible."
2285,03518.png,Streetlight has Overexposure,Streetlight,Overexposure,Decrease Brightness,"The overexposure in the fusion image has been repaired, and the outline of streetlight is clearly visible."
2286,03521.png,Streetlight has Overexposure,Streetlight,Overexposure,Decrease Brightness,"The overexposure in the fusion image has been repaired, and the outline of streetlight is clearly visible."
2287,03522.png,Streetlight has Overexposure,Streetlight,Overexposure,Decrease Brightness,"The overexposure in the fusion image has been repaired, and the outline of streetlight is clearly visible."
2288,03523.png,Car has Overexposure,Car,Overexposure,Decrease Brightness,"The overexposure in the fusion image has been repaired, and the outline of car is clearly visible."
2289,03524.png,Car has Overexposure,Car,Overexposure,Decrease Brightness,"The overexposure in the fusion image has been repaired, and the outline of car is clearly visible."
2290,03525.png,Car has Overexposure,Car,Overexposure,Decrease Brightness,"The overexposure in the fusion image has been repaired, and the outline of car is clearly visible."
2291,03526.png,Building has Overexposure,Building,Overexposure,Decrease Brightness,"The overexposure in the fusion image has been repaired, and the outline of building is clearly visible."
2292,03528.png,Car has Overexposure,Car,Overexposure,Decrease Brightness,"The overexposure in the fusion image has been repaired, and the outline of car is clearly visible."
2293,03529.png,Car has Overexposure,Car,Overexposure,Decrease Brightness,"The overexposure in the fusion image has been repaired, and the outline of car is clearly visible."
2294,03530.png,Car has Overexposure,Car,Overexposure,Decrease Brightness,"The overexposure in the fusion image has been repaired, and the outline of car is clearly visible."
2295,03533.png,Car has Overexposure,Car,Overexposure,Decrease Brightness,"The overexposure in the fusion image has been repaired, and the outline of car is clearly visible."
2296,03535.png,Car has Overexposure,Car,Overexposure,Decrease Brightness,"The overexposure in the fusion image has been repaired, and the outline of car is clearly visible."
2297,03536.png,Car has Overexposure,Car,Overexposure,Decrease Brightness,"The overexposure in the fusion image has been repaired, and the outline of car is clearly visible."
2298,03539.png,Car has Overexposure,Car,Overexposure,Decrease Brightness,"The overexposure in the fusion image has been repaired, and the outline of car is clearly visible."
2299,03540.png,Car has Overexposure,Car,Overexposure,Decrease Brightness,"The overexposure in the fusion image has been repaired, and the outline of car is clearly visible."
2300,03541.png,Streetlight has Overexposure,Streetlight,Overexposure,Decrease Brightness,"The overexposure in the fusion image has been repaired, and the outline of streetlight is clearly visible."
2301,03542.png,Road has Overexposure,Road,Overexposure,Decrease Brightness,"The overexposure in the fusion image has been repaired, and the outline of road is clearly visible."
2302,03543.png,Streetlight has Overexposure,Streetlight,Overexposure,Decrease Brightness,"The overexposure in the fusion image has been repaired, and the outline of streetlight is clearly visible."
2303,03544.png,Streetlight has Overexposure,Streetlight,Overexposure,Decrease Brightness,"The overexposure in the fusion image has been repaired, and the outline of streetlight is clearly visible."
2304,03545.png,Car has Overexposure,Car,Overexposure,Decrease Brightness,"The overexposure in the fusion image has been repaired, and the outline of car is clearly visible."
2305,03547.png,Car has Overexposure,Car,Overexposure,Decrease Brightness,"The overexposure in the fusion image has been repaired, and the outline of car is clearly visible."
2306,03548.png,Car has Overexposure,Car,Overexposure,Decrease Brightness,"The overexposure in the fusion image has been repaired, and the outline of car is clearly visible."
2307,03551.png,Car has Overexposure,Car,Overexposure,Decrease Brightness,"The overexposure in the fusion image has been repaired, and the outline of car is clearly visible."
2308,03553.png,Road has Overexposure,Road,Overexposure,Decrease Brightness,"The overexposure in the fusion image has been repaired, and the outline of road is clearly visible."
2309,03554.png,Road has Overexposure,Road,Overexposure,Decrease Brightness,"The overexposure in the fusion image has been repaired, and the outline of road is clearly visible."
2310,03555.png,Road has Overexposure,Road,Overexposure,Decrease Brightness,"The overexposure in the fusion image has been repaired, and the outline of road is clearly visible."
2311,03556.png,Road has Overexposure,Road,Overexposure,Decrease Brightness,"The overexposure in the fusion image has been repaired, and the outline of road is clearly visible."
2312,03560.png,Building has Overexposure,Building,Overexposure,Decrease Brightness,"The overexposure in the fusion image has been repaired, and the outline of building is clearly visible."
2313,03562.png,Car has Overexposure,Car,Overexposure,Decrease Brightness,"The overexposure in the fusion image has been repaired, and the outline of car is clearly visible."
2314,03563.png,Streetlight has Overexposure,Streetlight,Overexposure,Decrease Brightness,"The overexposure in the fusion image has been repaired, and the outline of streetlight is clearly visible."
2315,03564.png,Streetlight has Overexposure,Streetlight,Overexposure,Decrease Brightness,"The overexposure in the fusion image has been repaired, and the outline of streetlight is clearly visible."
2316,03565.png,Streetlight has Overexposure,Streetlight,Overexposure,Decrease Brightness,"The overexposure in the fusion image has been repaired, and the outline of streetlight is clearly visible."
2317,03567.png,Streetlight has Overexposure,Streetlight,Overexposure,Decrease Brightness,"The overexposure in the fusion image has been repaired, and the outline of streetlight is clearly visible."
2318,03568.png,Car has Overexposure,Car,Overexposure,Decrease Brightness,"The overexposure in the fusion image has been repaired, and the outline of car is clearly visible."
2319,03569.png,Road has Overexposure,Road,Overexposure,Decrease Brightness,"The overexposure in the fusion image has been repaired, and the outline of road is clearly visible."
2320,03571.png,Building has Overexposure,Building,Overexposure,Decrease Brightness,"The overexposure in the fusion image has been repaired, and the outline of building is clearly visible."
2321,03573.png,Road has Overexposure,Road,Overexposure,Decrease Brightness,"The overexposure in the fusion image has been repaired, and the outline of road is clearly visible."
2322,03576.png,Road has Overexposure,Road,Overexposure,Decrease Brightness,"The overexposure in the fusion image has been repaired, and the outline of road is clearly visible."
2323,03579.png,Car has Overexposure,Car,Overexposure,Decrease Brightness,"The overexposure in the fusion image has been repaired, and the outline of car is clearly visible."
2324,03582.png,Building has Overexposure,Building,Overexposure,Decrease Brightness,"The overexposure in the fusion image has been repaired, and the outline of building is clearly visible."
2325,03583.png,Road has Overexposure,Road,Overexposure,Decrease Brightness,"The overexposure in the fusion image has been repaired, and the outline of road is clearly visible."
2326,03584.png,Car has Overexposure,Car,Overexposure,Decrease Brightness,"The overexposure in the fusion image has been repaired, and the outline of car is clearly visible."
2327,03586.png,Car has Overexposure,Car,Overexposure,Decrease Brightness,"The overexposure in the fusion image has been repaired, and the outline of car is clearly visible."
2328,03587.png,Car has Overexposure,Car,Overexposure,Decrease Brightness,"The overexposure in the fusion image has been repaired, and the outline of car is clearly visible."
2329,03588.png,Car has Overexposure,Car,Overexposure,Decrease Brightness,"The overexposure in the fusion image has been repaired, and the outline of car is clearly visible."
2330,03589.png,Car has Overexposure,Car,Overexposure,Decrease Brightness,"The overexposure in the fusion image has been repaired, and the outline of car is clearly visible."
2331,03590.png,Car has Overexposure,Car,Overexposure,Decrease Brightness,"The overexposure in the fusion image has been repaired, and the outline of car is clearly visible."
2332,03591.png,Car has Overexposure,Car,Overexposure,Decrease Brightness,"The overexposure in the fusion image has been repaired, and the outline of car is clearly visible."
2333,03593.png,Building has Overexposure,Building,Overexposure,Decrease Brightness,"The overexposure in the fusion image has been repaired, and the outline of building is clearly visible."
2334,03594.png,Car has Overexposure,Car,Overexposure,Decrease Brightness,"The overexposure in the fusion image has been repaired, and the outline of car is clearly visible."
2335,03595.png,Car has Overexposure,Car,Overexposure,Decrease Brightness,"The overexposure in the fusion image has been repaired, and the outline of car is clearly visible."
2336,03596.png,Car has Overexposure,Car,Overexposure,Decrease Brightness,"The overexposure in the fusion image has been repaired, and the outline of car is clearly visible."
2337,03597.png,Car has Overexposure,Car,Overexposure,Decrease Brightness,"The overexposure in the fusion image has been repaired, and the outline of car is clearly visible."
2338,03598.png,Car has Overexposure,Car,Overexposure,Decrease Brightness,"The overexposure in the fusion image has been repaired, and the outline of car is clearly visible."
2339,03599.png,Car has Overexposure,Car,Overexposure,Decrease Brightness,"The overexposure in the fusion image has been repaired, and the outline of car is clearly visible."
2340,03600.png,Car has Overexposure,Car,Overexposure,Decrease Brightness,"The overexposure in the fusion image has been repaired, and the outline of car is clearly visible."
2341,03604.png,Car has Motion Blur,Car,Motion Blur,Sharpen,"The motion Blur in the fusion image has been sharpen, and the outline of car is clearly visible."
2342,03605.png,Car has Overexposure,Car,Overexposure,Decrease Brightness,"The overexposure in the fusion image has been repaired, and the outline of car is clearly visible."
2343,03606.png,Car has Overexposure,Car,Overexposure,Decrease Brightness,"The overexposure in the fusion image has been repaired, and the outline of car is clearly visible."
2344,03607.png,Car has Overexposure,Car,Overexposure,Decrease Brightness,"The overexposure in the fusion image has been repaired, and the outline of car is clearly visible."
2345,03608.png,Car has Overexposure,Car,Overexposure,Decrease Brightness,"The overexposure in the fusion image has been repaired, and the outline of car is clearly visible."
2346,03609.png,Car has Overexposure,Car,Overexposure,Decrease Brightness,"The overexposure in the fusion image has been repaired, and the outline of car is clearly visible."
2347,03611.png,Car has Overexposure,Car,Overexposure,Decrease Brightness,"The overexposure in the fusion image has been repaired, and the outline of car is clearly visible."
2348,03612.png,Car has Overexposure,Car,Overexposure,Decrease Brightness,"The overexposure in the fusion image has been repaired, and the outline of car is clearly visible."
2349,03613.png,Car has Overexposure,Car,Overexposure,Decrease Brightness,"The overexposure in the fusion image has been repaired, and the outline of car is clearly visible."
2350,03614.png,Car has Overexposure,Car,Overexposure,Decrease Brightness,"The overexposure in the fusion image has been repaired, and the outline of car is clearly visible."
2351,03615.png,Car has Motion Blur,Car,Motion Blur,Sharpen,"The motion Blur in the fusion image has been sharpen, and the outline of car is clearly visible."
2352,03616.png,Car has Overexposure,Car,Overexposure,Decrease Brightness,"The overexposure in the fusion image has been repaired, and the outline of car is clearly visible."
2353,03617.png,Car has Overexposure,Car,Overexposure,Decrease Brightness,"The overexposure in the fusion image has been repaired, and the outline of car is clearly visible."
2354,03618.png,Car has Overexposure,Car,Overexposure,Decrease Brightness,"The overexposure in the fusion image has been repaired, and the outline of car is clearly visible."
2355,03619.png,Car has Overexposure,Car,Overexposure,Decrease Brightness,"The overexposure in the fusion image has been repaired, and the outline of car is clearly visible."
2356,03620.png,Car has Overexposure,Car,Overexposure,Decrease Brightness,"The overexposure in the fusion image has been repaired, and the outline of car is clearly visible."
2357,03622.png,Car has Overexposure,Car,Overexposure,Decrease Brightness,"The overexposure in the fusion image has been repaired, and the outline of car is clearly visible."
2358,03623.png,Car has Overexposure,Car,Overexposure,Decrease Brightness,"The overexposure in the fusion image has been repaired, and the outline of car is clearly visible."
2359,03624.png,Car has Overexposure,Car,Overexposure,Decrease Brightness,"The overexposure in the fusion image has been repaired, and the outline of car is clearly visible."
2360,03626.png,Car has Overexposure,Car,Overexposure,Decrease Brightness,"The overexposure in the fusion image has been repaired, and the outline of car is clearly visible."
2361,03627.png,Road has Overexposure,Road,Overexposure,Decrease Brightness,"The overexposure in the fusion image has been repaired, and the outline of road is clearly visible."
2362,03629.png,Road has Overexposure,Road,Overexposure,Decrease Brightness,"The overexposure in the fusion image has been repaired, and the outline of road is clearly visible."
2363,03630.png,Streetlight has Overexposure,Streetlight,Overexposure,Decrease Brightness,"The overexposure in the fusion image has been repaired, and the outline of streetlight is clearly visible."
2364,03631.png,Streetlight has Overexposure,Streetlight,Overexposure,Decrease Brightness,"The overexposure in the fusion image has been repaired, and the outline of streetlight is clearly visible."
2365,03632.png,Car has Overexposure,Car,Overexposure,Decrease Brightness,"The overexposure in the fusion image has been repaired, and the outline of car is clearly visible."
2366,03634.png,Car has Overexposure,Car,Overexposure,Decrease Brightness,"The overexposure in the fusion image has been repaired, and the outline of car is clearly visible."
2367,03636.png,Car has Overexposure,Car,Overexposure,Decrease Brightness,"The overexposure in the fusion image has been repaired, and the outline of car is clearly visible."
2368,03637.png,Building has Overexposure,Building,Overexposure,Decrease Brightness,"The overexposure in the fusion image has been repaired, and the outline of building is clearly visible."
2369,03638.png,Road has Low Contrast,Road,Low Contrast,Enhance Contrast,"The contrast in the fusion image has been enhanced, and the outline of road is clearly visible."
2370,03640.png,Road has Overexposure,Road,Overexposure,Decrease Brightness,"The overexposure in the fusion image has been repaired, and the outline of road is clearly visible."
2371,03641.png,Car has Overexposure,Car,Overexposure,Decrease Brightness,"The overexposure in the fusion image has been repaired, and the outline of car is clearly visible."
2372,03642.png,Car has Overexposure,Car,Overexposure,Decrease Brightness,"The overexposure in the fusion image has been repaired, and the outline of car is clearly visible."
2373,03648.png,Car has Overexposure,Car,Overexposure,Decrease Brightness,"The overexposure in the fusion image has been repaired, and the outline of car is clearly visible."
2374,03649.png,Car has Motion Blur,Car,Motion Blur,Sharpen,"The motion Blur in the fusion image has been sharpen, and the outline of car is clearly visible."
2375,03650.png,Car has Overexposure,Car,Overexposure,Decrease Brightness,"The overexposure in the fusion image has been repaired, and the outline of car is clearly visible."
2376,03651.png,Road has Low Contrast,Road,Low Contrast,Enhance Contrast,"The contrast in the fusion image has been enhanced, and the outline of road is clearly visible."
2377,03659.png,Car has Overexposure,Car,Overexposure,Decrease Brightness,"The overexposure in the fusion image has been repaired, and the outline of car is clearly visible."
2378,03660.png,Car has Overexposure,Car,Overexposure,Decrease Brightness,"The overexposure in the fusion image has been repaired, and the outline of car is clearly visible."
2379,03662.png,Road has Overexposure,Road,Overexposure,Decrease Brightness,"The overexposure in the fusion image has been repaired, and the outline of road is clearly visible."
2380,03663.png,Road has Overexposure,Road,Overexposure,Decrease Brightness,"The overexposure in the fusion image has been repaired, and the outline of road is clearly visible."
2381,03665.png,Road has Low Contrast,Road,Low Contrast,Enhance Contrast,"The contrast in the fusion image has been enhanced, and the outline of road is clearly visible."
2382,03666.png,Road has Overexposure,Road,Overexposure,Decrease Brightness,"The overexposure in the fusion image has been repaired, and the outline of road is clearly visible."
2383,03668.png,Car has Overexposure,Car,Overexposure,Decrease Brightness,"The overexposure in the fusion image has been repaired, and the outline of car is clearly visible."
2384,03669.png,Car has Overexposure,Car,Overexposure,Decrease Brightness,"The overexposure in the fusion image has been repaired, and the outline of car is clearly visible."
2385,03670.png,Car has Overexposure,Car,Overexposure,Decrease Brightness,"The overexposure in the fusion image has been repaired, and the outline of car is clearly visible."
2386,03671.png,Car has Overexposure,Car,Overexposure,Decrease Brightness,"The overexposure in the fusion image has been repaired, and the outline of car is clearly visible."
2387,03672.png,Road has Motion Blur,Road,Motion Blur,Sharpen,"The motion Blur in the fusion image has been sharpen, and the outline of road is clearly visible."
2388,03673.png,Road has Overexposure,Road,Overexposure,Decrease Brightness,"The overexposure in the fusion image has been repaired, and the outline of road is clearly visible."
2389,03675.png,Road has Overexposure,Road,Overexposure,Decrease Brightness,"The overexposure in the fusion image has been repaired, and the outline of road is clearly visible."
2390,03676.png,Road has Overexposure,Road,Overexposure,Decrease Brightness,"The overexposure in the fusion image has been repaired, and the outline of road is clearly visible."
2391,03679.png,Road has Low Contrast,Road,Low Contrast,Enhance Contrast,"The contrast in the fusion image has been enhanced, and the outline of road is clearly visible."
2392,03680.png,Road has Overexposure,Road,Overexposure,Decrease Brightness,"The overexposure in the fusion image has been repaired, and the outline of road is clearly visible."
2393,03681.png,Road has Overexposure,Road,Overexposure,Decrease Brightness,"The overexposure in the fusion image has been repaired, and the outline of road is clearly visible."
2394,03682.png,Road has Overexposure,Road,Overexposure,Decrease Brightness,"The overexposure in the fusion image has been repaired, and the outline of road is clearly visible."
2395,03685.png,Road has Overexposure,Road,Overexposure,Decrease Brightness,"The overexposure in the fusion image has been repaired, and the outline of road is clearly visible."
2396,03686.png,Road has Motion Blur,Road,Motion Blur,Sharpen,"The motion Blur in the fusion image has been sharpen, and the outline of road is clearly visible."
2397,03687.png,Road has Motion Blur,Road,Motion Blur,Sharpen,"The motion Blur in the fusion image has been sharpen, and the outline of road is clearly visible."
2398,03688.png,Road has Overexposure,Road,Overexposure,Decrease Brightness,"The overexposure in the fusion image has been repaired, and the outline of road is clearly visible."
2399,03689.png,Streetlight has Overexposure,Streetlight,Overexposure,Decrease Brightness,"The overexposure in the fusion image has been repaired, and the outline of streetlight is clearly visible."
2400,03690.png,Road has Overexposure,Road,Overexposure,Decrease Brightness,"The overexposure in the fusion image has been repaired, and the outline of road is clearly visible."
2401,03691.png,Car has Overexposure,Car,Overexposure,Decrease Brightness,"The overexposure in the fusion image has been repaired, and the outline of car is clearly visible."
2402,03693.png,Road has Overexposure,Road,Overexposure,Decrease Brightness,"The overexposure in the fusion image has been repaired, and the outline of road is clearly visible."
2403,03694.png,Car has Overexposure,Car,Overexposure,Decrease Brightness,"The overexposure in the fusion image has been repaired, and the outline of car is clearly visible."
2404,03695.png,Car has Overexposure,Car,Overexposure,Decrease Brightness,"The overexposure in the fusion image has been repaired, and the outline of car is clearly visible."
2405,03696.png,Road has Overexposure,Road,Overexposure,Decrease Brightness,"The overexposure in the fusion image has been repaired, and the outline of road is clearly visible."
2406,03697.png,Road has Overexposure,Road,Overexposure,Decrease Brightness,"The overexposure in the fusion image has been repaired, and the outline of road is clearly visible."
2407,03698.png,Road has Motion Blur,Road,Motion Blur,Sharpen,"The motion Blur in the fusion image has been sharpen, and the outline of road is clearly visible."
2408,03699.png,Road has Overexposure,Road,Overexposure,Decrease Brightness,"The overexposure in the fusion image has been repaired, and the outline of road is clearly visible."
2409,03701.png,Road has Motion Blur,Road,Motion Blur,Sharpen,"The motion Blur in the fusion image has been sharpen, and the outline of road is clearly visible."
2410,03702.png,Road has Motion Blur,Road,Motion Blur,Sharpen,"The motion Blur in the fusion image has been sharpen, and the outline of road is clearly visible."
2411,03703.png,Road has Motion Blur,Road,Motion Blur,Sharpen,"The motion Blur in the fusion image has been sharpen, and the outline of road is clearly visible."
2412,03704.png,Road has Overexposure,Road,Overexposure,Decrease Brightness,"The overexposure in the fusion image has been repaired, and the outline of road is clearly visible."
2413,03705.png,Road has Overexposure,Road,Overexposure,Decrease Brightness,"The overexposure in the fusion image has been repaired, and the outline of road is clearly visible."
2414,03707.png,Road has Overexposure,Road,Overexposure,Decrease Brightness,"The overexposure in the fusion image has been repaired, and the outline of road is clearly visible."
2415,03708.png,Car has Overexposure,Car,Overexposure,Decrease Brightness,"The overexposure in the fusion image has been repaired, and the outline of car is clearly visible."
2416,03709.png,Road has Overexposure,Road,Overexposure,Decrease Brightness,"The overexposure in the fusion image has been repaired, and the outline of road is clearly visible."
2417,03711.png,Road has Overexposure,Road,Overexposure,Decrease Brightness,"The overexposure in the fusion image has been repaired, and the outline of road is clearly visible."
2418,03712.png,Road has Overexposure,Road,Overexposure,Decrease Brightness,"The overexposure in the fusion image has been repaired, and the outline of road is clearly visible."
2419,03714.png,Road has Overexposure,Road,Overexposure,Decrease Brightness,"The overexposure in the fusion image has been repaired, and the outline of road is clearly visible."
2420,03716.png,Road has Overexposure,Road,Overexposure,Decrease Brightness,"The overexposure in the fusion image has been repaired, and the outline of road is clearly visible."
2421,03720.png,Road has Overexposure,Road,Overexposure,Decrease Brightness,"The overexposure in the fusion image has been repaired, and the outline of road is clearly visible."
2422,03731.png,Road has Overexposure,Road,Overexposure,Decrease Brightness,"The overexposure in the fusion image has been repaired, and the outline of road is clearly visible."
2423,03732.png,Road has Overexposure,Road,Overexposure,Decrease Brightness,"The overexposure in the fusion image has been repaired, and the outline of road is clearly visible."
2424,03736.png,Road has Overexposure,Road,Overexposure,Decrease Brightness,"The overexposure in the fusion image has been repaired, and the outline of road is clearly visible."
2425,03737.png,Car has Overexposure,Car,Overexposure,Decrease Brightness,"The overexposure in the fusion image has been repaired, and the outline of car is clearly visible."
2426,03738.png,Road has Overexposure,Road,Overexposure,Decrease Brightness,"The overexposure in the fusion image has been repaired, and the outline of road is clearly visible."
2427,03739.png,Road has Overexposure,Road,Overexposure,Decrease Brightness,"The overexposure in the fusion image has been repaired, and the outline of road is clearly visible."
2428,03740.png,Car has Overexposure,Car,Overexposure,Decrease Brightness,"The overexposure in the fusion image has been repaired, and the outline of car is clearly visible."
2429,03742.png,Car has Overexposure,Car,Overexposure,Decrease Brightness,"The overexposure in the fusion image has been repaired, and the outline of car is clearly visible."
2430,03743.png,Car has Overexposure,Car,Overexposure,Decrease Brightness,"The overexposure in the fusion image has been repaired, and the outline of car is clearly visible."
2431,03744.png,Road has Overexposure,Road,Overexposure,Decrease Brightness,"The overexposure in the fusion image has been repaired, and the outline of road is clearly visible."
2432,03745.png,Road has Overexposure,Road,Overexposure,Decrease Brightness,"The overexposure in the fusion image has been repaired, and the outline of road is clearly visible."
2433,03746.png,Car has Overexposure,Car,Overexposure,Decrease Brightness,"The overexposure in the fusion image has been repaired, and the outline of car is clearly visible."
2434,03747.png,Car has Overexposure,Car,Overexposure,Decrease Brightness,"The overexposure in the fusion image has been repaired, and the outline of car is clearly visible."
2435,03749.png,Car has Overexposure,Car,Overexposure,Decrease Brightness,"The overexposure in the fusion image has been repaired, and the outline of car is clearly visible."
2436,03750.png,Road has Motion Blur,Road,Motion Blur,Sharpen,"The motion Blur in the fusion image has been sharpen, and the outline of road is clearly visible."
2437,03751.png,Road has Motion Blur,Road,Motion Blur,Sharpen,"The motion Blur in the fusion image has been sharpen, and the outline of road is clearly visible."
2438,03752.png,Road has Overexposure,Road,Overexposure,Decrease Brightness,"The overexposure in the fusion image has been repaired, and the outline of road is clearly visible."
2439,03753.png,Road has Overexposure,Road,Overexposure,Decrease Brightness,"The overexposure in the fusion image has been repaired, and the outline of road is clearly visible."
2440,03754.png,Road has Motion Blur,Road,Motion Blur,Sharpen,"The motion Blur in the fusion image has been sharpen, and the outline of road is clearly visible."
2441,03755.png,Road has Overexposure,Road,Overexposure,Decrease Brightness,"The overexposure in the fusion image has been repaired, and the outline of road is clearly visible."
2442,03756.png,Road has Motion Blur,Road,Motion Blur,Sharpen,"The motion Blur in the fusion image has been sharpen, and the outline of road is clearly visible."
2443,03758.png,Road has Overexposure,Road,Overexposure,Decrease Brightness,"The overexposure in the fusion image has been repaired, and the outline of road is clearly visible."
2444,03759.png,Road has Overexposure,Road,Overexposure,Decrease Brightness,"The overexposure in the fusion image has been repaired, and the outline of road is clearly visible."
2445,03761.png,Road has Overexposure,Road,Overexposure,Decrease Brightness,"The overexposure in the fusion image has been repaired, and the outline of road is clearly visible."
2446,03762.png,Road has Overexposure,Road,Overexposure,Decrease Brightness,"The overexposure in the fusion image has been repaired, and the outline of road is clearly visible."
2447,03763.png,Road has Overexposure,Road,Overexposure,Decrease Brightness,"The overexposure in the fusion image has been repaired, and the outline of road is clearly visible."
2448,03764.png,Car has Overexposure,Car,Overexposure,Decrease Brightness,"The overexposure in the fusion image has been repaired, and the outline of car is clearly visible."
2449,03765.png,Car has Overexposure,Car,Overexposure,Decrease Brightness,"The overexposure in the fusion image has been repaired, and the outline of car is clearly visible."
2450,03767.png,Road has Overexposure,Road,Overexposure,Decrease Brightness,"The overexposure in the fusion image has been repaired, and the outline of road is clearly visible."
2451,03768.png,Road has Overexposure,Road,Overexposure,Decrease Brightness,"The overexposure in the fusion image has been repaired, and the outline of road is clearly visible."
2452,03769.png,Road has Overexposure,Road,Overexposure,Decrease Brightness,"The overexposure in the fusion image has been repaired, and the outline of road is clearly visible."
2453,03770.png,Road has Motion Blur,Road,Motion Blur,Sharpen,"The motion Blur in the fusion image has been sharpen, and the outline of road is clearly visible."
2454,03775.png,Road has Overexposure,Road,Overexposure,Decrease Brightness,"The overexposure in the fusion image has been repaired, and the outline of road is clearly visible."
2455,03776.png,Road has Overexposure,Road,Overexposure,Decrease Brightness,"The overexposure in the fusion image has been repaired, and the outline of road is clearly visible."
2456,03778.png,Car has Overexposure,Car,Overexposure,Decrease Brightness,"The overexposure in the fusion image has been repaired, and the outline of car is clearly visible."
2457,03783.png,Road has Motion Blur,Road,Motion Blur,Sharpen,"The motion Blur in the fusion image has been sharpen, and the outline of road is clearly visible."
2458,03784.png,Streetlight has Overexposure,Streetlight,Overexposure,Decrease Brightness,"The overexposure in the fusion image has been repaired, and the outline of streetlight is clearly visible."
2459,03789.png,Road has Overexposure,Road,Overexposure,Decrease Brightness,"The overexposure in the fusion image has been repaired, and the outline of road is clearly visible."
2460,03793.png,Road has Overexposure,Road,Overexposure,Decrease Brightness,"The overexposure in the fusion image has been repaired, and the outline of road is clearly visible."
2461,03798.png,Road has Overexposure,Road,Overexposure,Decrease Brightness,"The overexposure in the fusion image has been repaired, and the outline of road is clearly visible."
2462,03800.png,Road has Overexposure,Road,Overexposure,Decrease Brightness,"The overexposure in the fusion image has been repaired, and the outline of road is clearly visible."
2463,03801.png,Road has Overexposure,Road,Overexposure,Decrease Brightness,"The overexposure in the fusion image has been repaired, and the outline of road is clearly visible."
2464,03803.png,Road has Overexposure,Road,Overexposure,Decrease Brightness,"The overexposure in the fusion image has been repaired, and the outline of road is clearly visible."
2465,03804.png,Road has Overexposure,Road,Overexposure,Decrease Brightness,"The overexposure in the fusion image has been repaired, and the outline of road is clearly visible."
2466,03805.png,Road has Overexposure,Road,Overexposure,Decrease Brightness,"The overexposure in the fusion image has been repaired, and the outline of road is clearly visible."
2467,03807.png,Streetlight has Overexposure,Streetlight,Overexposure,Decrease Brightness,"The overexposure in the fusion image has been repaired, and the outline of streetlight is clearly visible."
2468,03808.png,Road has Overexposure,Road,Overexposure,Decrease Brightness,"The overexposure in the fusion image has been repaired, and the outline of road is clearly visible."
2469,03810.png,Road has Overexposure,Road,Overexposure,Decrease Brightness,"The overexposure in the fusion image has been repaired, and the outline of road is clearly visible."
2470,03812.png,Car has Overexposure,Car,Overexposure,Decrease Brightness,"The overexposure in the fusion image has been repaired, and the outline of car is clearly visible."
2471,03814.png,Streetlight has Overexposure,Streetlight,Overexposure,Decrease Brightness,"The overexposure in the fusion image has been repaired, and the outline of streetlight is clearly visible."
2472,03821.png,Road has Overexposure,Road,Overexposure,Decrease Brightness,"The overexposure in the fusion image has been repaired, and the outline of road is clearly visible."
2473,03822.png,Road has Overexposure,Road,Overexposure,Decrease Brightness,"The overexposure in the fusion image has been repaired, and the outline of road is clearly visible."
2474,03823.png,Car has Overexposure,Car,Overexposure,Decrease Brightness,"The overexposure in the fusion image has been repaired, and the outline of car is clearly visible."
2475,03824.png,Road has Overexposure,Road,Overexposure,Decrease Brightness,"The overexposure in the fusion image has been repaired, and the outline of road is clearly visible."
2476,03826.png,Road has Motion Blur,Road,Motion Blur,Sharpen,"The motion Blur in the fusion image has been sharpen, and the outline of road is clearly visible."
2477,03829.png,Road has Overexposure,Road,Overexposure,Decrease Brightness,"The overexposure in the fusion image has been repaired, and the outline of road is clearly visible."
2478,03830.png,Road has Overexposure,Road,Overexposure,Decrease Brightness,"The overexposure in the fusion image has been repaired, and the outline of road is clearly visible."
2479,03832.png,Road has Overexposure,Road,Overexposure,Decrease Brightness,"The overexposure in the fusion image has been repaired, and the outline of road is clearly visible."
2480,03833.png,Road has Overexposure,Road,Overexposure,Decrease Brightness,"The overexposure in the fusion image has been repaired, and the outline of road is clearly visible."
2481,03834.png,Road has Overexposure,Road,Overexposure,Decrease Brightness,"The overexposure in the fusion image has been repaired, and the outline of road is clearly visible."
2482,03836.png,Road has Overexposure,Road,Overexposure,Decrease Brightness,"The overexposure in the fusion image has been repaired, and the outline of road is clearly visible."
2483,03837.png,Road has Overexposure,Road,Overexposure,Decrease Brightness,"The overexposure in the fusion image has been repaired, and the outline of road is clearly visible."
2484,03838.png,Road has Overexposure,Road,Overexposure,Decrease Brightness,"The overexposure in the fusion image has been repaired, and the outline of road is clearly visible."
2485,03839.png,Pedestrian has Underexposure,Pedestrian,Underexposure,Increase Brightness,"The underexposure in the fusion image has been enhanced, and the outline of pedestrians is clearly visible."
2486,03840.png,Road has Overexposure,Road,Overexposure,Decrease Brightness,"The overexposure in the fusion image has been repaired, and the outline of road is clearly visible."
2487,03845.png,Car has Overexposure,Car,Overexposure,Decrease Brightness,"The overexposure in the fusion image has been repaired, and the outline of car is clearly visible."
2488,03846.png,Car has Overexposure,Car,Overexposure,Decrease Brightness,"The overexposure in the fusion image has been repaired, and the outline of car is clearly visible."
2489,03847.png,Road has Overexposure,Road,Overexposure,Decrease Brightness,"The overexposure in the fusion image has been repaired, and the outline of road is clearly visible."
2490,03848.png,Road has Overexposure,Road,Overexposure,Decrease Brightness,"The overexposure in the fusion image has been repaired, and the outline of road is clearly visible."
2491,03851.png,Car has Overexposure,Car,Overexposure,Decrease Brightness,"The overexposure in the fusion image has been repaired, and the outline of car is clearly visible."
2492,03852.png,Car has Overexposure,Car,Overexposure,Decrease Brightness,"The overexposure in the fusion image has been repaired, and the outline of car is clearly visible."
2493,03853.png,Car has Low Contrast,Car,Low Contrast,Enhance Contrast,"The contrast in the fusion image has been enhanced, and the outline of car is clearly visible."
2494,03854.png,Car has Overexposure,Car,Overexposure,Decrease Brightness,"The overexposure in the fusion image has been repaired, and the outline of car is clearly visible."
2495,03855.png,Streetlight has Overexposure,Streetlight,Overexposure,Decrease Brightness,"The overexposure in the fusion image has been repaired, and the outline of streetlight is clearly visible."
2496,03856.png,Streetlight has Overexposure,Streetlight,Overexposure,Decrease Brightness,"The overexposure in the fusion image has been repaired, and the outline of streetlight is clearly visible."
2497,03857.png,Car has Motion Blur,Car,Motion Blur,Sharpen,"The motion Blur in the fusion image has been sharpen, and the outline of car is clearly visible."
2498,03859.png,Building has Overexposure,Building,Overexposure,Decrease Brightness,"The overexposure in the fusion image has been repaired, and the outline of building is clearly visible."
2499,03860.png,Road has Overexposure,Road,Overexposure,Decrease Brightness,"The overexposure in the fusion image has been repaired, and the outline of road is clearly visible."
2500,03862.png,Streetlight has Overexposure,Streetlight,Overexposure,Decrease Brightness,"The overexposure in the fusion image has been repaired, and the outline of streetlight is clearly visible."
2501,03863.png,Streetlight has Overexposure,Streetlight,Overexposure,Decrease Brightness,"The overexposure in the fusion image has been repaired, and the outline of streetlight is clearly visible."
2502,03865.png,Streetlight has Overexposure,Streetlight,Overexposure,Decrease Brightness,"The overexposure in the fusion image has been repaired, and the outline of streetlight is clearly visible."
2503,03866.png,Road has Overexposure,Road,Overexposure,Decrease Brightness,"The overexposure in the fusion image has been repaired, and the outline of road is clearly visible."
2504,03868.png,Road has Overexposure,Road,Overexposure,Decrease Brightness,"The overexposure in the fusion image has been repaired, and the outline of road is clearly visible."
2505,03869.png,Road has Overexposure,Road,Overexposure,Decrease Brightness,"The overexposure in the fusion image has been repaired, and the outline of road is clearly visible."
2506,03870.png,Streetlight has Overexposure,Streetlight,Overexposure,Decrease Brightness,"The overexposure in the fusion image has been repaired, and the outline of streetlight is clearly visible."
2507,03872.png,Road has Overexposure,Road,Overexposure,Decrease Brightness,"The overexposure in the fusion image has been repaired, and the outline of road is clearly visible."
2508,03873.png,Car has Overexposure,Car,Overexposure,Decrease Brightness,"The overexposure in the fusion image has been repaired, and the outline of car is clearly visible."
2509,03875.png,Streetlight has Overexposure,Streetlight,Overexposure,Decrease Brightness,"The overexposure in the fusion image has been repaired, and the outline of streetlight is clearly visible."
2510,03876.png,Streetlight has Overexposure,Streetlight,Overexposure,Decrease Brightness,"The overexposure in the fusion image has been repaired, and the outline of streetlight is clearly visible."
2511,03881.png,Streetlight has Overexposure,Streetlight,Overexposure,Decrease Brightness,"The overexposure in the fusion image has been repaired, and the outline of streetlight is clearly visible."
2512,03882.png,Road has Overexposure,Road,Overexposure,Decrease Brightness,"The overexposure in the fusion image has been repaired, and the outline of road is clearly visible."
2513,03884.png,Streetlight has Overexposure,Streetlight,Overexposure,Decrease Brightness,"The overexposure in the fusion image has been repaired, and the outline of streetlight is clearly visible."
2514,03885.png,Streetlight has Overexposure,Streetlight,Overexposure,Decrease Brightness,"The overexposure in the fusion image has been repaired, and the outline of streetlight is clearly visible."
2515,03889.png,Streetlight has Overexposure,Streetlight,Overexposure,Decrease Brightness,"The overexposure in the fusion image has been repaired, and the outline of streetlight is clearly visible."
2516,03892.png,Streetlight has Overexposure,Streetlight,Overexposure,Decrease Brightness,"The overexposure in the fusion image has been repaired, and the outline of streetlight is clearly visible."
2517,03893.png,Car has Overexposure,Car,Overexposure,Decrease Brightness,"The overexposure in the fusion image has been repaired, and the outline of car is clearly visible."
2518,03894.png,Streetlight has Overexposure,Streetlight,Overexposure,Decrease Brightness,"The overexposure in the fusion image has been repaired, and the outline of streetlight is clearly visible."
2519,03895.png,Streetlight has Overexposure,Streetlight,Overexposure,Decrease Brightness,"The overexposure in the fusion image has been repaired, and the outline of streetlight is clearly visible."
2520,03896.png,Streetlight has Overexposure,Streetlight,Overexposure,Decrease Brightness,"The overexposure in the fusion image has been repaired, and the outline of streetlight is clearly visible."
2521,03897.png,Streetlight has Overexposure,Streetlight,Overexposure,Decrease Brightness,"The overexposure in the fusion image has been repaired, and the outline of streetlight is clearly visible."
2522,03898.png,Road has Motion Blur,Road,Motion Blur,Sharpen,"The motion Blur in the fusion image has been sharpen, and the outline of road is clearly visible."
2523,03900.png,Road has Motion Blur,Road,Motion Blur,Sharpen,"The motion Blur in the fusion image has been sharpen, and the outline of road is clearly visible."
2524,03902.png,Road has Overexposure,Road,Overexposure,Decrease Brightness,"The overexposure in the fusion image has been repaired, and the outline of road is clearly visible."
2525,03903.png,Road has Overexposure,Road,Overexposure,Decrease Brightness,"The overexposure in the fusion image has been repaired, and the outline of road is clearly visible."
2526,03904.png,Car has Motion Blur,Car,Motion Blur,Sharpen,"The motion Blur in the fusion image has been sharpen, and the outline of car is clearly visible."
2527,03907.png,Road has Overexposure,Road,Overexposure,Decrease Brightness,"The overexposure in the fusion image has been repaired, and the outline of road is clearly visible."
2528,03908.png,Car has Overexposure,Car,Overexposure,Decrease Brightness,"The overexposure in the fusion image has been repaired, and the outline of car is clearly visible."
2529,03909.png,Road has Overexposure,Road,Overexposure,Decrease Brightness,"The overexposure in the fusion image has been repaired, and the outline of road is clearly visible."
2530,03910.png,Road has Motion Blur,Road,Motion Blur,Sharpen,"The motion Blur in the fusion image has been sharpen, and the outline of road is clearly visible."
2531,03911.png,Road has Motion Blur,Road,Motion Blur,Sharpen,"The motion Blur in the fusion image has been sharpen, and the outline of road is clearly visible."
2532,03913.png,Road has Motion Blur,Road,Motion Blur,Sharpen,"The motion Blur in the fusion image has been sharpen, and the outline of road is clearly visible."
2533,03915.png,Car has Overexposure,Car,Overexposure,Decrease Brightness,"The overexposure in the fusion image has been repaired, and the outline of car is clearly visible."
2534,03918.png,Road has Overexposure,Road,Overexposure,Decrease Brightness,"The overexposure in the fusion image has been repaired, and the outline of road is clearly visible."
2535,03919.png,Road has Motion Blur,Road,Motion Blur,Sharpen,"The motion Blur in the fusion image has been sharpen, and the outline of road is clearly visible."
2536,03920.png,Road has Overexposure,Road,Overexposure,Decrease Brightness,"The overexposure in the fusion image has been repaired, and the outline of road is clearly visible."
2537,03921.png,Car has Overexposure,Car,Overexposure,Decrease Brightness,"The overexposure in the fusion image has been repaired, and the outline of car is clearly visible."
2538,03922.png,Road has Overexposure,Road,Overexposure,Decrease Brightness,"The overexposure in the fusion image has been repaired, and the outline of road is clearly visible."
2539,03923.png,Road has Overexposure,Road,Overexposure,Decrease Brightness,"The overexposure in the fusion image has been repaired, and the outline of road is clearly visible."
2540,03925.png,Road has Overexposure,Road,Overexposure,Decrease Brightness,"The overexposure in the fusion image has been repaired, and the outline of road is clearly visible."
2541,03926.png,Car has Motion Blur,Car,Motion Blur,Sharpen,"The motion Blur in the fusion image has been sharpen, and the outline of car is clearly visible."
2542,03927.png,Road has Motion Blur,Road,Motion Blur,Sharpen,"The motion Blur in the fusion image has been sharpen, and the outline of road is clearly visible."
2543,03928.png,Road has Overexposure,Road,Overexposure,Decrease Brightness,"The overexposure in the fusion image has been repaired, and the outline of road is clearly visible."
2544,03929.png,Road has Overexposure,Road,Overexposure,Decrease Brightness,"The overexposure in the fusion image has been repaired, and the outline of road is clearly visible."
2545,03930.png,Road has Overexposure,Road,Overexposure,Decrease Brightness,"The overexposure in the fusion image has been repaired, and the outline of road is clearly visible."
2546,03932.png,Road has Overexposure,Road,Overexposure,Decrease Brightness,"The overexposure in the fusion image has been repaired, and the outline of road is clearly visible."
2547,03933.png,Road has Overexposure,Road,Overexposure,Decrease Brightness,"The overexposure in the fusion image has been repaired, and the outline of road is clearly visible."
2548,03934.png,Road has Overexposure,Road,Overexposure,Decrease Brightness,"The overexposure in the fusion image has been repaired, and the outline of road is clearly visible."
2549,03935.png,Road has Overexposure,Road,Overexposure,Decrease Brightness,"The overexposure in the fusion image has been repaired, and the outline of road is clearly visible."
2550,03936.png,Car has Motion Blur,Car,Motion Blur,Sharpen,"The motion Blur in the fusion image has been sharpen, and the outline of car is clearly visible."
2551,03937.png,Road has Overexposure,Road,Overexposure,Decrease Brightness,"The overexposure in the fusion image has been repaired, and the outline of road is clearly visible."
2552,03938.png,Road has Overexposure,Road,Overexposure,Decrease Brightness,"The overexposure in the fusion image has been repaired, and the outline of road is clearly visible."
2553,03940.png,Road has Overexposure,Road,Overexposure,Decrease Brightness,"The overexposure in the fusion image has been repaired, and the outline of road is clearly visible."
2554,03941.png,Road has Motion Blur,Road,Motion Blur,Sharpen,"The motion Blur in the fusion image has been sharpen, and the outline of road is clearly visible."
2555,03944.png,Road has Overexposure,Road,Overexposure,Decrease Brightness,"The overexposure in the fusion image has been repaired, and the outline of road is clearly visible."
2556,03945.png,Road has Overexposure,Road,Overexposure,Decrease Brightness,"The overexposure in the fusion image has been repaired, and the outline of road is clearly visible."
2557,03946.png,Road has Motion Blur,Road,Motion Blur,Sharpen,"The motion Blur in the fusion image has been sharpen, and the outline of road is clearly visible."
2558,03947.png,Road has Overexposure,Road,Overexposure,Decrease Brightness,"The overexposure in the fusion image has been repaired, and the outline of road is clearly visible."
2559,03952.png,Road has Motion Blur,Road,Motion Blur,Sharpen,"The motion Blur in the fusion image has been sharpen, and the outline of road is clearly visible."
2560,03953.png,Road has Overexposure,Road,Overexposure,Decrease Brightness,"The overexposure in the fusion image has been repaired, and the outline of road is clearly visible."
2561,03954.png,Road has Overexposure,Road,Overexposure,Decrease Brightness,"The overexposure in the fusion image has been repaired, and the outline of road is clearly visible."
2562,03955.png,Road has Overexposure,Road,Overexposure,Decrease Brightness,"The overexposure in the fusion image has been repaired, and the outline of road is clearly visible."
2563,03956.png,Road has Overexposure,Road,Overexposure,Decrease Brightness,"The overexposure in the fusion image has been repaired, and the outline of road is clearly visible."
2564,03958.png,Road has Overexposure,Road,Overexposure,Decrease Brightness,"The overexposure in the fusion image has been repaired, and the outline of road is clearly visible."
2565,03959.png,Road has Overexposure,Road,Overexposure,Decrease Brightness,"The overexposure in the fusion image has been repaired, and the outline of road is clearly visible."
2566,03960.png,Road has Overexposure,Road,Overexposure,Decrease Brightness,"The overexposure in the fusion image has been repaired, and the outline of road is clearly visible."
2567,03961.png,Road has Overexposure,Road,Overexposure,Decrease Brightness,"The overexposure in the fusion image has been repaired, and the outline of road is clearly visible."
2568,03962.png,Road has Overexposure,Road,Overexposure,Decrease Brightness,"The overexposure in the fusion image has been repaired, and the outline of road is clearly visible."
2569,03963.png,Road has Overexposure,Road,Overexposure,Decrease Brightness,"The overexposure in the fusion image has been repaired, and the outline of road is clearly visible."
2570,03965.png,Road has Overexposure,Road,Overexposure,Decrease Brightness,"The overexposure in the fusion image has been repaired, and the outline of road is clearly visible."
2571,03966.png,Road has Motion Blur,Road,Motion Blur,Sharpen,"The motion Blur in the fusion image has been sharpen, and the outline of road is clearly visible."
2572,03967.png,Road has Motion Blur,Road,Motion Blur,Sharpen,"The motion Blur in the fusion image has been sharpen, and the outline of road is clearly visible."
2573,03968.png,Road has Overexposure,Road,Overexposure,Decrease Brightness,"The overexposure in the fusion image has been repaired, and the outline of road is clearly visible."
2574,03969.png,Building has Overexposure,Building,Overexposure,Decrease Brightness,"The overexposure in the fusion image has been repaired, and the outline of building is clearly visible."
2575,03970.png,Road has Overexposure,Road,Overexposure,Decrease Brightness,"The overexposure in the fusion image has been repaired, and the outline of road is clearly visible."
2576,03971.png,Car has Overexposure,Car,Overexposure,Decrease Brightness,"The overexposure in the fusion image has been repaired, and the outline of car is clearly visible."
2577,03972.png,Car has Overexposure,Car,Overexposure,Decrease Brightness,"The overexposure in the fusion image has been repaired, and the outline of car is clearly visible."
2578,03974.png,Streetlight has Overexposure,Streetlight,Overexposure,Decrease Brightness,"The overexposure in the fusion image has been repaired, and the outline of streetlight is clearly visible."
2579,03975.png,Streetlight has Overexposure,Streetlight,Overexposure,Decrease Brightness,"The overexposure in the fusion image has been repaired, and the outline of streetlight is clearly visible."
2580,03979.png,Streetlight has Overexposure,Streetlight,Overexposure,Decrease Brightness,"The overexposure in the fusion image has been repaired, and the outline of streetlight is clearly visible."
2581,03981.png,Road has Overexposure,Road,Overexposure,Decrease Brightness,"The overexposure in the fusion image has been repaired, and the outline of road is clearly visible."
2582,03982.png,Streetlight has Overexposure,Streetlight,Overexposure,Decrease Brightness,"The overexposure in the fusion image has been repaired, and the outline of streetlight is clearly visible."
2583,03986.png,Road has Overexposure,Road,Overexposure,Decrease Brightness,"The overexposure in the fusion image has been repaired, and the outline of road is clearly visible."
2584,03987.png,Streetlight has Overexposure,Streetlight,Overexposure,Decrease Brightness,"The overexposure in the fusion image has been repaired, and the outline of streetlight is clearly visible."
2585,03989.png,Road has Overexposure,Road,Overexposure,Decrease Brightness,"The overexposure in the fusion image has been repaired, and the outline of road is clearly visible."
2586,03990.png,Road has Overexposure,Road,Overexposure,Decrease Brightness,"The overexposure in the fusion image has been repaired, and the outline of road is clearly visible."
2587,03995.png,Streetlight has Overexposure,Streetlight,Overexposure,Decrease Brightness,"The overexposure in the fusion image has been repaired, and the outline of streetlight is clearly visible."
2588,03996.png,Streetlight has Overexposure,Streetlight,Overexposure,Decrease Brightness,"The overexposure in the fusion image has been repaired, and the outline of streetlight is clearly visible."
2589,03998.png,Road has Overexposure,Road,Overexposure,Decrease Brightness,"The overexposure in the fusion image has been repaired, and the outline of road is clearly visible."
2590,04000.png,Road has Overexposure,Road,Overexposure,Decrease Brightness,"The overexposure in the fusion image has been repaired, and the outline of road is clearly visible."
2591,04001.png,Road has Overexposure,Road,Overexposure,Decrease Brightness,"The overexposure in the fusion image has been repaired, and the outline of road is clearly visible."
2592,04002.png,Road has Overexposure,Road,Overexposure,Decrease Brightness,"The overexposure in the fusion image has been repaired, and the outline of road is clearly visible."
2593,04003.png,Road has Overexposure,Road,Overexposure,Decrease Brightness,"The overexposure in the fusion image has been repaired, and the outline of road is clearly visible."
2594,04005.png,Road has Motion Blur,Road,Motion Blur,Sharpen,"The motion Blur in the fusion image has been sharpen, and the outline of road is clearly visible."
2595,04012.png,Road has Motion Blur,Road,Motion Blur,Sharpen,"The motion Blur in the fusion image has been sharpen, and the outline of road is clearly visible."
2596,04013.png,Road has Overexposure,Road,Overexposure,Decrease Brightness,"The overexposure in the fusion image has been repaired, and the outline of road is clearly visible."
2597,04019.png,Road has Overexposure,Road,Overexposure,Decrease Brightness,"The overexposure in the fusion image has been repaired, and the outline of road is clearly visible."
2598,04022.png,Road has Overexposure,Road,Overexposure,Decrease Brightness,"The overexposure in the fusion image has been repaired, and the outline of road is clearly visible."
2599,04035.png,Road has Overexposure,Road,Overexposure,Decrease Brightness,"The overexposure in the fusion image has been repaired, and the outline of road is clearly visible."
2600,04039.png,Road has Overexposure,Road,Overexposure,Decrease Brightness,"The overexposure in the fusion image has been repaired, and the outline of road is clearly visible."
2601,04057.png,Road has Overexposure,Road,Overexposure,Decrease Brightness,"The overexposure in the fusion image has been repaired, and the outline of road is clearly visible."
2602,04058.png,Road has Overexposure,Road,Overexposure,Decrease Brightness,"The overexposure in the fusion image has been repaired, and the outline of road is clearly visible."
2603,04061.png,Road has Overexposure,Road,Overexposure,Decrease Brightness,"The overexposure in the fusion image has been repaired, and the outline of road is clearly visible."
2604,04067.png,Car has Overexposure,Car,Overexposure,Decrease Brightness,"The overexposure in the fusion image has been repaired, and the outline of car is clearly visible."
2605,04072.png,Road has Overexposure,Road,Overexposure,Decrease Brightness,"The overexposure in the fusion image has been repaired, and the outline of road is clearly visible."
2606,04073.png,Road has Overexposure,Road,Overexposure,Decrease Brightness,"The overexposure in the fusion image has been repaired, and the outline of road is clearly visible."
2607,04074.png,Road has Overexposure,Road,Overexposure,Decrease Brightness,"The overexposure in the fusion image has been repaired, and the outline of road is clearly visible."
2608,04079.png,Road has Overexposure,Road,Overexposure,Decrease Brightness,"The overexposure in the fusion image has been repaired, and the outline of road is clearly visible."
2609,04081.png,Road has Overexposure,Road,Overexposure,Decrease Brightness,"The overexposure in the fusion image has been repaired, and the outline of road is clearly visible."
2610,04082.png,Road has Overexposure,Road,Overexposure,Decrease Brightness,"The overexposure in the fusion image has been repaired, and the outline of road is clearly visible."
2611,04088.png,Road has Overexposure,Road,Overexposure,Decrease Brightness,"The overexposure in the fusion image has been repaired, and the outline of road is clearly visible."
2612,04090.png,Streetlight has Overexposure,Streetlight,Overexposure,Decrease Brightness,"The overexposure in the fusion image has been repaired, and the outline of streetlight is clearly visible."
2613,04100.png,Streetlight has Overexposure,Streetlight,Overexposure,Decrease Brightness,"The overexposure in the fusion image has been repaired, and the outline of streetlight is clearly visible."
2614,04103.png,Road has Overexposure,Road,Overexposure,Decrease Brightness,"The overexposure in the fusion image has been repaired, and the outline of road is clearly visible."
2615,04107.png,Road has Overexposure,Road,Overexposure,Decrease Brightness,"The overexposure in the fusion image has been repaired, and the outline of road is clearly visible."
2616,04110.png,Road has Overexposure,Road,Overexposure,Decrease Brightness,"The overexposure in the fusion image has been repaired, and the outline of road is clearly visible."
2617,04113.png,Road has Overexposure,Road,Overexposure,Decrease Brightness,"The overexposure in the fusion image has been repaired, and the outline of road is clearly visible."
2618,04114.png,Road has Overexposure,Road,Overexposure,Decrease Brightness,"The overexposure in the fusion image has been repaired, and the outline of road is clearly visible."
2619,04115.png,Road has Overexposure,Road,Overexposure,Decrease Brightness,"The overexposure in the fusion image has been repaired, and the outline of road is clearly visible."
2620,04116.png,Road has Overexposure,Road,Overexposure,Decrease Brightness,"The overexposure in the fusion image has been repaired, and the outline of road is clearly visible."
2621,04117.png,Car has Overexposure,Car,Overexposure,Decrease Brightness,"The overexposure in the fusion image has been repaired, and the outline of car is clearly visible."
2622,04118.png,Car has Overexposure,Car,Overexposure,Decrease Brightness,"The overexposure in the fusion image has been repaired, and the outline of car is clearly visible."
2623,04119.png,Car has Overexposure,Car,Overexposure,Decrease Brightness,"The overexposure in the fusion image has been repaired, and the outline of car is clearly visible."
2624,04120.png,Car has Overexposure,Car,Overexposure,Decrease Brightness,"The overexposure in the fusion image has been repaired, and the outline of car is clearly visible."
2625,04121.png,Car has Overexposure,Car,Overexposure,Decrease Brightness,"The overexposure in the fusion image has been repaired, and the outline of car is clearly visible."
2626,04122.png,Car has Overexposure,Car,Overexposure,Decrease Brightness,"The overexposure in the fusion image has been repaired, and the outline of car is clearly visible."
2627,04123.png,Car has Overexposure,Car,Overexposure,Decrease Brightness,"The overexposure in the fusion image has been repaired, and the outline of car is clearly visible."
2628,04124.png,Car has Overexposure,Car,Overexposure,Decrease Brightness,"The overexposure in the fusion image has been repaired, and the outline of car is clearly visible."
2629,04125.png,Car has Overexposure,Car,Overexposure,Decrease Brightness,"The overexposure in the fusion image has been repaired, and the outline of car is clearly visible."
2630,04129.png,Car has Overexposure,Car,Overexposure,Decrease Brightness,"The overexposure in the fusion image has been repaired, and the outline of car is clearly visible."
2631,04130.png,Car has Overexposure,Car,Overexposure,Decrease Brightness,"The overexposure in the fusion image has been repaired, and the outline of car is clearly visible."
2632,04131.png,Car has Overexposure,Car,Overexposure,Decrease Brightness,"The overexposure in the fusion image has been repaired, and the outline of car is clearly visible."
2633,04132.png,Car has Overexposure,Car,Overexposure,Decrease Brightness,"The overexposure in the fusion image has been repaired, and the outline of car is clearly visible."
2634,04133.png,Road has Overexposure,Road,Overexposure,Decrease Brightness,"The overexposure in the fusion image has been repaired, and the outline of road is clearly visible."
2635,04134.png,Car has Overexposure,Car,Overexposure,Decrease Brightness,"The overexposure in the fusion image has been repaired, and the outline of car is clearly visible."
2636,04136.png,Car has Overexposure,Car,Overexposure,Decrease Brightness,"The overexposure in the fusion image has been repaired, and the outline of car is clearly visible."
2637,04138.png,Car has Overexposure,Car,Overexposure,Decrease Brightness,"The overexposure in the fusion image has been repaired, and the outline of car is clearly visible."
2638,04139.png,Car has Overexposure,Car,Overexposure,Decrease Brightness,"The overexposure in the fusion image has been repaired, and the outline of car is clearly visible."
2639,04140.png,Car has Overexposure,Car,Overexposure,Decrease Brightness,"The overexposure in the fusion image has been repaired, and the outline of car is clearly visible."
2640,04141.png,Car has Overexposure,Car,Overexposure,Decrease Brightness,"The overexposure in the fusion image has been repaired, and the outline of car is clearly visible."
2641,04142.png,Car has Overexposure,Car,Overexposure,Decrease Brightness,"The overexposure in the fusion image has been repaired, and the outline of car is clearly visible."
2642,04143.png,Car has Overexposure,Car,Overexposure,Decrease Brightness,"The overexposure in the fusion image has been repaired, and the outline of car is clearly visible."
2643,04144.png,Road has Overexposure,Road,Overexposure,Decrease Brightness,"The overexposure in the fusion image has been repaired, and the outline of road is clearly visible."
2644,04146.png,Road has Overexposure,Road,Overexposure,Decrease Brightness,"The overexposure in the fusion image has been repaired, and the outline of road is clearly visible."
2645,04148.png,Road has Overexposure,Road,Overexposure,Decrease Brightness,"The overexposure in the fusion image has been repaired, and the outline of road is clearly visible."
2646,04149.png,Road has Overexposure,Road,Overexposure,Decrease Brightness,"The overexposure in the fusion image has been repaired, and the outline of road is clearly visible."
2647,04150.png,Road has Overexposure,Road,Overexposure,Decrease Brightness,"The overexposure in the fusion image has been repaired, and the outline of road is clearly visible."
2648,04151.png,Car has Overexposure,Car,Overexposure,Decrease Brightness,"The overexposure in the fusion image has been repaired, and the outline of car is clearly visible."
2649,04156.png,Car has Overexposure,Car,Overexposure,Decrease Brightness,"The overexposure in the fusion image has been repaired, and the outline of car is clearly visible."
2650,04157.png,Car has Overexposure,Car,Overexposure,Decrease Brightness,"The overexposure in the fusion image has been repaired, and the outline of car is clearly visible."
2651,04158.png,Road has Overexposure,Road,Overexposure,Decrease Brightness,"The overexposure in the fusion image has been repaired, and the outline of road is clearly visible."
2652,04159.png,Road has Overexposure,Road,Overexposure,Decrease Brightness,"The overexposure in the fusion image has been repaired, and the outline of road is clearly visible."
2653,04160.png,Road has Overexposure,Road,Overexposure,Decrease Brightness,"The overexposure in the fusion image has been repaired, and the outline of road is clearly visible."
2654,04165.png,Road has Overexposure,Road,Overexposure,Decrease Brightness,"The overexposure in the fusion image has been repaired, and the outline of road is clearly visible."
2655,04166.png,Car has Overexposure,Car,Overexposure,Decrease Brightness,"The overexposure in the fusion image has been repaired, and the outline of car is clearly visible."
2656,04169.png,Car has Overexposure,Car,Overexposure,Decrease Brightness,"The overexposure in the fusion image has been repaired, and the outline of car is clearly visible."
2657,04174.png,Car has Overexposure,Car,Overexposure,Decrease Brightness,"The overexposure in the fusion image has been repaired, and the outline of car is clearly visible."
2658,04175.png,Road has Overexposure,Road,Overexposure,Decrease Brightness,"The overexposure in the fusion image has been repaired, and the outline of road is clearly visible."
2659,04176.png,Car has Overexposure,Car,Overexposure,Decrease Brightness,"The overexposure in the fusion image has been repaired, and the outline of car is clearly visible."
2660,04177.png,Car has Overexposure,Car,Overexposure,Decrease Brightness,"The overexposure in the fusion image has been repaired, and the outline of car is clearly visible."
2661,04178.png,Car has Overexposure,Car,Overexposure,Decrease Brightness,"The overexposure in the fusion image has been repaired, and the outline of car is clearly visible."
2662,04179.png,Car has Overexposure,Car,Overexposure,Decrease Brightness,"The overexposure in the fusion image has been repaired, and the outline of car is clearly visible."
2663,04183.png,Car has Overexposure,Car,Overexposure,Decrease Brightness,"The overexposure in the fusion image has been repaired, and the outline of car is clearly visible."
2664,04184.png,Car has Overexposure,Car,Overexposure,Decrease Brightness,"The overexposure in the fusion image has been repaired, and the outline of car is clearly visible."
2665,04185.png,Car has Overexposure,Car,Overexposure,Decrease Brightness,"The overexposure in the fusion image has been repaired, and the outline of car is clearly visible."
2666,04186.png,Road has Overexposure,Road,Overexposure,Decrease Brightness,"The overexposure in the fusion image has been repaired, and the outline of road is clearly visible."
2667,04187.png,Road has Overexposure,Road,Overexposure,Decrease Brightness,"The overexposure in the fusion image has been repaired, and the outline of road is clearly visible."
2668,04188.png,Building has Overexposure,Building,Overexposure,Decrease Brightness,"The overexposure in the fusion image has been repaired, and the outline of building is clearly visible."
2669,04189.png,Car has Overexposure,Car,Overexposure,Decrease Brightness,"The overexposure in the fusion image has been repaired, and the outline of car is clearly visible."
2670,04190.png,Streetlight has Overexposure,Streetlight,Overexposure,Decrease Brightness,"The overexposure in the fusion image has been repaired, and the outline of streetlight is clearly visible."
2671,04191.png,Streetlight has Overexposure,Streetlight,Overexposure,Decrease Brightness,"The overexposure in the fusion image has been repaired, and the outline of streetlight is clearly visible."
2672,04193.png,Road has Overexposure,Road,Overexposure,Decrease Brightness,"The overexposure in the fusion image has been repaired, and the outline of road is clearly visible."
2673,04195.png,Road has Overexposure,Road,Overexposure,Decrease Brightness,"The overexposure in the fusion image has been repaired, and the outline of road is clearly visible."
2674,04200.png,Car has Overexposure,Car,Overexposure,Decrease Brightness,"The overexposure in the fusion image has been repaired, and the outline of car is clearly visible."
2675,04201.png,Road has Overexposure,Road,Overexposure,Decrease Brightness,"The overexposure in the fusion image has been repaired, and the outline of road is clearly visible."
2676,04211.png,Car has Overexposure,Car,Overexposure,Decrease Brightness,"The overexposure in the fusion image has been repaired, and the outline of car is clearly visible."
2677,04217.png,Car has Overexposure,Car,Overexposure,Decrease Brightness,"The overexposure in the fusion image has been repaired, and the outline of car is clearly visible."
2678,04218.png,Car has Overexposure,Car,Overexposure,Decrease Brightness,"The overexposure in the fusion image has been repaired, and the outline of car is clearly visible."
2679,04219.png,Car has Overexposure,Car,Overexposure,Decrease Brightness,"The overexposure in the fusion image has been repaired, and the outline of car is clearly visible."
2680,04221.png,Car has Overexposure,Car,Overexposure,Decrease Brightness,"The overexposure in the fusion image has been repaired, and the outline of car is clearly visible."
2681,04224.png,Car has Overexposure,Car,Overexposure,Decrease Brightness,"The overexposure in the fusion image has been repaired, and the outline of car is clearly visible."
2682,04225.png,Road has Overexposure,Road,Overexposure,Decrease Brightness,"The overexposure in the fusion image has been repaired, and the outline of road is clearly visible."
2683,04227.png,Streetlight has Overexposure,Streetlight,Overexposure,Decrease Brightness,"The overexposure in the fusion image has been repaired, and the outline of streetlight is clearly visible."
2684,04228.png,Car has Overexposure,Car,Overexposure,Decrease Brightness,"The overexposure in the fusion image has been repaired, and the outline of car is clearly visible."
2685,04229.png,Streetlight has Overexposure,Streetlight,Overexposure,Decrease Brightness,"The overexposure in the fusion image has been repaired, and the outline of streetlight is clearly visible."
2686,04233.png,Road has Overexposure,Road,Overexposure,Decrease Brightness,"The overexposure in the fusion image has been repaired, and the outline of road is clearly visible."
2687,04234.png,Road has Overexposure,Road,Overexposure,Decrease Brightness,"The overexposure in the fusion image has been repaired, and the outline of road is clearly visible."
2688,04235.png,Car has Overexposure,Car,Overexposure,Decrease Brightness,"The overexposure in the fusion image has been repaired, and the outline of car is clearly visible."
2689,04236.png,Car has Overexposure,Car,Overexposure,Decrease Brightness,"The overexposure in the fusion image has been repaired, and the outline of car is clearly visible."
2690,04237.png,Road has Overexposure,Road,Overexposure,Decrease Brightness,"The overexposure in the fusion image has been repaired, and the outline of road is clearly visible."
2691,04239.png,Road has Overexposure,Road,Overexposure,Decrease Brightness,"The overexposure in the fusion image has been repaired, and the outline of road is clearly visible."
2692,04242.png,Road has Overexposure,Road,Overexposure,Decrease Brightness,"The overexposure in the fusion image has been repaired, and the outline of road is clearly visible."
2693,04244.png,Road has Overexposure,Road,Overexposure,Decrease Brightness,"The overexposure in the fusion image has been repaired, and the outline of road is clearly visible."
2694,04251.png,Road has Overexposure,Road,Overexposure,Decrease Brightness,"The overexposure in the fusion image has been repaired, and the outline of road is clearly visible."
2695,04255.png,Road has Overexposure,Road,Overexposure,Decrease Brightness,"The overexposure in the fusion image has been repaired, and the outline of road is clearly visible."
2696,04256.png,Road has Overexposure,Road,Overexposure,Decrease Brightness,"The overexposure in the fusion image has been repaired, and the outline of road is clearly visible."
2697,04257.png,Road has Overexposure,Road,Overexposure,Decrease Brightness,"The overexposure in the fusion image has been repaired, and the outline of road is clearly visible."
2698,04260.png,Car has Overexposure,Car,Overexposure,Decrease Brightness,"The overexposure in the fusion image has been repaired, and the outline of car is clearly visible."
2699,04261.png,Road has Overexposure,Road,Overexposure,Decrease Brightness,"The overexposure in the fusion image has been repaired, and the outline of road is clearly visible."
2700,04262.png,Road has Overexposure,Road,Overexposure,Decrease Brightness,"The overexposure in the fusion image has been repaired, and the outline of road is clearly visible."
2701,04264.png,Road has Overexposure,Road,Overexposure,Decrease Brightness,"The overexposure in the fusion image has been repaired, and the outline of road is clearly visible."
2702,04265.png,Car has Overexposure,Car,Overexposure,Decrease Brightness,"The overexposure in the fusion image has been repaired, and the outline of car is clearly visible."
2703,04266.png,Road has Overexposure,Road,Overexposure,Decrease Brightness,"The overexposure in the fusion image has been repaired, and the outline of road is clearly visible."
2704,04267.png,Car has Overexposure,Car,Overexposure,Decrease Brightness,"The overexposure in the fusion image has been repaired, and the outline of car is clearly visible."
2705,04268.png,Car has Overexposure,Car,Overexposure,Decrease Brightness,"The overexposure in the fusion image has been repaired, and the outline of car is clearly visible."
2706,04269.png,Car has Overexposure,Car,Overexposure,Decrease Brightness,"The overexposure in the fusion image has been repaired, and the outline of car is clearly visible."
2707,04270.png,Car has Overexposure,Car,Overexposure,Decrease Brightness,"The overexposure in the fusion image has been repaired, and the outline of car is clearly visible."
2708,04271.png,Road has Overexposure,Road,Overexposure,Decrease Brightness,"The overexposure in the fusion image has been repaired, and the outline of road is clearly visible."
2709,04272.png,Car has Overexposure,Car,Overexposure,Decrease Brightness,"The overexposure in the fusion image has been repaired, and the outline of car is clearly visible."
2710,04273.png,Road has Overexposure,Road,Overexposure,Decrease Brightness,"The overexposure in the fusion image has been repaired, and the outline of road is clearly visible."
2711,04274.png,Road has Overexposure,Road,Overexposure,Decrease Brightness,"The overexposure in the fusion image has been repaired, and the outline of road is clearly visible."
2712,04275.png,Road has Overexposure,Road,Overexposure,Decrease Brightness,"The overexposure in the fusion image has been repaired, and the outline of road is clearly visible."
2713,04276.png,Road has Overexposure,Road,Overexposure,Decrease Brightness,"The overexposure in the fusion image has been repaired, and the outline of road is clearly visible."
2714,04277.png,Car has Overexposure,Car,Overexposure,Decrease Brightness,"The overexposure in the fusion image has been repaired, and the outline of car is clearly visible."
2715,04278.png,Road has Overexposure,Road,Overexposure,Decrease Brightness,"The overexposure in the fusion image has been repaired, and the outline of road is clearly visible."
2716,04288.png,Car has Overexposure,Car,Overexposure,Decrease Brightness,"The overexposure in the fusion image has been repaired, and the outline of car is clearly visible."
2717,04299.png,Road has Overexposure,Road,Overexposure,Decrease Brightness,"The overexposure in the fusion image has been repaired, and the outline of road is clearly visible."
2718,04311.png,Road has Overexposure,Road,Overexposure,Decrease Brightness,"The overexposure in the fusion image has been repaired, and the outline of road is clearly visible."
2719,04312.png,Road has Overexposure,Road,Overexposure,Decrease Brightness,"The overexposure in the fusion image has been repaired, and the outline of road is clearly visible."
2720,04313.png,Road has Overexposure,Road,Overexposure,Decrease Brightness,"The overexposure in the fusion image has been repaired, and the outline of road is clearly visible."
2721,04314.png,Road has Overexposure,Road,Overexposure,Decrease Brightness,"The overexposure in the fusion image has been repaired, and the outline of road is clearly visible."
2722,04315.png,Car has Overexposure,Car,Overexposure,Decrease Brightness,"The overexposure in the fusion image has been repaired, and the outline of car is clearly visible."
2723,04316.png,Road has Overexposure,Road,Overexposure,Decrease Brightness,"The overexposure in the fusion image has been repaired, and the outline of road is clearly visible."
2724,04317.png,Car has Overexposure,Car,Overexposure,Decrease Brightness,"The overexposure in the fusion image has been repaired, and the outline of car is clearly visible."
2725,04318.png,Car has Overexposure,Car,Overexposure,Decrease Brightness,"The overexposure in the fusion image has been repaired, and the outline of car is clearly visible."
2726,04321.png,Car has Overexposure,Car,Overexposure,Decrease Brightness,"The overexposure in the fusion image has been repaired, and the outline of car is clearly visible."
2727,04322.png,Pedestrian has Underexposure,Pedestrian,Underexposure,Increase Brightness,"The underexposure in the fusion image has been enhanced, and the outline of pedestrians is clearly visible."
2728,04323.png,Car has Overexposure,Car,Overexposure,Decrease Brightness,"The overexposure in the fusion image has been repaired, and the outline of car is clearly visible."
2729,04324.png,Car has Overexposure,Car,Overexposure,Decrease Brightness,"The overexposure in the fusion image has been repaired, and the outline of car is clearly visible."
2730,04325.png,Car has Overexposure,Car,Overexposure,Decrease Brightness,"The overexposure in the fusion image has been repaired, and the outline of car is clearly visible."
2731,04326.png,Car has Overexposure,Car,Overexposure,Decrease Brightness,"The overexposure in the fusion image has been repaired, and the outline of car is clearly visible."
2732,04327.png,Car has Overexposure,Car,Overexposure,Decrease Brightness,"The overexposure in the fusion image has been repaired, and the outline of car is clearly visible."
2733,04328.png,Car has Overexposure,Car,Overexposure,Decrease Brightness,"The overexposure in the fusion image has been repaired, and the outline of car is clearly visible."
2734,04329.png,Car has Overexposure,Car,Overexposure,Decrease Brightness,"The overexposure in the fusion image has been repaired, and the outline of car is clearly visible."
2735,04331.png,Car has Overexposure,Car,Overexposure,Decrease Brightness,"The overexposure in the fusion image has been repaired, and the outline of car is clearly visible."
2736,04332.png,Car has Overexposure,Car,Overexposure,Decrease Brightness,"The overexposure in the fusion image has been repaired, and the outline of car is clearly visible."
2737,04333.png,Car has Overexposure,Car,Overexposure,Decrease Brightness,"The overexposure in the fusion image has been repaired, and the outline of car is clearly visible."
2738,04334.png,Car has Overexposure,Car,Overexposure,Decrease Brightness,"The overexposure in the fusion image has been repaired, and the outline of car is clearly visible."
2739,04336.png,Car has Overexposure,Car,Overexposure,Decrease Brightness,"The overexposure in the fusion image has been repaired, and the outline of car is clearly visible."
2740,04337.png,Car has Overexposure,Car,Overexposure,Decrease Brightness,"The overexposure in the fusion image has been repaired, and the outline of car is clearly visible."
2741,04338.png,Car has Overexposure,Car,Overexposure,Decrease Brightness,"The overexposure in the fusion image has been repaired, and the outline of car is clearly visible."
2742,04339.png,Car has Overexposure,Car,Overexposure,Decrease Brightness,"The overexposure in the fusion image has been repaired, and the outline of car is clearly visible."
2743,04340.png,Car has Overexposure,Car,Overexposure,Decrease Brightness,"The overexposure in the fusion image has been repaired, and the outline of car is clearly visible."
2744,04341.png,Car has Overexposure,Car,Overexposure,Decrease Brightness,"The overexposure in the fusion image has been repaired, and the outline of car is clearly visible."
2745,04342.png,Car has Overexposure,Car,Overexposure,Decrease Brightness,"The overexposure in the fusion image has been repaired, and the outline of car is clearly visible."
2746,04343.png,Car has Overexposure,Car,Overexposure,Decrease Brightness,"The overexposure in the fusion image has been repaired, and the outline of car is clearly visible."
2747,04344.png,Car has Overexposure,Car,Overexposure,Decrease Brightness,"The overexposure in the fusion image has been repaired, and the outline of car is clearly visible."
2748,04345.png,Car has Overexposure,Car,Overexposure,Decrease Brightness,"The overexposure in the fusion image has been repaired, and the outline of car is clearly visible."
2749,04346.png,Car has Overexposure,Car,Overexposure,Decrease Brightness,"The overexposure in the fusion image has been repaired, and the outline of car is clearly visible."
2750,04350.png,Car has Overexposure,Car,Overexposure,Decrease Brightness,"The overexposure in the fusion image has been repaired, and the outline of car is clearly visible."
2751,04352.png,Road has Motion Blur,Road,Motion Blur,Sharpen,"The motion Blur in the fusion image has been sharpen, and the outline of road is clearly visible."
2752,04353.png,Road has Motion Blur,Road,Motion Blur,Sharpen,"The motion Blur in the fusion image has been sharpen, and the outline of road is clearly visible."
2753,04354.png,Road has Overexposure,Road,Overexposure,Decrease Brightness,"The overexposure in the fusion image has been repaired, and the outline of road is clearly visible."
2754,04355.png,Car has Overexposure,Car,Overexposure,Decrease Brightness,"The overexposure in the fusion image has been repaired, and the outline of car is clearly visible."
2755,04356.png,Road has Overexposure,Road,Overexposure,Decrease Brightness,"The overexposure in the fusion image has been repaired, and the outline of road is clearly visible."
2756,04357.png,Road has Overexposure,Road,Overexposure,Decrease Brightness,"The overexposure in the fusion image has been repaired, and the outline of road is clearly visible."
2757,04358.png,Road has Overexposure,Road,Overexposure,Decrease Brightness,"The overexposure in the fusion image has been repaired, and the outline of road is clearly visible."
2758,04359.png,Road has Overexposure,Road,Overexposure,Decrease Brightness,"The overexposure in the fusion image has been repaired, and the outline of road is clearly visible."
2759,04361.png,Road has Motion Blur,Road,Motion Blur,Sharpen,"The motion Blur in the fusion image has been sharpen, and the outline of road is clearly visible."
2760,04362.png,Road has Overexposure,Road,Overexposure,Decrease Brightness,"The overexposure in the fusion image has been repaired, and the outline of road is clearly visible."
2761,04363.png,Road has Low Contrast,Road,Low Contrast,Enhance Contrast,"The contrast in the fusion image has been enhanced, and the outline of road is clearly visible."
2762,04365.png,Road has Low Contrast,Road,Low Contrast,Enhance Contrast,"The contrast in the fusion image has been enhanced, and the outline of road is clearly visible."
2763,04366.png,Car has Overexposure,Car,Overexposure,Decrease Brightness,"The overexposure in the fusion image has been repaired, and the outline of car is clearly visible."
2764,04367.png,Car has Overexposure,Car,Overexposure,Decrease Brightness,"The overexposure in the fusion image has been repaired, and the outline of car is clearly visible."
2765,04369.png,Road has Low Contrast,Road,Low Contrast,Enhance Contrast,"The contrast in the fusion image has been enhanced, and the outline of road is clearly visible."
2766,04378.png,Streetlight has Overexposure,Streetlight,Overexposure,Decrease Brightness,"The overexposure in the fusion image has been repaired, and the outline of streetlight is clearly visible."
2767,04380.png,Road has Overexposure,Road,Overexposure,Decrease Brightness,"The overexposure in the fusion image has been repaired, and the outline of road is clearly visible."
2768,04381.png,Road has Overexposure,Road,Overexposure,Decrease Brightness,"The overexposure in the fusion image has been repaired, and the outline of road is clearly visible."
2769,04384.png,Car has Overexposure,Car,Overexposure,Decrease Brightness,"The overexposure in the fusion image has been repaired, and the outline of car is clearly visible."
2770,04385.png,Road has Overexposure,Road,Overexposure,Decrease Brightness,"The overexposure in the fusion image has been repaired, and the outline of road is clearly visible."
2771,04386.png,Road has Overexposure,Road,Overexposure,Decrease Brightness,"The overexposure in the fusion image has been repaired, and the outline of road is clearly visible."
2772,04387.png,Road has Low Contrast,Road,Low Contrast,Enhance Contrast,"The contrast in the fusion image has been enhanced, and the outline of road is clearly visible."
2773,04388.png,Pedestrian has Underexposure,Pedestrian,Underexposure,Increase Brightness,"The underexposure in the fusion image has been enhanced, and the outline of pedestrians is clearly visible."
2774,04389.png,Pedestrian has Underexposure,Pedestrian,Underexposure,Increase Brightness,"The underexposure in the fusion image has been enhanced, and the outline of pedestrians is clearly visible."
2775,04391.png,Road has Motion Blur,Road,Motion Blur,Sharpen,"The motion Blur in the fusion image has been sharpen, and the outline of road is clearly visible."
2776,04392.png,Car has Motion Blur,Car,Motion Blur,Sharpen,"The motion Blur in the fusion image has been sharpen, and the outline of car is clearly visible."
2777,04394.png,Car has Motion Blur,Car,Motion Blur,Sharpen,"The motion Blur in the fusion image has been sharpen, and the outline of car is clearly visible."
2778,04397.png,Car has Motion Blur,Car,Motion Blur,Sharpen,"The motion Blur in the fusion image has been sharpen, and the outline of car is clearly visible."
2779,04398.png,Road has Low Contrast,Road,Low Contrast,Enhance Contrast,"The contrast in the fusion image has been enhanced, and the outline of road is clearly visible."
2780,04399.png,Car has Motion Blur,Car,Motion Blur,Sharpen,"The motion Blur in the fusion image has been sharpen, and the outline of car is clearly visible."
2781,04402.png,Road has Overexposure,Road,Overexposure,Decrease Brightness,"The overexposure in the fusion image has been repaired, and the outline of road is clearly visible."
2782,04403.png,Car has Motion Blur,Car,Motion Blur,Sharpen,"The motion Blur in the fusion image has been sharpen, and the outline of car is clearly visible."
2783,04405.png,Car has Motion Blur,Car,Motion Blur,Sharpen,"The motion Blur in the fusion image has been sharpen, and the outline of car is clearly visible."
2784,04407.png,Road has Overexposure,Road,Overexposure,Decrease Brightness,"The overexposure in the fusion image has been repaired, and the outline of road is clearly visible."
2785,04408.png,Car has Motion Blur,Car,Motion Blur,Sharpen,"The motion Blur in the fusion image has been sharpen, and the outline of car is clearly visible."
2786,04410.png,Car has Low Contrast,Car,Low Contrast,Enhance Contrast,"The contrast in the fusion image has been enhanced, and the outline of car is clearly visible."
2787,04411.png,Road has Overexposure,Road,Overexposure,Decrease Brightness,"The overexposure in the fusion image has been repaired, and the outline of road is clearly visible."
2788,04412.png,Road has Overexposure,Road,Overexposure,Decrease Brightness,"The overexposure in the fusion image has been repaired, and the outline of road is clearly visible."
2789,04414.png,Car has Overexposure,Car,Overexposure,Decrease Brightness,"The overexposure in the fusion image has been repaired, and the outline of car is clearly visible."
2790,04415.png,Road has Overexposure,Road,Overexposure,Decrease Brightness,"The overexposure in the fusion image has been repaired, and the outline of road is clearly visible."
2791,04416.png,Road has Overexposure,Road,Overexposure,Decrease Brightness,"The overexposure in the fusion image has been repaired, and the outline of road is clearly visible."
2792,04419.png,Car has Overexposure,Car,Overexposure,Decrease Brightness,"The overexposure in the fusion image has been repaired, and the outline of car is clearly visible."
2793,04420.png,Road has Overexposure,Road,Overexposure,Decrease Brightness,"The overexposure in the fusion image has been repaired, and the outline of road is clearly visible."
2794,04421.png,Road has Overexposure,Road,Overexposure,Decrease Brightness,"The overexposure in the fusion image has been repaired, and the outline of road is clearly visible."
2795,04423.png,Road has Overexposure,Road,Overexposure,Decrease Brightness,"The overexposure in the fusion image has been repaired, and the outline of road is clearly visible."
2796,04424.png,Car has Overexposure,Car,Overexposure,Decrease Brightness,"The overexposure in the fusion image has been repaired, and the outline of car is clearly visible."
2797,04425.png,Car has Overexposure,Car,Overexposure,Decrease Brightness,"The overexposure in the fusion image has been repaired, and the outline of car is clearly visible."
2798,04426.png,Car has Overexposure,Car,Overexposure,Decrease Brightness,"The overexposure in the fusion image has been repaired, and the outline of car is clearly visible."
2799,04427.png,Car has Overexposure,Car,Overexposure,Decrease Brightness,"The overexposure in the fusion image has been repaired, and the outline of car is clearly visible."
2800,04429.png,Car has Overexposure,Car,Overexposure,Decrease Brightness,"The overexposure in the fusion image has been repaired, and the outline of car is clearly visible."
2801,04432.png,Road has Overexposure,Road,Overexposure,Decrease Brightness,"The overexposure in the fusion image has been repaired, and the outline of road is clearly visible."
2802,04433.png,Pedestrian has Underexposure,Pedestrian,Underexposure,Increase Brightness,"The underexposure in the fusion image has been enhanced, and the outline of pedestrians is clearly visible."
2803,04434.png,Pedestrian has Underexposure,Pedestrian,Underexposure,Increase Brightness,"The underexposure in the fusion image has been enhanced, and the outline of pedestrians is clearly visible."
2804,04436.png,Road has Overexposure,Road,Overexposure,Decrease Brightness,"The overexposure in the fusion image has been repaired, and the outline of road is clearly visible."
2805,04437.png,Car has Overexposure,Car,Overexposure,Decrease Brightness,"The overexposure in the fusion image has been repaired, and the outline of car is clearly visible."
2806,04438.png,Car has Overexposure,Car,Overexposure,Decrease Brightness,"The overexposure in the fusion image has been repaired, and the outline of car is clearly visible."
2807,04439.png,Car has Overexposure,Car,Overexposure,Decrease Brightness,"The overexposure in the fusion image has been repaired, and the outline of car is clearly visible."
2808,04440.png,Car has Overexposure,Car,Overexposure,Decrease Brightness,"The overexposure in the fusion image has been repaired, and the outline of car is clearly visible."
2809,04441.png,Car has Overexposure,Car,Overexposure,Decrease Brightness,"The overexposure in the fusion image has been repaired, and the outline of car is clearly visible."
2810,04442.png,Road has Overexposure,Road,Overexposure,Decrease Brightness,"The overexposure in the fusion image has been repaired, and the outline of road is clearly visible."
2811,04443.png,Car has Overexposure,Car,Overexposure,Decrease Brightness,"The overexposure in the fusion image has been repaired, and the outline of car is clearly visible."
2812,04444.png,Car has Overexposure,Car,Overexposure,Decrease Brightness,"The overexposure in the fusion image has been repaired, and the outline of car is clearly visible."
2813,04445.png,Car has Overexposure,Car,Overexposure,Decrease Brightness,"The overexposure in the fusion image has been repaired, and the outline of car is clearly visible."
2814,04446.png,Road has Overexposure,Road,Overexposure,Decrease Brightness,"The overexposure in the fusion image has been repaired, and the outline of road is clearly visible."
2815,04447.png,Car has Overexposure,Car,Overexposure,Decrease Brightness,"The overexposure in the fusion image has been repaired, and the outline of car is clearly visible."
2816,04448.png,Car has Overexposure,Car,Overexposure,Decrease Brightness,"The overexposure in the fusion image has been repaired, and the outline of car is clearly visible."
2817,04449.png,Car has Overexposure,Car,Overexposure,Decrease Brightness,"The overexposure in the fusion image has been repaired, and the outline of car is clearly visible."
2818,04450.png,Road has Overexposure,Road,Overexposure,Decrease Brightness,"The overexposure in the fusion image has been repaired, and the outline of road is clearly visible."
2819,04451.png,Road has Overexposure,Road,Overexposure,Decrease Brightness,"The overexposure in the fusion image has been repaired, and the outline of road is clearly visible."
2820,04452.png,Car has Overexposure,Car,Overexposure,Decrease Brightness,"The overexposure in the fusion image has been repaired, and the outline of car is clearly visible."
2821,04453.png,Road has Overexposure,Road,Overexposure,Decrease Brightness,"The overexposure in the fusion image has been repaired, and the outline of road is clearly visible."
2822,04454.png,Road has Overexposure,Road,Overexposure,Decrease Brightness,"The overexposure in the fusion image has been repaired, and the outline of road is clearly visible."
2823,04455.png,Car has Overexposure,Car,Overexposure,Decrease Brightness,"The overexposure in the fusion image has been repaired, and the outline of car is clearly visible."
2824,04456.png,Road has Motion Blur,Road,Motion Blur,Sharpen,"The motion Blur in the fusion image has been sharpen, and the outline of road is clearly visible."
2825,04457.png,Road has Overexposure,Road,Overexposure,Decrease Brightness,"The overexposure in the fusion image has been repaired, and the outline of road is clearly visible."
2826,04458.png,Road has Overexposure,Road,Overexposure,Decrease Brightness,"The overexposure in the fusion image has been repaired, and the outline of road is clearly visible."
2827,04459.png,Road has Overexposure,Road,Overexposure,Decrease Brightness,"The overexposure in the fusion image has been repaired, and the outline of road is clearly visible."
2828,04460.png,Road has Overexposure,Road,Overexposure,Decrease Brightness,"The overexposure in the fusion image has been repaired, and the outline of road is clearly visible."
2829,04461.png,Road has Overexposure,Road,Overexposure,Decrease Brightness,"The overexposure in the fusion image has been repaired, and the outline of road is clearly visible."
2830,04462.png,Road has Overexposure,Road,Overexposure,Decrease Brightness,"The overexposure in the fusion image has been repaired, and the outline of road is clearly visible."
2831,04467.png,Streetlight has Overexposure,Streetlight,Overexposure,Decrease Brightness,"The overexposure in the fusion image has been repaired, and the outline of streetlight is clearly visible."
2832,04468.png,Streetlight has Overexposure,Streetlight,Overexposure,Decrease Brightness,"The overexposure in the fusion image has been repaired, and the outline of streetlight is clearly visible."
2833,04479.png,Streetlight has Overexposure,Streetlight,Overexposure,Decrease Brightness,"The overexposure in the fusion image has been repaired, and the outline of streetlight is clearly visible."
2834,04481.png,Streetlight has Overexposure,Streetlight,Overexposure,Decrease Brightness,"The overexposure in the fusion image has been repaired, and the outline of streetlight is clearly visible."
2835,04491.png,Road has Overexposure,Road,Overexposure,Decrease Brightness,"The overexposure in the fusion image has been repaired, and the outline of road is clearly visible."
2836,04493.png,Road has Motion Blur,Road,Motion Blur,Sharpen,"The motion Blur in the fusion image has been sharpen, and the outline of road is clearly visible."
2837,04502.png,Road has Overexposure,Road,Overexposure,Decrease Brightness,"The overexposure in the fusion image has been repaired, and the outline of road is clearly visible."
2838,04504.png,Streetlight has Overexposure,Streetlight,Overexposure,Decrease Brightness,"The overexposure in the fusion image has been repaired, and the outline of streetlight is clearly visible."
2839,04505.png,Streetlight has Overexposure,Streetlight,Overexposure,Decrease Brightness,"The overexposure in the fusion image has been repaired, and the outline of streetlight is clearly visible."
2840,04506.png,Streetlight has Overexposure,Streetlight,Overexposure,Decrease Brightness,"The overexposure in the fusion image has been repaired, and the outline of streetlight is clearly visible."
2841,04507.png,Streetlight has Overexposure,Streetlight,Overexposure,Decrease Brightness,"The overexposure in the fusion image has been repaired, and the outline of streetlight is clearly visible."
2842,04508.png,Road has Motion Blur,Road,Motion Blur,Sharpen,"The motion Blur in the fusion image has been sharpen, and the outline of road is clearly visible."
2843,04509.png,Road has Overexposure,Road,Overexposure,Decrease Brightness,"The overexposure in the fusion image has been repaired, and the outline of road is clearly visible."
2844,04512.png,Streetlight has Overexposure,Streetlight,Overexposure,Decrease Brightness,"The overexposure in the fusion image has been repaired, and the outline of streetlight is clearly visible."
2845,04513.png,Car has Overexposure,Car,Overexposure,Decrease Brightness,"The overexposure in the fusion image has been repaired, and the outline of car is clearly visible."
2846,04514.png,Streetlight has Overexposure,Streetlight,Overexposure,Decrease Brightness,"The overexposure in the fusion image has been repaired, and the outline of streetlight is clearly visible."
2847,04515.png,Streetlight has Overexposure,Streetlight,Overexposure,Decrease Brightness,"The overexposure in the fusion image has been repaired, and the outline of streetlight is clearly visible."
2848,04516.png,Streetlight has Overexposure,Streetlight,Overexposure,Decrease Brightness,"The overexposure in the fusion image has been repaired, and the outline of streetlight is clearly visible."
2849,04523.png,Road has Motion Blur,Road,Motion Blur,Sharpen,"The motion Blur in the fusion image has been sharpen, and the outline of road is clearly visible."
2850,04527.png,Streetlight has Overexposure,Streetlight,Overexposure,Decrease Brightness,"The overexposure in the fusion image has been repaired, and the outline of streetlight is clearly visible."
2851,04530.png,Road has Motion Blur,Road,Motion Blur,Sharpen,"The motion Blur in the fusion image has been sharpen, and the outline of road is clearly visible."
2852,04533.png,Road has Low Contrast,Road,Low Contrast,Enhance Contrast,"The contrast in the fusion image has been enhanced, and the outline of road is clearly visible."
2853,04534.png,Car has Overexposure,Car,Overexposure,Decrease Brightness,"The overexposure in the fusion image has been repaired, and the outline of car is clearly visible."
2854,04540.png,Road has Overexposure,Road,Overexposure,Decrease Brightness,"The overexposure in the fusion image has been repaired, and the outline of road is clearly visible."
2855,04542.png,Car has Overexposure,Car,Overexposure,Decrease Brightness,"The overexposure in the fusion image has been repaired, and the outline of car is clearly visible."
2856,04546.png,Road has Overexposure,Road,Overexposure,Decrease Brightness,"The overexposure in the fusion image has been repaired, and the outline of road is clearly visible."
2857,04548.png,Streetlight has Overexposure,Streetlight,Overexposure,Decrease Brightness,"The overexposure in the fusion image has been repaired, and the outline of streetlight is clearly visible."
2858,04549.png,Streetlight has Overexposure,Streetlight,Overexposure,Decrease Brightness,"The overexposure in the fusion image has been repaired, and the outline of streetlight is clearly visible."
2859,04550.png,Road has Motion Blur,Road,Motion Blur,Sharpen,"The motion Blur in the fusion image has been sharpen, and the outline of road is clearly visible."
2860,04551.png,Road has Overexposure,Road,Overexposure,Decrease Brightness,"The overexposure in the fusion image has been repaired, and the outline of road is clearly visible."
2861,04552.png,Car has Overexposure,Car,Overexposure,Decrease Brightness,"The overexposure in the fusion image has been repaired, and the outline of car is clearly visible."
2862,04553.png,Road has Overexposure,Road,Overexposure,Decrease Brightness,"The overexposure in the fusion image has been repaired, and the outline of road is clearly visible."
2863,04554.png,Road has Overexposure,Road,Overexposure,Decrease Brightness,"The overexposure in the fusion image has been repaired, and the outline of road is clearly visible."
2864,04558.png,Car has Overexposure,Car,Overexposure,Decrease Brightness,"The overexposure in the fusion image has been repaired, and the outline of car is clearly visible."
2865,04560.png,Road has Overexposure,Road,Overexposure,Decrease Brightness,"The overexposure in the fusion image has been repaired, and the outline of road is clearly visible."
2866,04564.png,Streetlight has Overexposure,Streetlight,Overexposure,Decrease Brightness,"The overexposure in the fusion image has been repaired, and the outline of streetlight is clearly visible."
2867,04566.png,Road has Overexposure,Road,Overexposure,Decrease Brightness,"The overexposure in the fusion image has been repaired, and the outline of road is clearly visible."
2868,04567.png,Road has Motion Blur,Road,Motion Blur,Sharpen,"The motion Blur in the fusion image has been sharpen, and the outline of road is clearly visible."
2869,04568.png,Car has Overexposure,Car,Overexposure,Decrease Brightness,"The overexposure in the fusion image has been repaired, and the outline of car is clearly visible."
2870,04570.png,Car has Overexposure,Car,Overexposure,Decrease Brightness,"The overexposure in the fusion image has been repaired, and the outline of car is clearly visible."
2871,04571.png,Road has Overexposure,Road,Overexposure,Decrease Brightness,"The overexposure in the fusion image has been repaired, and the outline of road is clearly visible."
2872,04572.png,Road has Overexposure,Road,Overexposure,Decrease Brightness,"The overexposure in the fusion image has been repaired, and the outline of road is clearly visible."
2873,04573.png,Road has Overexposure,Road,Overexposure,Decrease Brightness,"The overexposure in the fusion image has been repaired, and the outline of road is clearly visible."
2874,04574.png,Road has Overexposure,Road,Overexposure,Decrease Brightness,"The overexposure in the fusion image has been repaired, and the outline of road is clearly visible."
2875,04577.png,Road has Motion Blur,Road,Motion Blur,Sharpen,"The motion Blur in the fusion image has been sharpen, and the outline of road is clearly visible."
2876,04578.png,Road has Overexposure,Road,Overexposure,Decrease Brightness,"The overexposure in the fusion image has been repaired, and the outline of road is clearly visible."
2877,04580.png,Streetlight has Overexposure,Streetlight,Overexposure,Decrease Brightness,"The overexposure in the fusion image has been repaired, and the outline of streetlight is clearly visible."
2878,04581.png,Streetlight has Overexposure,Streetlight,Overexposure,Decrease Brightness,"The overexposure in the fusion image has been repaired, and the outline of streetlight is clearly visible."
2879,04582.png,Streetlight has Overexposure,Streetlight,Overexposure,Decrease Brightness,"The overexposure in the fusion image has been repaired, and the outline of streetlight is clearly visible."
2880,04584.png,Road has Motion Blur,Road,Motion Blur,Sharpen,"The motion Blur in the fusion image has been sharpen, and the outline of road is clearly visible."
2881,04585.png,Road has Motion Blur,Road,Motion Blur,Sharpen,"The motion Blur in the fusion image has been sharpen, and the outline of road is clearly visible."
2882,04586.png,Road has Overexposure,Road,Overexposure,Decrease Brightness,"The overexposure in the fusion image has been repaired, and the outline of road is clearly visible."
2883,04587.png,Road has Motion Blur,Road,Motion Blur,Sharpen,"The motion Blur in the fusion image has been sharpen, and the outline of road is clearly visible."
2884,04588.png,Road has Motion Blur,Road,Motion Blur,Sharpen,"The motion Blur in the fusion image has been sharpen, and the outline of road is clearly visible."
2885,04589.png,Road has Motion Blur,Road,Motion Blur,Sharpen,"The motion Blur in the fusion image has been sharpen, and the outline of road is clearly visible."
2886,04592.png,Road has Overexposure,Road,Overexposure,Decrease Brightness,"The overexposure in the fusion image has been repaired, and the outline of road is clearly visible."
2887,04593.png,Road has Overexposure,Road,Overexposure,Decrease Brightness,"The overexposure in the fusion image has been repaired, and the outline of road is clearly visible."
2888,04598.png,Road has Overexposure,Road,Overexposure,Decrease Brightness,"The overexposure in the fusion image has been repaired, and the outline of road is clearly visible."
2889,04603.png,Car has Overexposure,Car,Overexposure,Decrease Brightness,"The overexposure in the fusion image has been repaired, and the outline of car is clearly visible."
2890,04604.png,Streetlight has Overexposure,Streetlight,Overexposure,Decrease Brightness,"The overexposure in the fusion image has been repaired, and the outline of streetlight is clearly visible."
2891,04605.png,Streetlight has Overexposure,Streetlight,Overexposure,Decrease Brightness,"The overexposure in the fusion image has been repaired, and the outline of streetlight is clearly visible."
2892,04606.png,Streetlight has Overexposure,Streetlight,Overexposure,Decrease Brightness,"The overexposure in the fusion image has been repaired, and the outline of streetlight is clearly visible."
2893,04610.png,Road has Overexposure,Road,Overexposure,Decrease Brightness,"The overexposure in the fusion image has been repaired, and the outline of road is clearly visible."
2894,04611.png,Road has Low Contrast,Road,Low Contrast,Enhance Contrast,"The contrast in the fusion image has been enhanced, and the outline of road is clearly visible."
2895,04620.png,Road has Overexposure,Road,Overexposure,Decrease Brightness,"The overexposure in the fusion image has been repaired, and the outline of road is clearly visible."
2896,04622.png,Road has Motion Blur,Road,Motion Blur,Sharpen,"The motion Blur in the fusion image has been sharpen, and the outline of road is clearly visible."
2897,04624.png,Car has Motion Blur,Car,Motion Blur,Sharpen,"The motion Blur in the fusion image has been sharpen, and the outline of car is clearly visible."
2898,04625.png,Road has Overexposure,Road,Overexposure,Decrease Brightness,"The overexposure in the fusion image has been repaired, and the outline of road is clearly visible."
2899,04626.png,Road has Low Contrast,Road,Low Contrast,Enhance Contrast,"The contrast in the fusion image has been enhanced, and the outline of road is clearly visible."
2900,04627.png,Road has Overexposure,Road,Overexposure,Decrease Brightness,"The overexposure in the fusion image has been repaired, and the outline of road is clearly visible."
2901,04628.png,Road has Overexposure,Road,Overexposure,Decrease Brightness,"The overexposure in the fusion image has been repaired, and the outline of road is clearly visible."
2902,04631.png,Road has Overexposure,Road,Overexposure,Decrease Brightness,"The overexposure in the fusion image has been repaired, and the outline of road is clearly visible."
2903,04633.png,Car has Motion Blur,Car,Motion Blur,Sharpen,"The motion Blur in the fusion image has been sharpen, and the outline of car is clearly visible."
2904,04634.png,Car has Overexposure,Car,Overexposure,Decrease Brightness,"The overexposure in the fusion image has been repaired, and the outline of car is clearly visible."
2905,04636.png,Car has Overexposure,Car,Overexposure,Decrease Brightness,"The overexposure in the fusion image has been repaired, and the outline of car is clearly visible."
2906,04638.png,Car has Motion Blur,Car,Motion Blur,Sharpen,"The motion Blur in the fusion image has been sharpen, and the outline of car is clearly visible."
2907,04639.png,Streetlight has Overexposure,Streetlight,Overexposure,Decrease Brightness,"The overexposure in the fusion image has been repaired, and the outline of streetlight is clearly visible."
2908,04640.png,Road has Overexposure,Road,Overexposure,Decrease Brightness,"The overexposure in the fusion image has been repaired, and the outline of road is clearly visible."
2909,04641.png,Car has Motion Blur,Car,Motion Blur,Sharpen,"The motion Blur in the fusion image has been sharpen, and the outline of car is clearly visible."
2910,04642.png,Road has Overexposure,Road,Overexposure,Decrease Brightness,"The overexposure in the fusion image has been repaired, and the outline of road is clearly visible."
2911,04645.png,Car has Motion Blur,Car,Motion Blur,Sharpen,"The motion Blur in the fusion image has been sharpen, and the outline of car is clearly visible."
2912,04647.png,Car has Overexposure,Car,Overexposure,Decrease Brightness,"The overexposure in the fusion image has been repaired, and the outline of car is clearly visible."
2913,04648.png,Car has Overexposure,Car,Overexposure,Decrease Brightness,"The overexposure in the fusion image has been repaired, and the outline of car is clearly visible."
2914,04649.png,Car has Overexposure,Car,Overexposure,Decrease Brightness,"The overexposure in the fusion image has been repaired, and the outline of car is clearly visible."
2915,04650.png,Car has Motion Blur,Car,Motion Blur,Sharpen,"The motion Blur in the fusion image has been sharpen, and the outline of car is clearly visible."
2916,04652.png,Road has Overexposure,Road,Overexposure,Decrease Brightness,"The overexposure in the fusion image has been repaired, and the outline of road is clearly visible."
2917,04654.png,Car has Overexposure,Car,Overexposure,Decrease Brightness,"The overexposure in the fusion image has been repaired, and the outline of car is clearly visible."
2918,04655.png,Car has Overexposure,Car,Overexposure,Decrease Brightness,"The overexposure in the fusion image has been repaired, and the outline of car is clearly visible."
2919,04656.png,Streetlight has Overexposure,Streetlight,Overexposure,Decrease Brightness,"The overexposure in the fusion image has been repaired, and the outline of streetlight is clearly visible."
2920,04667.png,Road has Overexposure,Road,Overexposure,Decrease Brightness,"The overexposure in the fusion image has been repaired, and the outline of road is clearly visible."
2921,04668.png,Road has Low Contrast,Road,Low Contrast,Enhance Contrast,"The contrast in the fusion image has been enhanced, and the outline of road is clearly visible."
2922,04674.png,Streetlight has Overexposure,Streetlight,Overexposure,Decrease Brightness,"The overexposure in the fusion image has been repaired, and the outline of streetlight is clearly visible."
2923,04675.png,Car has Motion Blur,Car,Motion Blur,Sharpen,"The motion Blur in the fusion image has been sharpen, and the outline of car is clearly visible."
2924,04680.png,Streetlight has Overexposure,Streetlight,Overexposure,Decrease Brightness,"The overexposure in the fusion image has been repaired, and the outline of streetlight is clearly visible."
2925,04681.png,Road has Overexposure,Road,Overexposure,Decrease Brightness,"The overexposure in the fusion image has been repaired, and the outline of road is clearly visible."
2926,04686.png,Car has Motion Blur,Car,Motion Blur,Sharpen,"The motion Blur in the fusion image has been sharpen, and the outline of car is clearly visible."
2927,04694.png,Road has Overexposure,Road,Overexposure,Decrease Brightness,"The overexposure in the fusion image has been repaired, and the outline of road is clearly visible."
2928,04695.png,Car has Overexposure,Car,Overexposure,Decrease Brightness,"The overexposure in the fusion image has been repaired, and the outline of car is clearly visible."
2929,04698.png,Road has Overexposure,Road,Overexposure,Decrease Brightness,"The overexposure in the fusion image has been repaired, and the outline of road is clearly visible."
2930,04699.png,Road has Overexposure,Road,Overexposure,Decrease Brightness,"The overexposure in the fusion image has been repaired, and the outline of road is clearly visible."
2931,04703.png,Road has Overexposure,Road,Overexposure,Decrease Brightness,"The overexposure in the fusion image has been repaired, and the outline of road is clearly visible."
2932,04708.png,Streetlight has Overexposure,Streetlight,Overexposure,Decrease Brightness,"The overexposure in the fusion image has been repaired, and the outline of streetlight is clearly visible."
2933,04710.png,Road has Overexposure,Road,Overexposure,Decrease Brightness,"The overexposure in the fusion image has been repaired, and the outline of road is clearly visible."
2934,04714.png,Car has Overexposure,Car,Overexposure,Decrease Brightness,"The overexposure in the fusion image has been repaired, and the outline of car is clearly visible."
2935,04716.png,Car has Overexposure,Car,Overexposure,Decrease Brightness,"The overexposure in the fusion image has been repaired, and the outline of car is clearly visible."
2936,04721.png,Road has Motion Blur,Road,Motion Blur,Sharpen,"The motion Blur in the fusion image has been sharpen, and the outline of road is clearly visible."
2937,04722.png,Car has Overexposure,Car,Overexposure,Decrease Brightness,"The overexposure in the fusion image has been repaired, and the outline of car is clearly visible."
2938,04729.png,Streetlight has Overexposure,Streetlight,Overexposure,Decrease Brightness,"The overexposure in the fusion image has been repaired, and the outline of streetlight is clearly visible."
2939,04730.png,Streetlight has Overexposure,Streetlight,Overexposure,Decrease Brightness,"The overexposure in the fusion image has been repaired, and the outline of streetlight is clearly visible."
2940,04732.png,Road has Overexposure,Road,Overexposure,Decrease Brightness,"The overexposure in the fusion image has been repaired, and the outline of road is clearly visible."
2941,04757.png,Road has Overexposure,Road,Overexposure,Decrease Brightness,"The overexposure in the fusion image has been repaired, and the outline of road is clearly visible."
2942,04762.png,Road has Motion Blur,Road,Motion Blur,Sharpen,"The motion Blur in the fusion image has been sharpen, and the outline of road is clearly visible."
2943,04764.png,Road has Overexposure,Road,Overexposure,Decrease Brightness,"The overexposure in the fusion image has been repaired, and the outline of road is clearly visible."
2944,04769.png,Streetlight has Overexposure,Streetlight,Overexposure,Decrease Brightness,"The overexposure in the fusion image has been repaired, and the outline of streetlight is clearly visible."
2945,04770.png,Streetlight has Overexposure,Streetlight,Overexposure,Decrease Brightness,"The overexposure in the fusion image has been repaired, and the outline of streetlight is clearly visible."
2946,04772.png,Road has Motion Blur,Road,Motion Blur,Sharpen,"The motion Blur in the fusion image has been sharpen, and the outline of road is clearly visible."
2947,04773.png,Road has Overexposure,Road,Overexposure,Decrease Brightness,"The overexposure in the fusion image has been repaired, and the outline of road is clearly visible."
2948,04775.png,Streetlight has Overexposure,Streetlight,Overexposure,Decrease Brightness,"The overexposure in the fusion image has been repaired, and the outline of streetlight is clearly visible."
2949,04780.png,Streetlight has Overexposure,Streetlight,Overexposure,Decrease Brightness,"The overexposure in the fusion image has been repaired, and the outline of streetlight is clearly visible."
2950,04782.png,Streetlight has Overexposure,Streetlight,Overexposure,Decrease Brightness,"The overexposure in the fusion image has been repaired, and the outline of streetlight is clearly visible."
2951,04790.png,Road has Overexposure,Road,Overexposure,Decrease Brightness,"The overexposure in the fusion image has been repaired, and the outline of road is clearly visible."
2952,04792.png,Road has Overexposure,Road,Overexposure,Decrease Brightness,"The overexposure in the fusion image has been repaired, and the outline of road is clearly visible."
2953,04797.png,Road has Overexposure,Road,Overexposure,Decrease Brightness,"The overexposure in the fusion image has been repaired, and the outline of road is clearly visible."
2954,04802.png,Streetlight has Overexposure,Streetlight,Overexposure,Decrease Brightness,"The overexposure in the fusion image has been repaired, and the outline of streetlight is clearly visible."
2955,04803.png,Streetlight has Overexposure,Streetlight,Overexposure,Decrease Brightness,"The overexposure in the fusion image has been repaired, and the outline of streetlight is clearly visible."
2956,04804.png,Streetlight has Overexposure,Streetlight,Overexposure,Decrease Brightness,"The overexposure in the fusion image has been repaired, and the outline of streetlight is clearly visible."
2957,04805.png,Road has Overexposure,Road,Overexposure,Decrease Brightness,"The overexposure in the fusion image has been repaired, and the outline of road is clearly visible."
2958,04806.png,Road has Overexposure,Road,Overexposure,Decrease Brightness,"The overexposure in the fusion image has been repaired, and the outline of road is clearly visible."
2959,04807.png,Car has Overexposure,Car,Overexposure,Decrease Brightness,"The overexposure in the fusion image has been repaired, and the outline of car is clearly visible."
2960,04809.png,Road has Overexposure,Road,Overexposure,Decrease Brightness,"The overexposure in the fusion image has been repaired, and the outline of road is clearly visible."
2961,04812.png,Streetlight has Overexposure,Streetlight,Overexposure,Decrease Brightness,"The overexposure in the fusion image has been repaired, and the outline of streetlight is clearly visible."
2962,04813.png,Road has Overexposure,Road,Overexposure,Decrease Brightness,"The overexposure in the fusion image has been repaired, and the outline of road is clearly visible."
2963,04815.png,Streetlight has Overexposure,Streetlight,Overexposure,Decrease Brightness,"The overexposure in the fusion image has been repaired, and the outline of streetlight is clearly visible."
2964,04818.png,Streetlight has Overexposure,Streetlight,Overexposure,Decrease Brightness,"The overexposure in the fusion image has been repaired, and the outline of streetlight is clearly visible."
2965,04819.png,Road has Overexposure,Road,Overexposure,Decrease Brightness,"The overexposure in the fusion image has been repaired, and the outline of road is clearly visible."
2966,04823.png,Road has Overexposure,Road,Overexposure,Decrease Brightness,"The overexposure in the fusion image has been repaired, and the outline of road is clearly visible."
2967,04830.png,Streetlight has Overexposure,Streetlight,Overexposure,Decrease Brightness,"The overexposure in the fusion image has been repaired, and the outline of streetlight is clearly visible."
2968,04833.png,Streetlight has Overexposure,Streetlight,Overexposure,Decrease Brightness,"The overexposure in the fusion image has been repaired, and the outline of streetlight is clearly visible."
2969,04834.png,Streetlight has Overexposure,Streetlight,Overexposure,Decrease Brightness,"The overexposure in the fusion image has been repaired, and the outline of streetlight is clearly visible."
2970,04835.png,Streetlight has Overexposure,Streetlight,Overexposure,Decrease Brightness,"The overexposure in the fusion image has been repaired, and the outline of streetlight is clearly visible."
2971,04837.png,Streetlight has Overexposure,Streetlight,Overexposure,Decrease Brightness,"The overexposure in the fusion image has been repaired, and the outline of streetlight is clearly visible."
2972,04838.png,Streetlight has Overexposure,Streetlight,Overexposure,Decrease Brightness,"The overexposure in the fusion image has been repaired, and the outline of streetlight is clearly visible."
2973,04839.png,Streetlight has Overexposure,Streetlight,Overexposure,Decrease Brightness,"The overexposure in the fusion image has been repaired, and the outline of streetlight is clearly visible."
2974,04840.png,Road has Overexposure,Road,Overexposure,Decrease Brightness,"The overexposure in the fusion image has been repaired, and the outline of road is clearly visible."
2975,04845.png,Streetlight has Overexposure,Streetlight,Overexposure,Decrease Brightness,"The overexposure in the fusion image has been repaired, and the outline of streetlight is clearly visible."
2976,04846.png,Streetlight has Overexposure,Streetlight,Overexposure,Decrease Brightness,"The overexposure in the fusion image has been repaired, and the outline of streetlight is clearly visible."
2977,04851.png,Road has Overexposure,Road,Overexposure,Decrease Brightness,"The overexposure in the fusion image has been repaired, and the outline of road is clearly visible."
2978,04859.png,Streetlight has Overexposure,Streetlight,Overexposure,Decrease Brightness,"The overexposure in the fusion image has been repaired, and the outline of streetlight is clearly visible."
2979,04862.png,Road has Overexposure,Road,Overexposure,Decrease Brightness,"The overexposure in the fusion image has been repaired, and the outline of road is clearly visible."
2980,04865.png,Streetlight has Overexposure,Streetlight,Overexposure,Decrease Brightness,"The overexposure in the fusion image has been repaired, and the outline of streetlight is clearly visible."
2981,04866.png,Streetlight has Overexposure,Streetlight,Overexposure,Decrease Brightness,"The overexposure in the fusion image has been repaired, and the outline of streetlight is clearly visible."
2982,04868.png,Streetlight has Overexposure,Streetlight,Overexposure,Decrease Brightness,"The overexposure in the fusion image has been repaired, and the outline of streetlight is clearly visible."
2983,04872.png,Road has Overexposure,Road,Overexposure,Decrease Brightness,"The overexposure in the fusion image has been repaired, and the outline of road is clearly visible."
2984,04881.png,Road has Overexposure,Road,Overexposure,Decrease Brightness,"The overexposure in the fusion image has been repaired, and the outline of road is clearly visible."
2985,04902.png,Road has Overexposure,Road,Overexposure,Decrease Brightness,"The overexposure in the fusion image has been repaired, and the outline of road is clearly visible."
2986,04910.png,Car has Overexposure,Car,Overexposure,Decrease Brightness,"The overexposure in the fusion image has been repaired, and the outline of car is clearly visible."
2987,04911.png,Car has Overexposure,Car,Overexposure,Decrease Brightness,"The overexposure in the fusion image has been repaired, and the outline of car is clearly visible."
2988,04913.png,Road has Overexposure,Road,Overexposure,Decrease Brightness,"The overexposure in the fusion image has been repaired, and the outline of road is clearly visible."
2989,04916.png,Streetlight has Overexposure,Streetlight,Overexposure,Decrease Brightness,"The overexposure in the fusion image has been repaired, and the outline of streetlight is clearly visible."
2990,04917.png,Streetlight has Overexposure,Streetlight,Overexposure,Decrease Brightness,"The overexposure in the fusion image has been repaired, and the outline of streetlight is clearly visible."
2991,04918.png,Road has Motion Blur,Road,Motion Blur,Sharpen,"The motion Blur in the fusion image has been sharpen, and the outline of road is clearly visible."
2992,04919.png,Streetlight has Overexposure,Streetlight,Overexposure,Decrease Brightness,"The overexposure in the fusion image has been repaired, and the outline of streetlight is clearly visible."
2993,04920.png,Road has Overexposure,Road,Overexposure,Decrease Brightness,"The overexposure in the fusion image has been repaired, and the outline of road is clearly visible."
2994,04921.png,Road has Overexposure,Road,Overexposure,Decrease Brightness,"The overexposure in the fusion image has been repaired, and the outline of road is clearly visible."
2995,04923.png,Road has Overexposure,Road,Overexposure,Decrease Brightness,"The overexposure in the fusion image has been repaired, and the outline of road is clearly visible."
2996,04924.png,Road has Overexposure,Road,Overexposure,Decrease Brightness,"The overexposure in the fusion image has been repaired, and the outline of road is clearly visible."
2997,04925.png,Road has Overexposure,Road,Overexposure,Decrease Brightness,"The overexposure in the fusion image has been repaired, and the outline of road is clearly visible."
2998,04926.png,Road has Overexposure,Road,Overexposure,Decrease Brightness,"The overexposure in the fusion image has been repaired, and the outline of road is clearly visible."
2999,04927.png,Road has Overexposure,Road,Overexposure,Decrease Brightness,"The overexposure in the fusion image has been repaired, and the outline of road is clearly visible."
3000,04930.png,Road has Overexposure,Road,Overexposure,Decrease Brightness,"The overexposure in the fusion image has been repaired, and the outline of road is clearly visible."
3001,04931.png,Road has Overexposure,Road,Overexposure,Decrease Brightness,"The overexposure in the fusion image has been repaired, and the outline of road is clearly visible."
3002,04932.png,Road has Overexposure,Road,Overexposure,Decrease Brightness,"The overexposure in the fusion image has been repaired, and the outline of road is clearly visible."
3003,04933.png,Road has Overexposure,Road,Overexposure,Decrease Brightness,"The overexposure in the fusion image has been repaired, and the outline of road is clearly visible."
3004,04936.png,Streetlight has Overexposure,Streetlight,Overexposure,Decrease Brightness,"The overexposure in the fusion image has been repaired, and the outline of streetlight is clearly visible."
3005,04937.png,Road has Overexposure,Road,Overexposure,Decrease Brightness,"The overexposure in the fusion image has been repaired, and the outline of road is clearly visible."
3006,04938.png,Road has Overexposure,Road,Overexposure,Decrease Brightness,"The overexposure in the fusion image has been repaired, and the outline of road is clearly visible."
3007,04939.png,Road has Overexposure,Road,Overexposure,Decrease Brightness,"The overexposure in the fusion image has been repaired, and the outline of road is clearly visible."
3008,04940.png,Road has Overexposure,Road,Overexposure,Decrease Brightness,"The overexposure in the fusion image has been repaired, and the outline of road is clearly visible."
3009,04943.png,Road has Overexposure,Road,Overexposure,Decrease Brightness,"The overexposure in the fusion image has been repaired, and the outline of road is clearly visible."
3010,04949.png,Road has Overexposure,Road,Overexposure,Decrease Brightness,"The overexposure in the fusion image has been repaired, and the outline of road is clearly visible."
3011,04952.png,Road has Overexposure,Road,Overexposure,Decrease Brightness,"The overexposure in the fusion image has been repaired, and the outline of road is clearly visible."
3012,04953.png,Road has Overexposure,Road,Overexposure,Decrease Brightness,"The overexposure in the fusion image has been repaired, and the outline of road is clearly visible."
3013,04955.png,Road has Overexposure,Road,Overexposure,Decrease Brightness,"The overexposure in the fusion image has been repaired, and the outline of road is clearly visible."
3014,04956.png,Road has Overexposure,Road,Overexposure,Decrease Brightness,"The overexposure in the fusion image has been repaired, and the outline of road is clearly visible."
3015,04957.png,Road has Overexposure,Road,Overexposure,Decrease Brightness,"The overexposure in the fusion image has been repaired, and the outline of road is clearly visible."
3016,04958.png,Road has Overexposure,Road,Overexposure,Decrease Brightness,"The overexposure in the fusion image has been repaired, and the outline of road is clearly visible."
3017,04959.png,Road has Overexposure,Road,Overexposure,Decrease Brightness,"The overexposure in the fusion image has been repaired, and the outline of road is clearly visible."
3018,04960.png,Road has Overexposure,Road,Overexposure,Decrease Brightness,"The overexposure in the fusion image has been repaired, and the outline of road is clearly visible."
3019,04961.png,Car has Overexposure,Car,Overexposure,Decrease Brightness,"The overexposure in the fusion image has been repaired, and the outline of car is clearly visible."
3020,04963.png,Car has Overexposure,Car,Overexposure,Decrease Brightness,"The overexposure in the fusion image has been repaired, and the outline of car is clearly visible."
3021,04965.png,Streetlight has Overexposure,Streetlight,Overexposure,Decrease Brightness,"The overexposure in the fusion image has been repaired, and the outline of streetlight is clearly visible."
3022,04966.png,Streetlight has Overexposure,Streetlight,Overexposure,Decrease Brightness,"The overexposure in the fusion image has been repaired, and the outline of streetlight is clearly visible."
3023,04967.png,Streetlight has Overexposure,Streetlight,Overexposure,Decrease Brightness,"The overexposure in the fusion image has been repaired, and the outline of streetlight is clearly visible."
3024,04968.png,Streetlight has Overexposure,Streetlight,Overexposure,Decrease Brightness,"The overexposure in the fusion image has been repaired, and the outline of streetlight is clearly visible."
3025,04971.png,Streetlight has Overexposure,Streetlight,Overexposure,Decrease Brightness,"The overexposure in the fusion image has been repaired, and the outline of streetlight is clearly visible."
3026,04972.png,Streetlight has Overexposure,Streetlight,Overexposure,Decrease Brightness,"The overexposure in the fusion image has been repaired, and the outline of streetlight is clearly visible."
3027,04974.png,Streetlight has Overexposure,Streetlight,Overexposure,Decrease Brightness,"The overexposure in the fusion image has been repaired, and the outline of streetlight is clearly visible."
3028,04975.png,Streetlight has Overexposure,Streetlight,Overexposure,Decrease Brightness,"The overexposure in the fusion image has been repaired, and the outline of streetlight is clearly visible."
3029,04977.png,Streetlight has Overexposure,Streetlight,Overexposure,Decrease Brightness,"The overexposure in the fusion image has been repaired, and the outline of streetlight is clearly visible."
3030,04978.png,Streetlight has Overexposure,Streetlight,Overexposure,Decrease Brightness,"The overexposure in the fusion image has been repaired, and the outline of streetlight is clearly visible."
3031,04981.png,Streetlight has Overexposure,Streetlight,Overexposure,Decrease Brightness,"The overexposure in the fusion image has been repaired, and the outline of streetlight is clearly visible."
3032,04982.png,Streetlight has Overexposure,Streetlight,Overexposure,Decrease Brightness,"The overexposure in the fusion image has been repaired, and the outline of streetlight is clearly visible."
3033,04984.png,Streetlight has Overexposure,Streetlight,Overexposure,Decrease Brightness,"The overexposure in the fusion image has been repaired, and the outline of streetlight is clearly visible."
3034,04985.png,Streetlight has Overexposure,Streetlight,Overexposure,Decrease Brightness,"The overexposure in the fusion image has been repaired, and the outline of streetlight is clearly visible."
3035,04986.png,Streetlight has Overexposure,Streetlight,Overexposure,Decrease Brightness,"The overexposure in the fusion image has been repaired, and the outline of streetlight is clearly visible."
3036,04987.png,Streetlight has Overexposure,Streetlight,Overexposure,Decrease Brightness,"The overexposure in the fusion image has been repaired, and the outline of streetlight is clearly visible."
3037,04988.png,Streetlight has Overexposure,Streetlight,Overexposure,Decrease Brightness,"The overexposure in the fusion image has been repaired, and the outline of streetlight is clearly visible."
3038,04989.png,Road has Overexposure,Road,Overexposure,Decrease Brightness,"The overexposure in the fusion image has been repaired, and the outline of road is clearly visible."
3039,04990.png,Streetlight has Overexposure,Streetlight,Overexposure,Decrease Brightness,"The overexposure in the fusion image has been repaired, and the outline of streetlight is clearly visible."
3040,04992.png,Road has Overexposure,Road,Overexposure,Decrease Brightness,"The overexposure in the fusion image has been repaired, and the outline of road is clearly visible."
3041,05016.png,Road has Overexposure,Road,Overexposure,Decrease Brightness,"The overexposure in the fusion image has been repaired, and the outline of road is clearly visible."
3042,05017.png,Car has Overexposure,Car,Overexposure,Decrease Brightness,"The overexposure in the fusion image has been repaired, and the outline of car is clearly visible."
3043,05019.png,Car has Overexposure,Car,Overexposure,Decrease Brightness,"The overexposure in the fusion image has been repaired, and the outline of car is clearly visible."
3044,05021.png,Car has Overexposure,Car,Overexposure,Decrease Brightness,"The overexposure in the fusion image has been repaired, and the outline of car is clearly visible."
3045,05022.png,Car has Overexposure,Car,Overexposure,Decrease Brightness,"The overexposure in the fusion image has been repaired, and the outline of car is clearly visible."
3046,05023.png,Car has Overexposure,Car,Overexposure,Decrease Brightness,"The overexposure in the fusion image has been repaired, and the outline of car is clearly visible."
3047,05025.png,Car has Overexposure,Car,Overexposure,Decrease Brightness,"The overexposure in the fusion image has been repaired, and the outline of car is clearly visible."
3048,05026.png,Car has Overexposure,Car,Overexposure,Decrease Brightness,"The overexposure in the fusion image has been repaired, and the outline of car is clearly visible."
3049,05028.png,Car has Overexposure,Car,Overexposure,Decrease Brightness,"The overexposure in the fusion image has been repaired, and the outline of car is clearly visible."
3050,05029.png,Streetlight has Overexposure,Streetlight,Overexposure,Decrease Brightness,"The overexposure in the fusion image has been repaired, and the outline of streetlight is clearly visible."
3051,05030.png,Streetlight has Overexposure,Streetlight,Overexposure,Decrease Brightness,"The overexposure in the fusion image has been repaired, and the outline of streetlight is clearly visible."
3052,05034.png,Road has Overexposure,Road,Overexposure,Decrease Brightness,"The overexposure in the fusion image has been repaired, and the outline of road is clearly visible."
3053,05048.png,Car has Overexposure,Car,Overexposure,Decrease Brightness,"The overexposure in the fusion image has been repaired, and the outline of car is clearly visible."
3054,05049.png,Road has Overexposure,Road,Overexposure,Decrease Brightness,"The overexposure in the fusion image has been repaired, and the outline of road is clearly visible."
3055,05050.png,Car has Overexposure,Car,Overexposure,Decrease Brightness,"The overexposure in the fusion image has been repaired, and the outline of car is clearly visible."
3056,05052.png,Road has Overexposure,Road,Overexposure,Decrease Brightness,"The overexposure in the fusion image has been repaired, and the outline of road is clearly visible."
3057,05054.png,Car has Motion Blur,Car,Motion Blur,Sharpen,"The motion Blur in the fusion image has been sharpen, and the outline of car is clearly visible."
3058,05057.png,Car has Overexposure,Car,Overexposure,Decrease Brightness,"The overexposure in the fusion image has been repaired, and the outline of car is clearly visible."
3059,05058.png,Road has Overexposure,Road,Overexposure,Decrease Brightness,"The overexposure in the fusion image has been repaired, and the outline of road is clearly visible."
3060,05060.png,Road has Overexposure,Road,Overexposure,Decrease Brightness,"The overexposure in the fusion image has been repaired, and the outline of road is clearly visible."
3061,05062.png,Road has Overexposure,Road,Overexposure,Decrease Brightness,"The overexposure in the fusion image has been repaired, and the outline of road is clearly visible."
3062,05063.png,Road has Overexposure,Road,Overexposure,Decrease Brightness,"The overexposure in the fusion image has been repaired, and the outline of road is clearly visible."
3063,05064.png,Car has Overexposure,Car,Overexposure,Decrease Brightness,"The overexposure in the fusion image has been repaired, and the outline of car is clearly visible."
3064,05066.png,Road has Overexposure,Road,Overexposure,Decrease Brightness,"The overexposure in the fusion image has been repaired, and the outline of road is clearly visible."
3065,05067.png,Road has Overexposure,Road,Overexposure,Decrease Brightness,"The overexposure in the fusion image has been repaired, and the outline of road is clearly visible."
3066,05068.png,Road has Low Contrast,Road,Low Contrast,Enhance Contrast,"The contrast in the fusion image has been enhanced, and the outline of road is clearly visible."
3067,05069.png,Road has Overexposure,Road,Overexposure,Decrease Brightness,"The overexposure in the fusion image has been repaired, and the outline of road is clearly visible."
3068,05070.png,Road has Overexposure,Road,Overexposure,Decrease Brightness,"The overexposure in the fusion image has been repaired, and the outline of road is clearly visible."
3069,05071.png,Road has Overexposure,Road,Overexposure,Decrease Brightness,"The overexposure in the fusion image has been repaired, and the outline of road is clearly visible."
3070,05072.png,Road has Overexposure,Road,Overexposure,Decrease Brightness,"The overexposure in the fusion image has been repaired, and the outline of road is clearly visible."
3071,05073.png,Road has Overexposure,Road,Overexposure,Decrease Brightness,"The overexposure in the fusion image has been repaired, and the outline of road is clearly visible."
3072,05074.png,Road has Overexposure,Road,Overexposure,Decrease Brightness,"The overexposure in the fusion image has been repaired, and the outline of road is clearly visible."
3073,05075.png,Road has Overexposure,Road,Overexposure,Decrease Brightness,"The overexposure in the fusion image has been repaired, and the outline of road is clearly visible."
3074,05076.png,Road has Overexposure,Road,Overexposure,Decrease Brightness,"The overexposure in the fusion image has been repaired, and the outline of road is clearly visible."
3075,05077.png,Road has Overexposure,Road,Overexposure,Decrease Brightness,"The overexposure in the fusion image has been repaired, and the outline of road is clearly visible."
3076,05078.png,Road has Overexposure,Road,Overexposure,Decrease Brightness,"The overexposure in the fusion image has been repaired, and the outline of road is clearly visible."
3077,05080.png,Road has Overexposure,Road,Overexposure,Decrease Brightness,"The overexposure in the fusion image has been repaired, and the outline of road is clearly visible."
3078,05084.png,Road has Motion Blur,Road,Motion Blur,Sharpen,"The motion Blur in the fusion image has been sharpen, and the outline of road is clearly visible."
3079,05085.png,Road has Overexposure,Road,Overexposure,Decrease Brightness,"The overexposure in the fusion image has been repaired, and the outline of road is clearly visible."
3080,05086.png,Road has Overexposure,Road,Overexposure,Decrease Brightness,"The overexposure in the fusion image has been repaired, and the outline of road is clearly visible."
3081,05094.png,Car has Overexposure,Car,Overexposure,Decrease Brightness,"The overexposure in the fusion image has been repaired, and the outline of car is clearly visible."
3082,05095.png,Car has Overexposure,Car,Overexposure,Decrease Brightness,"The overexposure in the fusion image has been repaired, and the outline of car is clearly visible."
3083,05097.png,Car has Overexposure,Car,Overexposure,Decrease Brightness,"The overexposure in the fusion image has been repaired, and the outline of car is clearly visible."
3084,05098.png,Road has Overexposure,Road,Overexposure,Decrease Brightness,"The overexposure in the fusion image has been repaired, and the outline of road is clearly visible."
3085,05099.png,Car has Overexposure,Car,Overexposure,Decrease Brightness,"The overexposure in the fusion image has been repaired, and the outline of car is clearly visible."
3086,05100.png,Car has Overexposure,Car,Overexposure,Decrease Brightness,"The overexposure in the fusion image has been repaired, and the outline of car is clearly visible."
3087,05101.png,Car has Overexposure,Car,Overexposure,Decrease Brightness,"The overexposure in the fusion image has been repaired, and the outline of car is clearly visible."
3088,05102.png,Pedestrian has Underexposure,Pedestrian,Underexposure,Increase Brightness,"The underexposure in the fusion image has been enhanced, and the outline of pedestrians is clearly visible."
3089,05104.png,Road has Motion Blur,Road,Motion Blur,Sharpen,"The motion Blur in the fusion image has been sharpen, and the outline of road is clearly visible."
3090,05107.png,Sky has Overexposure,Sky,Overexposure,Decrease Brightness,"The overexposure in the fusion image has been repaired, and the outline of sky is clearly visible."
3091,05108.png,Sky has Overexposure,Sky,Overexposure,Decrease Brightness,"The overexposure in the fusion image has been repaired, and the outline of sky is clearly visible."
3092,05110.png,Car has Overexposure,Car,Overexposure,Decrease Brightness,"The overexposure in the fusion image has been repaired, and the outline of car is clearly visible."
3093,05111.png,Car has Overexposure,Car,Overexposure,Decrease Brightness,"The overexposure in the fusion image has been repaired, and the outline of car is clearly visible."
3094,05113.png,Car has Overexposure,Car,Overexposure,Decrease Brightness,"The overexposure in the fusion image has been repaired, and the outline of car is clearly visible."
3095,05114.png,Car has Overexposure,Car,Overexposure,Decrease Brightness,"The overexposure in the fusion image has been repaired, and the outline of car is clearly visible."
3096,05115.png,Car has Overexposure,Car,Overexposure,Decrease Brightness,"The overexposure in the fusion image has been repaired, and the outline of car is clearly visible."
3097,05116.png,Car has Overexposure,Car,Overexposure,Decrease Brightness,"The overexposure in the fusion image has been repaired, and the outline of car is clearly visible."
3098,05118.png,Car has Overexposure,Car,Overexposure,Decrease Brightness,"The overexposure in the fusion image has been repaired, and the outline of car is clearly visible."
3099,05119.png,Car has Overexposure,Car,Overexposure,Decrease Brightness,"The overexposure in the fusion image has been repaired, and the outline of car is clearly visible."
3100,05120.png,Road has Overexposure,Road,Overexposure,Decrease Brightness,"The overexposure in the fusion image has been repaired, and the outline of road is clearly visible."
3101,05122.png,Car has Overexposure,Car,Overexposure,Decrease Brightness,"The overexposure in the fusion image has been repaired, and the outline of car is clearly visible."
3102,05124.png,Car has Overexposure,Car,Overexposure,Decrease Brightness,"The overexposure in the fusion image has been repaired, and the outline of car is clearly visible."
3103,05125.png,Car has Overexposure,Car,Overexposure,Decrease Brightness,"The overexposure in the fusion image has been repaired, and the outline of car is clearly visible."
3104,05126.png,Car has Overexposure,Car,Overexposure,Decrease Brightness,"The overexposure in the fusion image has been repaired, and the outline of car is clearly visible."
3105,05127.png,Car has Overexposure,Car,Overexposure,Decrease Brightness,"The overexposure in the fusion image has been repaired, and the outline of car is clearly visible."
3106,05129.png,Car has Overexposure,Car,Overexposure,Decrease Brightness,"The overexposure in the fusion image has been repaired, and the outline of car is clearly visible."
3107,05130.png,Car has Overexposure,Car,Overexposure,Decrease Brightness,"The overexposure in the fusion image has been repaired, and the outline of car is clearly visible."
3108,05131.png,Road has Overexposure,Road,Overexposure,Decrease Brightness,"The overexposure in the fusion image has been repaired, and the outline of road is clearly visible."
3109,05132.png,Car has Overexposure,Car,Overexposure,Decrease Brightness,"The overexposure in the fusion image has been repaired, and the outline of car is clearly visible."
3110,05134.png,Car has Overexposure,Car,Overexposure,Decrease Brightness,"The overexposure in the fusion image has been repaired, and the outline of car is clearly visible."
3111,05135.png,Car has Overexposure,Car,Overexposure,Decrease Brightness,"The overexposure in the fusion image has been repaired, and the outline of car is clearly visible."
3112,05136.png,Car has Overexposure,Car,Overexposure,Decrease Brightness,"The overexposure in the fusion image has been repaired, and the outline of car is clearly visible."
3113,05137.png,Car has Overexposure,Car,Overexposure,Decrease Brightness,"The overexposure in the fusion image has been repaired, and the outline of car is clearly visible."
3114,05138.png,Car has Overexposure,Car,Overexposure,Decrease Brightness,"The overexposure in the fusion image has been repaired, and the outline of car is clearly visible."
3115,05139.png,Car has Overexposure,Car,Overexposure,Decrease Brightness,"The overexposure in the fusion image has been repaired, and the outline of car is clearly visible."
3116,05140.png,Car has Overexposure,Car,Overexposure,Decrease Brightness,"The overexposure in the fusion image has been repaired, and the outline of car is clearly visible."
3117,05141.png,Car has Overexposure,Car,Overexposure,Decrease Brightness,"The overexposure in the fusion image has been repaired, and the outline of car is clearly visible."
3118,05142.png,Road has Overexposure,Road,Overexposure,Decrease Brightness,"The overexposure in the fusion image has been repaired, and the outline of road is clearly visible."
3119,05143.png,Car has Overexposure,Car,Overexposure,Decrease Brightness,"The overexposure in the fusion image has been repaired, and the outline of car is clearly visible."
3120,05144.png,Car has Overexposure,Car,Overexposure,Decrease Brightness,"The overexposure in the fusion image has been repaired, and the outline of car is clearly visible."
3121,05145.png,Car has Overexposure,Car,Overexposure,Decrease Brightness,"The overexposure in the fusion image has been repaired, and the outline of car is clearly visible."
3122,05146.png,Car has Overexposure,Car,Overexposure,Decrease Brightness,"The overexposure in the fusion image has been repaired, and the outline of car is clearly visible."
3123,05147.png,Car has Overexposure,Car,Overexposure,Decrease Brightness,"The overexposure in the fusion image has been repaired, and the outline of car is clearly visible."
3124,05148.png,Car has Overexposure,Car,Overexposure,Decrease Brightness,"The overexposure in the fusion image has been repaired, and the outline of car is clearly visible."
3125,05149.png,Car has Overexposure,Car,Overexposure,Decrease Brightness,"The overexposure in the fusion image has been repaired, and the outline of car is clearly visible."
3126,05150.png,Road has Overexposure,Road,Overexposure,Decrease Brightness,"The overexposure in the fusion image has been repaired, and the outline of road is clearly visible."
3127,05152.png,Car has Overexposure,Car,Overexposure,Decrease Brightness,"The overexposure in the fusion image has been repaired, and the outline of car is clearly visible."
3128,05154.png,Car has Overexposure,Car,Overexposure,Decrease Brightness,"The overexposure in the fusion image has been repaired, and the outline of car is clearly visible."
3129,05156.png,Car has Overexposure,Car,Overexposure,Decrease Brightness,"The overexposure in the fusion image has been repaired, and the outline of car is clearly visible."
3130,05157.png,Car has Overexposure,Car,Overexposure,Decrease Brightness,"The overexposure in the fusion image has been repaired, and the outline of car is clearly visible."
3131,05158.png,Car has Overexposure,Car,Overexposure,Decrease Brightness,"The overexposure in the fusion image has been repaired, and the outline of car is clearly visible."
3132,05159.png,Car has Overexposure,Car,Overexposure,Decrease Brightness,"The overexposure in the fusion image has been repaired, and the outline of car is clearly visible."
3133,05160.png,Car has Overexposure,Car,Overexposure,Decrease Brightness,"The overexposure in the fusion image has been repaired, and the outline of car is clearly visible."
3134,05161.png,Car has Overexposure,Car,Overexposure,Decrease Brightness,"The overexposure in the fusion image has been repaired, and the outline of car is clearly visible."
3135,05162.png,Road has Low Contrast,Road,Low Contrast,Enhance Contrast,"The contrast in the fusion image has been enhanced, and the outline of road is clearly visible."
3136,05163.png,Car has Overexposure,Car,Overexposure,Decrease Brightness,"The overexposure in the fusion image has been repaired, and the outline of car is clearly visible."
3137,05164.png,Road has Low Contrast,Road,Low Contrast,Enhance Contrast,"The contrast in the fusion image has been enhanced, and the outline of road is clearly visible."
3138,05166.png,Car has Overexposure,Car,Overexposure,Decrease Brightness,"The overexposure in the fusion image has been repaired, and the outline of car is clearly visible."
3139,05167.png,Car has Low Contrast,Car,Low Contrast,Enhance Contrast,"The contrast in the fusion image has been enhanced, and the outline of car is clearly visible."
3140,05168.png,Car has Overexposure,Car,Overexposure,Decrease Brightness,"The overexposure in the fusion image has been repaired, and the outline of car is clearly visible."
3141,05169.png,Car has Low Contrast,Car,Low Contrast,Enhance Contrast,"The contrast in the fusion image has been enhanced, and the outline of car is clearly visible."
3142,05170.png,Car has Low Contrast,Car,Low Contrast,Enhance Contrast,"The contrast in the fusion image has been enhanced, and the outline of car is clearly visible."
3143,05171.png,Car has Overexposure,Car,Overexposure,Decrease Brightness,"The overexposure in the fusion image has been repaired, and the outline of car is clearly visible."
3144,05172.png,Car has Overexposure,Car,Overexposure,Decrease Brightness,"The overexposure in the fusion image has been repaired, and the outline of car is clearly visible."
3145,05175.png,Sky has Overexposure,Sky,Overexposure,Decrease Brightness,"The overexposure in the fusion image has been repaired, and the outline of sky is clearly visible."
3146,05176.png,Car has Motion Blur,Car,Motion Blur,Sharpen,"The motion Blur in the fusion image has been sharpen, and the outline of car is clearly visible."
3147,05178.png,Road has Overexposure,Road,Overexposure,Decrease Brightness,"The overexposure in the fusion image has been repaired, and the outline of road is clearly visible."
3148,05179.png,Car has Overexposure,Car,Overexposure,Decrease Brightness,"The overexposure in the fusion image has been repaired, and the outline of car is clearly visible."
3149,05180.png,Car has Low Contrast,Car,Low Contrast,Enhance Contrast,"The contrast in the fusion image has been enhanced, and the outline of car is clearly visible."
3150,05181.png,Car has Overexposure,Car,Overexposure,Decrease Brightness,"The overexposure in the fusion image has been repaired, and the outline of car is clearly visible."
3151,05182.png,Car has Low Contrast,Car,Low Contrast,Enhance Contrast,"The contrast in the fusion image has been enhanced, and the outline of car is clearly visible."
3152,05183.png,Road has Low Contrast,Road,Low Contrast,Enhance Contrast,"The contrast in the fusion image has been enhanced, and the outline of road is clearly visible."
3153,05184.png,Road has Low Contrast,Road,Low Contrast,Enhance Contrast,"The contrast in the fusion image has been enhanced, and the outline of road is clearly visible."
3154,05185.png,Road has Low Contrast,Road,Low Contrast,Enhance Contrast,"The contrast in the fusion image has been enhanced, and the outline of road is clearly visible."
3155,05186.png,Road has Overexposure,Road,Overexposure,Decrease Brightness,"The overexposure in the fusion image has been repaired, and the outline of road is clearly visible."
3156,05187.png,Road has Underexposure,Road,Underexposure,Increase Brightness,"The underexposure in the fusion image has been enhanced, and the outline of road is clearly visible."
3157,05188.png,Car has Overexposure,Car,Overexposure,Decrease Brightness,"The overexposure in the fusion image has been repaired, and the outline of car is clearly visible."
3158,05189.png,Car has Motion Blur,Car,Motion Blur,Sharpen,"The motion Blur in the fusion image has been sharpen, and the outline of car is clearly visible."
3159,05190.png,Car has Overexposure,Car,Overexposure,Decrease Brightness,"The overexposure in the fusion image has been repaired, and the outline of car is clearly visible."
3160,05191.png,Road has Overexposure,Road,Overexposure,Decrease Brightness,"The overexposure in the fusion image has been repaired, and the outline of road is clearly visible."
3161,05192.png,Road has Overexposure,Road,Overexposure,Decrease Brightness,"The overexposure in the fusion image has been repaired, and the outline of road is clearly visible."
3162,05193.png,Road has Overexposure,Road,Overexposure,Decrease Brightness,"The overexposure in the fusion image has been repaired, and the outline of road is clearly visible."
3163,05195.png,Car has Overexposure,Car,Overexposure,Decrease Brightness,"The overexposure in the fusion image has been repaired, and the outline of car is clearly visible."
3164,05196.png,Car has Overexposure,Car,Overexposure,Decrease Brightness,"The overexposure in the fusion image has been repaired, and the outline of car is clearly visible."
3165,05197.png,Road has Overexposure,Road,Overexposure,Decrease Brightness,"The overexposure in the fusion image has been repaired, and the outline of road is clearly visible."
3166,05198.png,Car has Overexposure,Car,Overexposure,Decrease Brightness,"The overexposure in the fusion image has been repaired, and the outline of car is clearly visible."
3167,05199.png,Car has Overexposure,Car,Overexposure,Decrease Brightness,"The overexposure in the fusion image has been repaired, and the outline of car is clearly visible."
3168,05201.png,Car has Overexposure,Car,Overexposure,Decrease Brightness,"The overexposure in the fusion image has been repaired, and the outline of car is clearly visible."
3169,05202.png,Car has Overexposure,Car,Overexposure,Decrease Brightness,"The overexposure in the fusion image has been repaired, and the outline of car is clearly visible."
3170,05203.png,Car has Overexposure,Car,Overexposure,Decrease Brightness,"The overexposure in the fusion image has been repaired, and the outline of car is clearly visible."
3171,05204.png,Car has Overexposure,Car,Overexposure,Decrease Brightness,"The overexposure in the fusion image has been repaired, and the outline of car is clearly visible."
3172,05205.png,Car has Overexposure,Car,Overexposure,Decrease Brightness,"The overexposure in the fusion image has been repaired, and the outline of car is clearly visible."
3173,05206.png,Car has Overexposure,Car,Overexposure,Decrease Brightness,"The overexposure in the fusion image has been repaired, and the outline of car is clearly visible."
3174,05207.png,Car has Overexposure,Car,Overexposure,Decrease Brightness,"The overexposure in the fusion image has been repaired, and the outline of car is clearly visible."
3175,05210.png,Car has Overexposure,Car,Overexposure,Decrease Brightness,"The overexposure in the fusion image has been repaired, and the outline of car is clearly visible."
3176,05211.png,Car has Overexposure,Car,Overexposure,Decrease Brightness,"The overexposure in the fusion image has been repaired, and the outline of car is clearly visible."
3177,05212.png,Car has Overexposure,Car,Overexposure,Decrease Brightness,"The overexposure in the fusion image has been repaired, and the outline of car is clearly visible."
3178,05213.png,Car has Overexposure,Car,Overexposure,Decrease Brightness,"The overexposure in the fusion image has been repaired, and the outline of car is clearly visible."
3179,05214.png,Car has Overexposure,Car,Overexposure,Decrease Brightness,"The overexposure in the fusion image has been repaired, and the outline of car is clearly visible."
3180,05215.png,Car has Overexposure,Car,Overexposure,Decrease Brightness,"The overexposure in the fusion image has been repaired, and the outline of car is clearly visible."
3181,05217.png,Car has Overexposure,Car,Overexposure,Decrease Brightness,"The overexposure in the fusion image has been repaired, and the outline of car is clearly visible."
3182,05218.png,Car has Overexposure,Car,Overexposure,Decrease Brightness,"The overexposure in the fusion image has been repaired, and the outline of car is clearly visible."
3183,05219.png,Sky has Overexposure,Sky,Overexposure,Decrease Brightness,"The overexposure in the fusion image has been repaired, and the outline of sky is clearly visible."
3184,05222.png,Car has Overexposure,Car,Overexposure,Decrease Brightness,"The overexposure in the fusion image has been repaired, and the outline of car is clearly visible."
3185,05223.png,Car has Overexposure,Car,Overexposure,Decrease Brightness,"The overexposure in the fusion image has been repaired, and the outline of car is clearly visible."
3186,05224.png,Car has Overexposure,Car,Overexposure,Decrease Brightness,"The overexposure in the fusion image has been repaired, and the outline of car is clearly visible."
3187,05225.png,Car has Overexposure,Car,Overexposure,Decrease Brightness,"The overexposure in the fusion image has been repaired, and the outline of car is clearly visible."
3188,05226.png,Car has Overexposure,Car,Overexposure,Decrease Brightness,"The overexposure in the fusion image has been repaired, and the outline of car is clearly visible."
3189,05227.png,Car has Overexposure,Car,Overexposure,Decrease Brightness,"The overexposure in the fusion image has been repaired, and the outline of car is clearly visible."
3190,05228.png,Car has Overexposure,Car,Overexposure,Decrease Brightness,"The overexposure in the fusion image has been repaired, and the outline of car is clearly visible."
3191,05230.png,Car has Overexposure,Car,Overexposure,Decrease Brightness,"The overexposure in the fusion image has been repaired, and the outline of car is clearly visible."
3192,05231.png,Road has Overexposure,Road,Overexposure,Decrease Brightness,"The overexposure in the fusion image has been repaired, and the outline of road is clearly visible."
3193,05232.png,Car has Overexposure,Car,Overexposure,Decrease Brightness,"The overexposure in the fusion image has been repaired, and the outline of car is clearly visible."
3194,05233.png,Car has Overexposure,Car,Overexposure,Decrease Brightness,"The overexposure in the fusion image has been repaired, and the outline of car is clearly visible."
3195,05234.png,Car has Overexposure,Car,Overexposure,Decrease Brightness,"The overexposure in the fusion image has been repaired, and the outline of car is clearly visible."
3196,05235.png,Car has Overexposure,Car,Overexposure,Decrease Brightness,"The overexposure in the fusion image has been repaired, and the outline of car is clearly visible."
3197,05236.png,Car has Overexposure,Car,Overexposure,Decrease Brightness,"The overexposure in the fusion image has been repaired, and the outline of car is clearly visible."
3198,05237.png,Car has Overexposure,Car,Overexposure,Decrease Brightness,"The overexposure in the fusion image has been repaired, and the outline of car is clearly visible."
3199,05238.png,Car has Overexposure,Car,Overexposure,Decrease Brightness,"The overexposure in the fusion image has been repaired, and the outline of car is clearly visible."
3200,05239.png,Car has Overexposure,Car,Overexposure,Decrease Brightness,"The overexposure in the fusion image has been repaired, and the outline of car is clearly visible."
3201,05240.png,Car has Overexposure,Car,Overexposure,Decrease Brightness,"The overexposure in the fusion image has been repaired, and the outline of car is clearly visible."
3202,05241.png,Car has Overexposure,Car,Overexposure,Decrease Brightness,"The overexposure in the fusion image has been repaired, and the outline of car is clearly visible."
3203,05243.png,Car has Overexposure,Car,Overexposure,Decrease Brightness,"The overexposure in the fusion image has been repaired, and the outline of car is clearly visible."
3204,05244.png,Car has Overexposure,Car,Overexposure,Decrease Brightness,"The overexposure in the fusion image has been repaired, and the outline of car is clearly visible."
3205,05245.png,Car has Overexposure,Car,Overexposure,Decrease Brightness,"The overexposure in the fusion image has been repaired, and the outline of car is clearly visible."
3206,05246.png,Car has Overexposure,Car,Overexposure,Decrease Brightness,"The overexposure in the fusion image has been repaired, and the outline of car is clearly visible."
3207,05247.png,Car has Overexposure,Car,Overexposure,Decrease Brightness,"The overexposure in the fusion image has been repaired, and the outline of car is clearly visible."
3208,05248.png,Car has Overexposure,Car,Overexposure,Decrease Brightness,"The overexposure in the fusion image has been repaired, and the outline of car is clearly visible."
3209,05249.png,Car has Overexposure,Car,Overexposure,Decrease Brightness,"The overexposure in the fusion image has been repaired, and the outline of car is clearly visible."
3210,05250.png,Car has Overexposure,Car,Overexposure,Decrease Brightness,"The overexposure in the fusion image has been repaired, and the outline of car is clearly visible."
3211,05251.png,Car has Overexposure,Car,Overexposure,Decrease Brightness,"The overexposure in the fusion image has been repaired, and the outline of car is clearly visible."
3212,05252.png,Car has Overexposure,Car,Overexposure,Decrease Brightness,"The overexposure in the fusion image has been repaired, and the outline of car is clearly visible."
3213,05253.png,Road has Overexposure,Road,Overexposure,Decrease Brightness,"The overexposure in the fusion image has been repaired, and the outline of road is clearly visible."
3214,05254.png,Car has Overexposure,Car,Overexposure,Decrease Brightness,"The overexposure in the fusion image has been repaired, and the outline of car is clearly visible."
3215,05256.png,Car has Overexposure,Car,Overexposure,Decrease Brightness,"The overexposure in the fusion image has been repaired, and the outline of car is clearly visible."
3216,05257.png,Car has Overexposure,Car,Overexposure,Decrease Brightness,"The overexposure in the fusion image has been repaired, and the outline of car is clearly visible."
3217,05258.png,Car has Overexposure,Car,Overexposure,Decrease Brightness,"The overexposure in the fusion image has been repaired, and the outline of car is clearly visible."
3218,05259.png,Car has Overexposure,Car,Overexposure,Decrease Brightness,"The overexposure in the fusion image has been repaired, and the outline of car is clearly visible."
3219,05260.png,Car has Overexposure,Car,Overexposure,Decrease Brightness,"The overexposure in the fusion image has been repaired, and the outline of car is clearly visible."
3220,05261.png,Car has Overexposure,Car,Overexposure,Decrease Brightness,"The overexposure in the fusion image has been repaired, and the outline of car is clearly visible."
3221,05264.png,Sky has Overexposure,Sky,Overexposure,Decrease Brightness,"The overexposure in the fusion image has been repaired, and the outline of sky is clearly visible."
3222,05265.png,Car has Overexposure,Car,Overexposure,Decrease Brightness,"The overexposure in the fusion image has been repaired, and the outline of car is clearly visible."
3223,05266.png,Road has Motion Blur,Road,Motion Blur,Sharpen,"The motion Blur in the fusion image has been sharpen, and the outline of road is clearly visible."
3224,05267.png,Car has Overexposure,Car,Overexposure,Decrease Brightness,"The overexposure in the fusion image has been repaired, and the outline of car is clearly visible."
3225,05268.png,Car has Overexposure,Car,Overexposure,Decrease Brightness,"The overexposure in the fusion image has been repaired, and the outline of car is clearly visible."
3226,05269.png,Road has Low Contrast,Road,Low Contrast,Enhance Contrast,"The contrast in the fusion image has been enhanced, and the outline of road is clearly visible."
3227,05270.png,Car has Overexposure,Car,Overexposure,Decrease Brightness,"The overexposure in the fusion image has been repaired, and the outline of car is clearly visible."
3228,05271.png,Car has Overexposure,Car,Overexposure,Decrease Brightness,"The overexposure in the fusion image has been repaired, and the outline of car is clearly visible."
3229,05273.png,Car has Overexposure,Car,Overexposure,Decrease Brightness,"The overexposure in the fusion image has been repaired, and the outline of car is clearly visible."
3230,05274.png,Road has Motion Blur,Road,Motion Blur,Sharpen,"The motion Blur in the fusion image has been sharpen, and the outline of road is clearly visible."
3231,05275.png,Road has Low Contrast,Road,Low Contrast,Enhance Contrast,"The contrast in the fusion image has been enhanced, and the outline of road is clearly visible."
3232,05276.png,Road has Overexposure,Road,Overexposure,Decrease Brightness,"The overexposure in the fusion image has been repaired, and the outline of road is clearly visible."
3233,05278.png,Car has Overexposure,Car,Overexposure,Decrease Brightness,"The overexposure in the fusion image has been repaired, and the outline of car is clearly visible."
3234,05280.png,Car has Overexposure,Car,Overexposure,Decrease Brightness,"The overexposure in the fusion image has been repaired, and the outline of car is clearly visible."
3235,05284.png,Car has Overexposure,Car,Overexposure,Decrease Brightness,"The overexposure in the fusion image has been repaired, and the outline of car is clearly visible."
3236,05286.png,Car has Overexposure,Car,Overexposure,Decrease Brightness,"The overexposure in the fusion image has been repaired, and the outline of car is clearly visible."
3237,05287.png,Car has Overexposure,Car,Overexposure,Decrease Brightness,"The overexposure in the fusion image has been repaired, and the outline of car is clearly visible."
3238,05288.png,Road has Overexposure,Road,Overexposure,Decrease Brightness,"The overexposure in the fusion image has been repaired, and the outline of road is clearly visible."
3239,05289.png,Car has Overexposure,Car,Overexposure,Decrease Brightness,"The overexposure in the fusion image has been repaired, and the outline of car is clearly visible."
3240,05290.png,Streetlight has Overexposure,Streetlight,Overexposure,Decrease Brightness,"The overexposure in the fusion image has been repaired, and the outline of streetlight is clearly visible."
3241,05291.png,Streetlight has Overexposure,Streetlight,Overexposure,Decrease Brightness,"The overexposure in the fusion image has been repaired, and the outline of streetlight is clearly visible."
3242,05292.png,Road has Low Contrast,Road,Low Contrast,Enhance Contrast,"The contrast in the fusion image has been enhanced, and the outline of road is clearly visible."
3243,05293.png,Road has Low Contrast,Road,Low Contrast,Enhance Contrast,"The contrast in the fusion image has been enhanced, and the outline of road is clearly visible."
3244,05294.png,Road has Low Contrast,Road,Low Contrast,Enhance Contrast,"The contrast in the fusion image has been enhanced, and the outline of road is clearly visible."
3245,05295.png,Road has Overexposure,Road,Overexposure,Decrease Brightness,"The overexposure in the fusion image has been repaired, and the outline of road is clearly visible."
3246,05296.png,Road has Motion Blur,Road,Motion Blur,Sharpen,"The motion Blur in the fusion image has been sharpen, and the outline of road is clearly visible."
3247,05297.png,Car has Overexposure,Car,Overexposure,Decrease Brightness,"The overexposure in the fusion image has been repaired, and the outline of car is clearly visible."
3248,05298.png,Car has Overexposure,Car,Overexposure,Decrease Brightness,"The overexposure in the fusion image has been repaired, and the outline of car is clearly visible."
3249,05299.png,Car has Overexposure,Car,Overexposure,Decrease Brightness,"The overexposure in the fusion image has been repaired, and the outline of car is clearly visible."
3250,05301.png,Car has Overexposure,Car,Overexposure,Decrease Brightness,"The overexposure in the fusion image has been repaired, and the outline of car is clearly visible."
3251,05304.png,Road has Motion Blur,Road,Motion Blur,Sharpen,"The motion Blur in the fusion image has been sharpen, and the outline of road is clearly visible."
3252,05308.png,Car has Overexposure,Car,Overexposure,Decrease Brightness,"The overexposure in the fusion image has been repaired, and the outline of car is clearly visible."
3253,05315.png,Road has Low Contrast,Road,Low Contrast,Enhance Contrast,"The contrast in the fusion image has been enhanced, and the outline of road is clearly visible."
3254,05317.png,Road has Overexposure,Road,Overexposure,Decrease Brightness,"The overexposure in the fusion image has been repaired, and the outline of road is clearly visible."
3255,05319.png,Car has Overexposure,Car,Overexposure,Decrease Brightness,"The overexposure in the fusion image has been repaired, and the outline of car is clearly visible."
3256,05321.png,Car has Overexposure,Car,Overexposure,Decrease Brightness,"The overexposure in the fusion image has been repaired, and the outline of car is clearly visible."
3257,05323.png,Car has Overexposure,Car,Overexposure,Decrease Brightness,"The overexposure in the fusion image has been repaired, and the outline of car is clearly visible."
3258,05324.png,Car has Motion Blur,Car,Motion Blur,Sharpen,"The motion Blur in the fusion image has been sharpen, and the outline of car is clearly visible."
3259,05326.png,Car has Overexposure,Car,Overexposure,Decrease Brightness,"The overexposure in the fusion image has been repaired, and the outline of car is clearly visible."
3260,05327.png,Car has Motion Blur,Car,Motion Blur,Sharpen,"The motion Blur in the fusion image has been sharpen, and the outline of car is clearly visible."
3261,05328.png,Road has Overexposure,Road,Overexposure,Decrease Brightness,"The overexposure in the fusion image has been repaired, and the outline of road is clearly visible."
3262,05329.png,Car has Overexposure,Car,Overexposure,Decrease Brightness,"The overexposure in the fusion image has been repaired, and the outline of car is clearly visible."
3263,05330.png,Car has Overexposure,Car,Overexposure,Decrease Brightness,"The overexposure in the fusion image has been repaired, and the outline of car is clearly visible."
3264,05331.png,Car has Overexposure,Car,Overexposure,Decrease Brightness,"The overexposure in the fusion image has been repaired, and the outline of car is clearly visible."
3265,05332.png,Car has Overexposure,Car,Overexposure,Decrease Brightness,"The overexposure in the fusion image has been repaired, and the outline of car is clearly visible."
3266,05333.png,Car has Overexposure,Car,Overexposure,Decrease Brightness,"The overexposure in the fusion image has been repaired, and the outline of car is clearly visible."
3267,05334.png,Car has Overexposure,Car,Overexposure,Decrease Brightness,"The overexposure in the fusion image has been repaired, and the outline of car is clearly visible."
3268,05335.png,Car has Overexposure,Car,Overexposure,Decrease Brightness,"The overexposure in the fusion image has been repaired, and the outline of car is clearly visible."
3269,05336.png,Car has Overexposure,Car,Overexposure,Decrease Brightness,"The overexposure in the fusion image has been repaired, and the outline of car is clearly visible."
3270,05337.png,Car has Overexposure,Car,Overexposure,Decrease Brightness,"The overexposure in the fusion image has been repaired, and the outline of car is clearly visible."
3271,05338.png,Car has Overexposure,Car,Overexposure,Decrease Brightness,"The overexposure in the fusion image has been repaired, and the outline of car is clearly visible."
3272,05339.png,Car has Overexposure,Car,Overexposure,Decrease Brightness,"The overexposure in the fusion image has been repaired, and the outline of car is clearly visible."
3273,05342.png,Car has Overexposure,Car,Overexposure,Decrease Brightness,"The overexposure in the fusion image has been repaired, and the outline of car is clearly visible."
3274,05343.png,Car has Overexposure,Car,Overexposure,Decrease Brightness,"The overexposure in the fusion image has been repaired, and the outline of car is clearly visible."
3275,05344.png,Car has Overexposure,Car,Overexposure,Decrease Brightness,"The overexposure in the fusion image has been repaired, and the outline of car is clearly visible."
3276,05345.png,Car has Overexposure,Car,Overexposure,Decrease Brightness,"The overexposure in the fusion image has been repaired, and the outline of car is clearly visible."
3277,05346.png,Car has Overexposure,Car,Overexposure,Decrease Brightness,"The overexposure in the fusion image has been repaired, and the outline of car is clearly visible."
3278,05347.png,Car has Overexposure,Car,Overexposure,Decrease Brightness,"The overexposure in the fusion image has been repaired, and the outline of car is clearly visible."
3279,05349.png,Car has Overexposure,Car,Overexposure,Decrease Brightness,"The overexposure in the fusion image has been repaired, and the outline of car is clearly visible."
3280,05351.png,Car has Overexposure,Car,Overexposure,Decrease Brightness,"The overexposure in the fusion image has been repaired, and the outline of car is clearly visible."
3281,05353.png,Car has Overexposure,Car,Overexposure,Decrease Brightness,"The overexposure in the fusion image has been repaired, and the outline of car is clearly visible."
3282,05354.png,Car has Overexposure,Car,Overexposure,Decrease Brightness,"The overexposure in the fusion image has been repaired, and the outline of car is clearly visible."
3283,05355.png,Car has Overexposure,Car,Overexposure,Decrease Brightness,"The overexposure in the fusion image has been repaired, and the outline of car is clearly visible."
3284,05356.png,Car has Overexposure,Car,Overexposure,Decrease Brightness,"The overexposure in the fusion image has been repaired, and the outline of car is clearly visible."
3285,05357.png,Road has Overexposure,Road,Overexposure,Decrease Brightness,"The overexposure in the fusion image has been repaired, and the outline of road is clearly visible."
3286,05358.png,Road has Overexposure,Road,Overexposure,Decrease Brightness,"The overexposure in the fusion image has been repaired, and the outline of road is clearly visible."
3287,05360.png,Road has Overexposure,Road,Overexposure,Decrease Brightness,"The overexposure in the fusion image has been repaired, and the outline of road is clearly visible."
3288,05361.png,Road has Motion Blur,Road,Motion Blur,Sharpen,"The motion Blur in the fusion image has been sharpen, and the outline of road is clearly visible."
3289,05365.png,Road has Overexposure,Road,Overexposure,Decrease Brightness,"The overexposure in the fusion image has been repaired, and the outline of road is clearly visible."
3290,05367.png,Car has Overexposure,Car,Overexposure,Decrease Brightness,"The overexposure in the fusion image has been repaired, and the outline of car is clearly visible."
3291,05368.png,Car has Overexposure,Car,Overexposure,Decrease Brightness,"The overexposure in the fusion image has been repaired, and the outline of car is clearly visible."
3292,05370.png,Car has Overexposure,Car,Overexposure,Decrease Brightness,"The overexposure in the fusion image has been repaired, and the outline of car is clearly visible."
3293,05371.png,Car has Overexposure,Car,Overexposure,Decrease Brightness,"The overexposure in the fusion image has been repaired, and the outline of car is clearly visible."
3294,05372.png,Car has Overexposure,Car,Overexposure,Decrease Brightness,"The overexposure in the fusion image has been repaired, and the outline of car is clearly visible."
3295,05373.png,Car has Overexposure,Car,Overexposure,Decrease Brightness,"The overexposure in the fusion image has been repaired, and the outline of car is clearly visible."
3296,05374.png,Car has Overexposure,Car,Overexposure,Decrease Brightness,"The overexposure in the fusion image has been repaired, and the outline of car is clearly visible."
3297,05375.png,Car has Overexposure,Car,Overexposure,Decrease Brightness,"The overexposure in the fusion image has been repaired, and the outline of car is clearly visible."
3298,05376.png,Car has Overexposure,Car,Overexposure,Decrease Brightness,"The overexposure in the fusion image has been repaired, and the outline of car is clearly visible."
3299,05378.png,Car has Motion Blur,Car,Motion Blur,Sharpen,"The motion Blur in the fusion image has been sharpen, and the outline of car is clearly visible."
3300,05379.png,Road has Overexposure,Road,Overexposure,Decrease Brightness,"The overexposure in the fusion image has been repaired, and the outline of road is clearly visible."
3301,05380.png,Car has Overexposure,Car,Overexposure,Decrease Brightness,"The overexposure in the fusion image has been repaired, and the outline of car is clearly visible."
3302,05381.png,Car has Overexposure,Car,Overexposure,Decrease Brightness,"The overexposure in the fusion image has been repaired, and the outline of car is clearly visible."
3303,05382.png,Car has Overexposure,Car,Overexposure,Decrease Brightness,"The overexposure in the fusion image has been repaired, and the outline of car is clearly visible."
3304,05384.png,Car has Overexposure,Car,Overexposure,Decrease Brightness,"The overexposure in the fusion image has been repaired, and the outline of car is clearly visible."
3305,05385.png,Car has Overexposure,Car,Overexposure,Decrease Brightness,"The overexposure in the fusion image has been repaired, and the outline of car is clearly visible."
3306,05386.png,Car has Overexposure,Car,Overexposure,Decrease Brightness,"The overexposure in the fusion image has been repaired, and the outline of car is clearly visible."
3307,05387.png,Car has Overexposure,Car,Overexposure,Decrease Brightness,"The overexposure in the fusion image has been repaired, and the outline of car is clearly visible."
3308,05388.png,Car has Overexposure,Car,Overexposure,Decrease Brightness,"The overexposure in the fusion image has been repaired, and the outline of car is clearly visible."
3309,05390.png,Car has Overexposure,Car,Overexposure,Decrease Brightness,"The overexposure in the fusion image has been repaired, and the outline of car is clearly visible."
3310,05391.png,Car has Overexposure,Car,Overexposure,Decrease Brightness,"The overexposure in the fusion image has been repaired, and the outline of car is clearly visible."
3311,05392.png,Car has Overexposure,Car,Overexposure,Decrease Brightness,"The overexposure in the fusion image has been repaired, and the outline of car is clearly visible."
3312,05393.png,Car has Overexposure,Car,Overexposure,Decrease Brightness,"The overexposure in the fusion image has been repaired, and the outline of car is clearly visible."
3313,05394.png,Car has Overexposure,Car,Overexposure,Decrease Brightness,"The overexposure in the fusion image has been repaired, and the outline of car is clearly visible."
3314,05395.png,Car has Overexposure,Car,Overexposure,Decrease Brightness,"The overexposure in the fusion image has been repaired, and the outline of car is clearly visible."
3315,05396.png,Car has Overexposure,Car,Overexposure,Decrease Brightness,"The overexposure in the fusion image has been repaired, and the outline of car is clearly visible."
3316,05397.png,Car has Overexposure,Car,Overexposure,Decrease Brightness,"The overexposure in the fusion image has been repaired, and the outline of car is clearly visible."
3317,05398.png,Car has Overexposure,Car,Overexposure,Decrease Brightness,"The overexposure in the fusion image has been repaired, and the outline of car is clearly visible."
3318,05400.png,Car has Overexposure,Car,Overexposure,Decrease Brightness,"The overexposure in the fusion image has been repaired, and the outline of car is clearly visible."
3319,05401.png,Car has Overexposure,Car,Overexposure,Decrease Brightness,"The overexposure in the fusion image has been repaired, and the outline of car is clearly visible."
3320,05402.png,Car has Overexposure,Car,Overexposure,Decrease Brightness,"The overexposure in the fusion image has been repaired, and the outline of car is clearly visible."
3321,05403.png,Car has Overexposure,Car,Overexposure,Decrease Brightness,"The overexposure in the fusion image has been repaired, and the outline of car is clearly visible."
3322,05404.png,Car has Overexposure,Car,Overexposure,Decrease Brightness,"The overexposure in the fusion image has been repaired, and the outline of car is clearly visible."
3323,05405.png,Car has Overexposure,Car,Overexposure,Decrease Brightness,"The overexposure in the fusion image has been repaired, and the outline of car is clearly visible."
3324,05407.png,Car has Overexposure,Car,Overexposure,Decrease Brightness,"The overexposure in the fusion image has been repaired, and the outline of car is clearly visible."
3325,05408.png,Car has Overexposure,Car,Overexposure,Decrease Brightness,"The overexposure in the fusion image has been repaired, and the outline of car is clearly visible."
3326,05409.png,Car has Overexposure,Car,Overexposure,Decrease Brightness,"The overexposure in the fusion image has been repaired, and the outline of car is clearly visible."
3327,05411.png,Car has Overexposure,Car,Overexposure,Decrease Brightness,"The overexposure in the fusion image has been repaired, and the outline of car is clearly visible."
3328,05412.png,Car has Overexposure,Car,Overexposure,Decrease Brightness,"The overexposure in the fusion image has been repaired, and the outline of car is clearly visible."
3329,05413.png,Car has Overexposure,Car,Overexposure,Decrease Brightness,"The overexposure in the fusion image has been repaired, and the outline of car is clearly visible."
3330,05414.png,Car has Overexposure,Car,Overexposure,Decrease Brightness,"The overexposure in the fusion image has been repaired, and the outline of car is clearly visible."
3331,05415.png,Car has Overexposure,Car,Overexposure,Decrease Brightness,"The overexposure in the fusion image has been repaired, and the outline of car is clearly visible."
3332,05416.png,Car has Overexposure,Car,Overexposure,Decrease Brightness,"The overexposure in the fusion image has been repaired, and the outline of car is clearly visible."
3333,05418.png,Car has Overexposure,Car,Overexposure,Decrease Brightness,"The overexposure in the fusion image has been repaired, and the outline of car is clearly visible."
3334,05419.png,Car has Overexposure,Car,Overexposure,Decrease Brightness,"The overexposure in the fusion image has been repaired, and the outline of car is clearly visible."
3335,05420.png,Car has Overexposure,Car,Overexposure,Decrease Brightness,"The overexposure in the fusion image has been repaired, and the outline of car is clearly visible."
3336,05421.png,Car has Overexposure,Car,Overexposure,Decrease Brightness,"The overexposure in the fusion image has been repaired, and the outline of car is clearly visible."
3337,05422.png,Car has Overexposure,Car,Overexposure,Decrease Brightness,"The overexposure in the fusion image has been repaired, and the outline of car is clearly visible."
3338,05424.png,Car has Overexposure,Car,Overexposure,Decrease Brightness,"The overexposure in the fusion image has been repaired, and the outline of car is clearly visible."
3339,05426.png,Car has Overexposure,Car,Overexposure,Decrease Brightness,"The overexposure in the fusion image has been repaired, and the outline of car is clearly visible."
3340,05427.png,Car has Overexposure,Car,Overexposure,Decrease Brightness,"The overexposure in the fusion image has been repaired, and the outline of car is clearly visible."
3341,05428.png,Car has Overexposure,Car,Overexposure,Decrease Brightness,"The overexposure in the fusion image has been repaired, and the outline of car is clearly visible."
3342,05430.png,Car has Overexposure,Car,Overexposure,Decrease Brightness,"The overexposure in the fusion image has been repaired, and the outline of car is clearly visible."
3343,05431.png,Car has Overexposure,Car,Overexposure,Decrease Brightness,"The overexposure in the fusion image has been repaired, and the outline of car is clearly visible."
3344,05432.png,Car has Overexposure,Car,Overexposure,Decrease Brightness,"The overexposure in the fusion image has been repaired, and the outline of car is clearly visible."
3345,05433.png,Car has Overexposure,Car,Overexposure,Decrease Brightness,"The overexposure in the fusion image has been repaired, and the outline of car is clearly visible."
3346,05434.png,Car has Overexposure,Car,Overexposure,Decrease Brightness,"The overexposure in the fusion image has been repaired, and the outline of car is clearly visible."
3347,05435.png,Car has Overexposure,Car,Overexposure,Decrease Brightness,"The overexposure in the fusion image has been repaired, and the outline of car is clearly visible."
3348,05436.png,Car has Overexposure,Car,Overexposure,Decrease Brightness,"The overexposure in the fusion image has been repaired, and the outline of car is clearly visible."
3349,05437.png,Car has Overexposure,Car,Overexposure,Decrease Brightness,"The overexposure in the fusion image has been repaired, and the outline of car is clearly visible."
3350,05438.png,Car has Overexposure,Car,Overexposure,Decrease Brightness,"The overexposure in the fusion image has been repaired, and the outline of car is clearly visible."
3351,05439.png,Car has Overexposure,Car,Overexposure,Decrease Brightness,"The overexposure in the fusion image has been repaired, and the outline of car is clearly visible."
3352,05442.png,Car has Overexposure,Car,Overexposure,Decrease Brightness,"The overexposure in the fusion image has been repaired, and the outline of car is clearly visible."
3353,05443.png,Car has Overexposure,Car,Overexposure,Decrease Brightness,"The overexposure in the fusion image has been repaired, and the outline of car is clearly visible."
3354,05445.png,Car has Overexposure,Car,Overexposure,Decrease Brightness,"The overexposure in the fusion image has been repaired, and the outline of car is clearly visible."
3355,05447.png,Car has Overexposure,Car,Overexposure,Decrease Brightness,"The overexposure in the fusion image has been repaired, and the outline of car is clearly visible."
3356,05449.png,Car has Overexposure,Car,Overexposure,Decrease Brightness,"The overexposure in the fusion image has been repaired, and the outline of car is clearly visible."
3357,05450.png,Car has Overexposure,Car,Overexposure,Decrease Brightness,"The overexposure in the fusion image has been repaired, and the outline of car is clearly visible."
3358,05451.png,Car has Overexposure,Car,Overexposure,Decrease Brightness,"The overexposure in the fusion image has been repaired, and the outline of car is clearly visible."
3359,05452.png,Car has Overexposure,Car,Overexposure,Decrease Brightness,"The overexposure in the fusion image has been repaired, and the outline of car is clearly visible."
3360,05454.png,Car has Overexposure,Car,Overexposure,Decrease Brightness,"The overexposure in the fusion image has been repaired, and the outline of car is clearly visible."
3361,05455.png,Car has Overexposure,Car,Overexposure,Decrease Brightness,"The overexposure in the fusion image has been repaired, and the outline of car is clearly visible."
3362,05458.png,Car has Overexposure,Car,Overexposure,Decrease Brightness,"The overexposure in the fusion image has been repaired, and the outline of car is clearly visible."
3363,05459.png,Car has Overexposure,Car,Overexposure,Decrease Brightness,"The overexposure in the fusion image has been repaired, and the outline of car is clearly visible."
3364,05462.png,Car has Overexposure,Car,Overexposure,Decrease Brightness,"The overexposure in the fusion image has been repaired, and the outline of car is clearly visible."
3365,05463.png,Car has Overexposure,Car,Overexposure,Decrease Brightness,"The overexposure in the fusion image has been repaired, and the outline of car is clearly visible."
3366,05464.png,Car has Overexposure,Car,Overexposure,Decrease Brightness,"The overexposure in the fusion image has been repaired, and the outline of car is clearly visible."
3367,05465.png,Car has Overexposure,Car,Overexposure,Decrease Brightness,"The overexposure in the fusion image has been repaired, and the outline of car is clearly visible."
3368,05466.png,Car has Overexposure,Car,Overexposure,Decrease Brightness,"The overexposure in the fusion image has been repaired, and the outline of car is clearly visible."
3369,05467.png,Car has Overexposure,Car,Overexposure,Decrease Brightness,"The overexposure in the fusion image has been repaired, and the outline of car is clearly visible."
3370,05468.png,Car has Overexposure,Car,Overexposure,Decrease Brightness,"The overexposure in the fusion image has been repaired, and the outline of car is clearly visible."
3371,05469.png,Car has Overexposure,Car,Overexposure,Decrease Brightness,"The overexposure in the fusion image has been repaired, and the outline of car is clearly visible."
3372,05470.png,Car has Overexposure,Car,Overexposure,Decrease Brightness,"The overexposure in the fusion image has been repaired, and the outline of car is clearly visible."
3373,05472.png,Car has Overexposure,Car,Overexposure,Decrease Brightness,"The overexposure in the fusion image has been repaired, and the outline of car is clearly visible."
3374,05474.png,Car has Overexposure,Car,Overexposure,Decrease Brightness,"The overexposure in the fusion image has been repaired, and the outline of car is clearly visible."
3375,05475.png,Car has Overexposure,Car,Overexposure,Decrease Brightness,"The overexposure in the fusion image has been repaired, and the outline of car is clearly visible."
3376,05476.png,Car has Overexposure,Car,Overexposure,Decrease Brightness,"The overexposure in the fusion image has been repaired, and the outline of car is clearly visible."
3377,05477.png,Car has Overexposure,Car,Overexposure,Decrease Brightness,"The overexposure in the fusion image has been repaired, and the outline of car is clearly visible."
3378,05478.png,Car has Overexposure,Car,Overexposure,Decrease Brightness,"The overexposure in the fusion image has been repaired, and the outline of car is clearly visible."
3379,05481.png,Car has Overexposure,Car,Overexposure,Decrease Brightness,"The overexposure in the fusion image has been repaired, and the outline of car is clearly visible."
3380,05482.png,Car has Overexposure,Car,Overexposure,Decrease Brightness,"The overexposure in the fusion image has been repaired, and the outline of car is clearly visible."
3381,05483.png,Car has Overexposure,Car,Overexposure,Decrease Brightness,"The overexposure in the fusion image has been repaired, and the outline of car is clearly visible."
3382,05485.png,Car has Overexposure,Car,Overexposure,Decrease Brightness,"The overexposure in the fusion image has been repaired, and the outline of car is clearly visible."
3383,05487.png,Car has Overexposure,Car,Overexposure,Decrease Brightness,"The overexposure in the fusion image has been repaired, and the outline of car is clearly visible."
3384,05488.png,Car has Overexposure,Car,Overexposure,Decrease Brightness,"The overexposure in the fusion image has been repaired, and the outline of car is clearly visible."
3385,05490.png,Car has Overexposure,Car,Overexposure,Decrease Brightness,"The overexposure in the fusion image has been repaired, and the outline of car is clearly visible."
3386,05491.png,Car has Overexposure,Car,Overexposure,Decrease Brightness,"The overexposure in the fusion image has been repaired, and the outline of car is clearly visible."
3387,05492.png,Car has Overexposure,Car,Overexposure,Decrease Brightness,"The overexposure in the fusion image has been repaired, and the outline of car is clearly visible."
3388,05494.png,Car has Overexposure,Car,Overexposure,Decrease Brightness,"The overexposure in the fusion image has been repaired, and the outline of car is clearly visible."
3389,05495.png,Car has Overexposure,Car,Overexposure,Decrease Brightness,"The overexposure in the fusion image has been repaired, and the outline of car is clearly visible."
3390,05496.png,Car has Overexposure,Car,Overexposure,Decrease Brightness,"The overexposure in the fusion image has been repaired, and the outline of car is clearly visible."
3391,05497.png,Car has Overexposure,Car,Overexposure,Decrease Brightness,"The overexposure in the fusion image has been repaired, and the outline of car is clearly visible."
3392,05498.png,Car has Overexposure,Car,Overexposure,Decrease Brightness,"The overexposure in the fusion image has been repaired, and the outline of car is clearly visible."
3393,05499.png,Car has Overexposure,Car,Overexposure,Decrease Brightness,"The overexposure in the fusion image has been repaired, and the outline of car is clearly visible."
3394,05501.png,Car has Overexposure,Car,Overexposure,Decrease Brightness,"The overexposure in the fusion image has been repaired, and the outline of car is clearly visible."
3395,05502.png,Car has Overexposure,Car,Overexposure,Decrease Brightness,"The overexposure in the fusion image has been repaired, and the outline of car is clearly visible."
3396,05503.png,Car has Overexposure,Car,Overexposure,Decrease Brightness,"The overexposure in the fusion image has been repaired, and the outline of car is clearly visible."
3397,05504.png,Car has Overexposure,Car,Overexposure,Decrease Brightness,"The overexposure in the fusion image has been repaired, and the outline of car is clearly visible."
3398,05505.png,Car has Overexposure,Car,Overexposure,Decrease Brightness,"The overexposure in the fusion image has been repaired, and the outline of car is clearly visible."
3399,05506.png,Car has Overexposure,Car,Overexposure,Decrease Brightness,"The overexposure in the fusion image has been repaired, and the outline of car is clearly visible."
3400,05508.png,Car has Overexposure,Car,Overexposure,Decrease Brightness,"The overexposure in the fusion image has been repaired, and the outline of car is clearly visible."
3401,05509.png,Car has Overexposure,Car,Overexposure,Decrease Brightness,"The overexposure in the fusion image has been repaired, and the outline of car is clearly visible."
3402,05510.png,Car has Overexposure,Car,Overexposure,Decrease Brightness,"The overexposure in the fusion image has been repaired, and the outline of car is clearly visible."
3403,05511.png,Car has Overexposure,Car,Overexposure,Decrease Brightness,"The overexposure in the fusion image has been repaired, and the outline of car is clearly visible."
3404,05513.png,Car has Overexposure,Car,Overexposure,Decrease Brightness,"The overexposure in the fusion image has been repaired, and the outline of car is clearly visible."
3405,05514.png,Car has Overexposure,Car,Overexposure,Decrease Brightness,"The overexposure in the fusion image has been repaired, and the outline of car is clearly visible."
3406,05516.png,Car has Overexposure,Car,Overexposure,Decrease Brightness,"The overexposure in the fusion image has been repaired, and the outline of car is clearly visible."
3407,05517.png,Car has Overexposure,Car,Overexposure,Decrease Brightness,"The overexposure in the fusion image has been repaired, and the outline of car is clearly visible."
3408,05518.png,Car has Overexposure,Car,Overexposure,Decrease Brightness,"The overexposure in the fusion image has been repaired, and the outline of car is clearly visible."
3409,05519.png,Car has Overexposure,Car,Overexposure,Decrease Brightness,"The overexposure in the fusion image has been repaired, and the outline of car is clearly visible."
3410,05520.png,Car has Overexposure,Car,Overexposure,Decrease Brightness,"The overexposure in the fusion image has been repaired, and the outline of car is clearly visible."
3411,05521.png,Car has Overexposure,Car,Overexposure,Decrease Brightness,"The overexposure in the fusion image has been repaired, and the outline of car is clearly visible."
3412,05523.png,Car has Overexposure,Car,Overexposure,Decrease Brightness,"The overexposure in the fusion image has been repaired, and the outline of car is clearly visible."
3413,05525.png,Car has Overexposure,Car,Overexposure,Decrease Brightness,"The overexposure in the fusion image has been repaired, and the outline of car is clearly visible."
3414,05526.png,Car has Overexposure,Car,Overexposure,Decrease Brightness,"The overexposure in the fusion image has been repaired, and the outline of car is clearly visible."
3415,05527.png,Car has Overexposure,Car,Overexposure,Decrease Brightness,"The overexposure in the fusion image has been repaired, and the outline of car is clearly visible."
3416,05528.png,Car has Motion Blur,Car,Motion Blur,Sharpen,"The motion Blur in the fusion image has been sharpen, and the outline of car is clearly visible."
3417,05529.png,Car has Overexposure,Car,Overexposure,Decrease Brightness,"The overexposure in the fusion image has been repaired, and the outline of car is clearly visible."
3418,05530.png,Car has Overexposure,Car,Overexposure,Decrease Brightness,"The overexposure in the fusion image has been repaired, and the outline of car is clearly visible."
3419,05531.png,Car has Overexposure,Car,Overexposure,Decrease Brightness,"The overexposure in the fusion image has been repaired, and the outline of car is clearly visible."
3420,05532.png,Car has Overexposure,Car,Overexposure,Decrease Brightness,"The overexposure in the fusion image has been repaired, and the outline of car is clearly visible."
3421,05533.png,Car has Overexposure,Car,Overexposure,Decrease Brightness,"The overexposure in the fusion image has been repaired, and the outline of car is clearly visible."
3422,05534.png,Car has Overexposure,Car,Overexposure,Decrease Brightness,"The overexposure in the fusion image has been repaired, and the outline of car is clearly visible."
3423,05535.png,Car has Overexposure,Car,Overexposure,Decrease Brightness,"The overexposure in the fusion image has been repaired, and the outline of car is clearly visible."
3424,05536.png,Car has Overexposure,Car,Overexposure,Decrease Brightness,"The overexposure in the fusion image has been repaired, and the outline of car is clearly visible."
3425,05538.png,Car has Overexposure,Car,Overexposure,Decrease Brightness,"The overexposure in the fusion image has been repaired, and the outline of car is clearly visible."
3426,05539.png,Car has Overexposure,Car,Overexposure,Decrease Brightness,"The overexposure in the fusion image has been repaired, and the outline of car is clearly visible."
3427,05540.png,Car has Overexposure,Car,Overexposure,Decrease Brightness,"The overexposure in the fusion image has been repaired, and the outline of car is clearly visible."
3428,05541.png,Car has Overexposure,Car,Overexposure,Decrease Brightness,"The overexposure in the fusion image has been repaired, and the outline of car is clearly visible."
3429,05542.png,Car has Overexposure,Car,Overexposure,Decrease Brightness,"The overexposure in the fusion image has been repaired, and the outline of car is clearly visible."
3430,05545.png,Car has Overexposure,Car,Overexposure,Decrease Brightness,"The overexposure in the fusion image has been repaired, and the outline of car is clearly visible."
3431,05546.png,Car has Overexposure,Car,Overexposure,Decrease Brightness,"The overexposure in the fusion image has been repaired, and the outline of car is clearly visible."
3432,05548.png,Car has Overexposure,Car,Overexposure,Decrease Brightness,"The overexposure in the fusion image has been repaired, and the outline of car is clearly visible."
3433,05549.png,Car has Overexposure,Car,Overexposure,Decrease Brightness,"The overexposure in the fusion image has been repaired, and the outline of car is clearly visible."
3434,05550.png,Car has Overexposure,Car,Overexposure,Decrease Brightness,"The overexposure in the fusion image has been repaired, and the outline of car is clearly visible."
3435,05552.png,Road has Overexposure,Road,Overexposure,Decrease Brightness,"The overexposure in the fusion image has been repaired, and the outline of road is clearly visible."
3436,05553.png,Car has Overexposure,Car,Overexposure,Decrease Brightness,"The overexposure in the fusion image has been repaired, and the outline of car is clearly visible."
3437,05554.png,Car has Overexposure,Car,Overexposure,Decrease Brightness,"The overexposure in the fusion image has been repaired, and the outline of car is clearly visible."
3438,05555.png,Car has Overexposure,Car,Overexposure,Decrease Brightness,"The overexposure in the fusion image has been repaired, and the outline of car is clearly visible."
3439,05556.png,Car has Overexposure,Car,Overexposure,Decrease Brightness,"The overexposure in the fusion image has been repaired, and the outline of car is clearly visible."
3440,05558.png,Car has Overexposure,Car,Overexposure,Decrease Brightness,"The overexposure in the fusion image has been repaired, and the outline of car is clearly visible."
3441,05563.png,Car has Overexposure,Car,Overexposure,Decrease Brightness,"The overexposure in the fusion image has been repaired, and the outline of car is clearly visible."
3442,05564.png,Car has Overexposure,Car,Overexposure,Decrease Brightness,"The overexposure in the fusion image has been repaired, and the outline of car is clearly visible."
3443,05565.png,Road has Overexposure,Road,Overexposure,Decrease Brightness,"The overexposure in the fusion image has been repaired, and the outline of road is clearly visible."
3444,05566.png,Road has Overexposure,Road,Overexposure,Decrease Brightness,"The overexposure in the fusion image has been repaired, and the outline of road is clearly visible."
3445,05567.png,Road has Overexposure,Road,Overexposure,Decrease Brightness,"The overexposure in the fusion image has been repaired, and the outline of road is clearly visible."
3446,05568.png,Road has Overexposure,Road,Overexposure,Decrease Brightness,"The overexposure in the fusion image has been repaired, and the outline of road is clearly visible."
3447,05569.png,Road has Overexposure,Road,Overexposure,Decrease Brightness,"The overexposure in the fusion image has been repaired, and the outline of road is clearly visible."
3448,05570.png,Road has Overexposure,Road,Overexposure,Decrease Brightness,"The overexposure in the fusion image has been repaired, and the outline of road is clearly visible."
3449,05571.png,Car has Overexposure,Car,Overexposure,Decrease Brightness,"The overexposure in the fusion image has been repaired, and the outline of car is clearly visible."
3450,05573.png,Car has Overexposure,Car,Overexposure,Decrease Brightness,"The overexposure in the fusion image has been repaired, and the outline of car is clearly visible."
3451,05574.png,Road has Motion Blur,Road,Motion Blur,Sharpen,"The motion Blur in the fusion image has been sharpen, and the outline of road is clearly visible."
3452,05575.png,Car has Overexposure,Car,Overexposure,Decrease Brightness,"The overexposure in the fusion image has been repaired, and the outline of car is clearly visible."
3453,05576.png,Car has Overexposure,Car,Overexposure,Decrease Brightness,"The overexposure in the fusion image has been repaired, and the outline of car is clearly visible."
3454,05580.png,Car has Motion Blur,Car,Motion Blur,Sharpen,"The motion Blur in the fusion image has been sharpen, and the outline of car is clearly visible."
3455,05581.png,Car has Overexposure,Car,Overexposure,Decrease Brightness,"The overexposure in the fusion image has been repaired, and the outline of car is clearly visible."
3456,05582.png,Car has Motion Blur,Car,Motion Blur,Sharpen,"The motion Blur in the fusion image has been sharpen, and the outline of car is clearly visible."
3457,05583.png,Car has Overexposure,Car,Overexposure,Decrease Brightness,"The overexposure in the fusion image has been repaired, and the outline of car is clearly visible."
3458,05584.png,Road has Overexposure,Road,Overexposure,Decrease Brightness,"The overexposure in the fusion image has been repaired, and the outline of road is clearly visible."
3459,05585.png,Road has Motion Blur,Road,Motion Blur,Sharpen,"The motion Blur in the fusion image has been sharpen, and the outline of road is clearly visible."
3460,05587.png,Car has Overexposure,Car,Overexposure,Decrease Brightness,"The overexposure in the fusion image has been repaired, and the outline of car is clearly visible."
3461,05589.png,Road has Overexposure,Road,Overexposure,Decrease Brightness,"The overexposure in the fusion image has been repaired, and the outline of road is clearly visible."
3462,05597.png,Car has Overexposure,Car,Overexposure,Decrease Brightness,"The overexposure in the fusion image has been repaired, and the outline of car is clearly visible."
3463,05601.png,Car has Overexposure,Car,Overexposure,Decrease Brightness,"The overexposure in the fusion image has been repaired, and the outline of car is clearly visible."
3464,05605.png,Car has Overexposure,Car,Overexposure,Decrease Brightness,"The overexposure in the fusion image has been repaired, and the outline of car is clearly visible."
3465,05606.png,Car has Overexposure,Car,Overexposure,Decrease Brightness,"The overexposure in the fusion image has been repaired, and the outline of car is clearly visible."
3466,05608.png,Car has Overexposure,Car,Overexposure,Decrease Brightness,"The overexposure in the fusion image has been repaired, and the outline of car is clearly visible."
3467,05609.png,Car has Overexposure,Car,Overexposure,Decrease Brightness,"The overexposure in the fusion image has been repaired, and the outline of car is clearly visible."
3468,05610.png,Road has Overexposure,Road,Overexposure,Decrease Brightness,"The overexposure in the fusion image has been repaired, and the outline of road is clearly visible."
3469,05611.png,Road has Overexposure,Road,Overexposure,Decrease Brightness,"The overexposure in the fusion image has been repaired, and the outline of road is clearly visible."
3470,05612.png,Road has Overexposure,Road,Overexposure,Decrease Brightness,"The overexposure in the fusion image has been repaired, and the outline of road is clearly visible."
3471,05613.png,Road has Overexposure,Road,Overexposure,Decrease Brightness,"The overexposure in the fusion image has been repaired, and the outline of road is clearly visible."
3472,05614.png,Car has Overexposure,Car,Overexposure,Decrease Brightness,"The overexposure in the fusion image has been repaired, and the outline of car is clearly visible."
3473,05615.png,Car has Overexposure,Car,Overexposure,Decrease Brightness,"The overexposure in the fusion image has been repaired, and the outline of car is clearly visible."
3474,05616.png,Car has Overexposure,Car,Overexposure,Decrease Brightness,"The overexposure in the fusion image has been repaired, and the outline of car is clearly visible."
3475,05617.png,Car has Overexposure,Car,Overexposure,Decrease Brightness,"The overexposure in the fusion image has been repaired, and the outline of car is clearly visible."
3476,05618.png,Car has Overexposure,Car,Overexposure,Decrease Brightness,"The overexposure in the fusion image has been repaired, and the outline of car is clearly visible."
3477,05620.png,Car has Overexposure,Car,Overexposure,Decrease Brightness,"The overexposure in the fusion image has been repaired, and the outline of car is clearly visible."
3478,05621.png,Car has Overexposure,Car,Overexposure,Decrease Brightness,"The overexposure in the fusion image has been repaired, and the outline of car is clearly visible."
3479,05622.png,Car has Overexposure,Car,Overexposure,Decrease Brightness,"The overexposure in the fusion image has been repaired, and the outline of car is clearly visible."
3480,05624.png,Car has Overexposure,Car,Overexposure,Decrease Brightness,"The overexposure in the fusion image has been repaired, and the outline of car is clearly visible."
3481,05625.png,Car has Overexposure,Car,Overexposure,Decrease Brightness,"The overexposure in the fusion image has been repaired, and the outline of car is clearly visible."
3482,05626.png,Car has Overexposure,Car,Overexposure,Decrease Brightness,"The overexposure in the fusion image has been repaired, and the outline of car is clearly visible."
3483,05627.png,Car has Overexposure,Car,Overexposure,Decrease Brightness,"The overexposure in the fusion image has been repaired, and the outline of car is clearly visible."
3484,05628.png,Car has Overexposure,Car,Overexposure,Decrease Brightness,"The overexposure in the fusion image has been repaired, and the outline of car is clearly visible."
3485,05629.png,Car has Overexposure,Car,Overexposure,Decrease Brightness,"The overexposure in the fusion image has been repaired, and the outline of car is clearly visible."
3486,05631.png,Car has Overexposure,Car,Overexposure,Decrease Brightness,"The overexposure in the fusion image has been repaired, and the outline of car is clearly visible."
3487,05632.png,Car has Overexposure,Car,Overexposure,Decrease Brightness,"The overexposure in the fusion image has been repaired, and the outline of car is clearly visible."
3488,05633.png,Car has Overexposure,Car,Overexposure,Decrease Brightness,"The overexposure in the fusion image has been repaired, and the outline of car is clearly visible."
3489,05634.png,Car has Motion Blur,Car,Motion Blur,Sharpen,"The motion Blur in the fusion image has been sharpen, and the outline of car is clearly visible."
3490,05635.png,Car has Overexposure,Car,Overexposure,Decrease Brightness,"The overexposure in the fusion image has been repaired, and the outline of car is clearly visible."
3491,05636.png,Car has Overexposure,Car,Overexposure,Decrease Brightness,"The overexposure in the fusion image has been repaired, and the outline of car is clearly visible."
3492,05638.png,Car has Motion Blur,Car,Motion Blur,Sharpen,"The motion Blur in the fusion image has been sharpen, and the outline of car is clearly visible."
3493,05639.png,Car has Overexposure,Car,Overexposure,Decrease Brightness,"The overexposure in the fusion image has been repaired, and the outline of car is clearly visible."
3494,05640.png,Car has Overexposure,Car,Overexposure,Decrease Brightness,"The overexposure in the fusion image has been repaired, and the outline of car is clearly visible."
3495,05643.png,Car has Motion Blur,Car,Motion Blur,Sharpen,"The motion Blur in the fusion image has been sharpen, and the outline of car is clearly visible."
3496,05644.png,Car has Overexposure,Car,Overexposure,Decrease Brightness,"The overexposure in the fusion image has been repaired, and the outline of car is clearly visible."
3497,05646.png,Car has Overexposure,Car,Overexposure,Decrease Brightness,"The overexposure in the fusion image has been repaired, and the outline of car is clearly visible."
3498,05647.png,Road has Overexposure,Road,Overexposure,Decrease Brightness,"The overexposure in the fusion image has been repaired, and the outline of road is clearly visible."
3499,05651.png,Car has Overexposure,Car,Overexposure,Decrease Brightness,"The overexposure in the fusion image has been repaired, and the outline of car is clearly visible."
3500,05652.png,Car has Overexposure,Car,Overexposure,Decrease Brightness,"The overexposure in the fusion image has been repaired, and the outline of car is clearly visible."
3501,05654.png,Car has Overexposure,Car,Overexposure,Decrease Brightness,"The overexposure in the fusion image has been repaired, and the outline of car is clearly visible."
3502,05656.png,Car has Overexposure,Car,Overexposure,Decrease Brightness,"The overexposure in the fusion image has been repaired, and the outline of car is clearly visible."
3503,05658.png,Car has Overexposure,Car,Overexposure,Decrease Brightness,"The overexposure in the fusion image has been repaired, and the outline of car is clearly visible."
3504,05659.png,Car has Overexposure,Car,Overexposure,Decrease Brightness,"The overexposure in the fusion image has been repaired, and the outline of car is clearly visible."
3505,05660.png,Car has Overexposure,Car,Overexposure,Decrease Brightness,"The overexposure in the fusion image has been repaired, and the outline of car is clearly visible."
3506,05661.png,Car has Overexposure,Car,Overexposure,Decrease Brightness,"The overexposure in the fusion image has been repaired, and the outline of car is clearly visible."
3507,05663.png,Car has Overexposure,Car,Overexposure,Decrease Brightness,"The overexposure in the fusion image has been repaired, and the outline of car is clearly visible."
3508,05664.png,Car has Overexposure,Car,Overexposure,Decrease Brightness,"The overexposure in the fusion image has been repaired, and the outline of car is clearly visible."
3509,05665.png,Car has Overexposure,Car,Overexposure,Decrease Brightness,"The overexposure in the fusion image has been repaired, and the outline of car is clearly visible."
3510,05666.png,Car has Overexposure,Car,Overexposure,Decrease Brightness,"The overexposure in the fusion image has been repaired, and the outline of car is clearly visible."
3511,05668.png,Car has Overexposure,Car,Overexposure,Decrease Brightness,"The overexposure in the fusion image has been repaired, and the outline of car is clearly visible."
3512,05672.png,Car has Overexposure,Car,Overexposure,Decrease Brightness,"The overexposure in the fusion image has been repaired, and the outline of car is clearly visible."
3513,05673.png,Car has Overexposure,Car,Overexposure,Decrease Brightness,"The overexposure in the fusion image has been repaired, and the outline of car is clearly visible."
3514,05674.png,Streetlight has Overexposure,Streetlight,Overexposure,Decrease Brightness,"The overexposure in the fusion image has been repaired, and the outline of streetlight is clearly visible."
3515,05677.png,Car has Overexposure,Car,Overexposure,Decrease Brightness,"The overexposure in the fusion image has been repaired, and the outline of car is clearly visible."
3516,05679.png,Streetlight has Overexposure,Streetlight,Overexposure,Decrease Brightness,"The overexposure in the fusion image has been repaired, and the outline of streetlight is clearly visible."
3517,05680.png,Streetlight has Overexposure,Streetlight,Overexposure,Decrease Brightness,"The overexposure in the fusion image has been repaired, and the outline of streetlight is clearly visible."
3518,05681.png,Streetlight has Overexposure,Streetlight,Overexposure,Decrease Brightness,"The overexposure in the fusion image has been repaired, and the outline of streetlight is clearly visible."
3519,05683.png,Streetlight has Overexposure,Streetlight,Overexposure,Decrease Brightness,"The overexposure in the fusion image has been repaired, and the outline of streetlight is clearly visible."
3520,05684.png,Streetlight has Overexposure,Streetlight,Overexposure,Decrease Brightness,"The overexposure in the fusion image has been repaired, and the outline of streetlight is clearly visible."
3521,05685.png,Car has Overexposure,Car,Overexposure,Decrease Brightness,"The overexposure in the fusion image has been repaired, and the outline of car is clearly visible."
3522,05686.png,Car has Overexposure,Car,Overexposure,Decrease Brightness,"The overexposure in the fusion image has been repaired, and the outline of car is clearly visible."
3523,05687.png,Car has Motion Blur,Car,Motion Blur,Sharpen,"The motion Blur in the fusion image has been sharpen, and the outline of car is clearly visible."
3524,05688.png,Car has Overexposure,Car,Overexposure,Decrease Brightness,"The overexposure in the fusion image has been repaired, and the outline of car is clearly visible."
3525,05691.png,Car has Overexposure,Car,Overexposure,Decrease Brightness,"The overexposure in the fusion image has been repaired, and the outline of car is clearly visible."
3526,05692.png,Road has Overexposure,Road,Overexposure,Decrease Brightness,"The overexposure in the fusion image has been repaired, and the outline of road is clearly visible."
3527,05694.png,Car has Overexposure,Car,Overexposure,Decrease Brightness,"The overexposure in the fusion image has been repaired, and the outline of car is clearly visible."
3528,05695.png,Car has Overexposure,Car,Overexposure,Decrease Brightness,"The overexposure in the fusion image has been repaired, and the outline of car is clearly visible."
3529,05696.png,Car has Overexposure,Car,Overexposure,Decrease Brightness,"The overexposure in the fusion image has been repaired, and the outline of car is clearly visible."
3530,05697.png,Car has Overexposure,Car,Overexposure,Decrease Brightness,"The overexposure in the fusion image has been repaired, and the outline of car is clearly visible."
3531,05698.png,Car has Overexposure,Car,Overexposure,Decrease Brightness,"The overexposure in the fusion image has been repaired, and the outline of car is clearly visible."
3532,05699.png,Car has Overexposure,Car,Overexposure,Decrease Brightness,"The overexposure in the fusion image has been repaired, and the outline of car is clearly visible."
3533,05701.png,Car has Overexposure,Car,Overexposure,Decrease Brightness,"The overexposure in the fusion image has been repaired, and the outline of car is clearly visible."
3534,05702.png,Car has Overexposure,Car,Overexposure,Decrease Brightness,"The overexposure in the fusion image has been repaired, and the outline of car is clearly visible."
3535,05703.png,Car has Overexposure,Car,Overexposure,Decrease Brightness,"The overexposure in the fusion image has been repaired, and the outline of car is clearly visible."
3536,05704.png,Car has Overexposure,Car,Overexposure,Decrease Brightness,"The overexposure in the fusion image has been repaired, and the outline of car is clearly visible."
3537,05705.png,Car has Overexposure,Car,Overexposure,Decrease Brightness,"The overexposure in the fusion image has been repaired, and the outline of car is clearly visible."
3538,05706.png,Car has Overexposure,Car,Overexposure,Decrease Brightness,"The overexposure in the fusion image has been repaired, and the outline of car is clearly visible."
3539,05708.png,Car has Overexposure,Car,Overexposure,Decrease Brightness,"The overexposure in the fusion image has been repaired, and the outline of car is clearly visible."
3540,05710.png,Car has Overexposure,Car,Overexposure,Decrease Brightness,"The overexposure in the fusion image has been repaired, and the outline of car is clearly visible."
3541,05711.png,Car has Overexposure,Car,Overexposure,Decrease Brightness,"The overexposure in the fusion image has been repaired, and the outline of car is clearly visible."
3542,05712.png,Car has Overexposure,Car,Overexposure,Decrease Brightness,"The overexposure in the fusion image has been repaired, and the outline of car is clearly visible."
3543,05713.png,Car has Overexposure,Car,Overexposure,Decrease Brightness,"The overexposure in the fusion image has been repaired, and the outline of car is clearly visible."
3544,05715.png,Car has Overexposure,Car,Overexposure,Decrease Brightness,"The overexposure in the fusion image has been repaired, and the outline of car is clearly visible."
3545,05718.png,Car has Overexposure,Car,Overexposure,Decrease Brightness,"The overexposure in the fusion image has been repaired, and the outline of car is clearly visible."
3546,05719.png,Car has Overexposure,Car,Overexposure,Decrease Brightness,"The overexposure in the fusion image has been repaired, and the outline of car is clearly visible."
3547,05721.png,Car has Overexposure,Car,Overexposure,Decrease Brightness,"The overexposure in the fusion image has been repaired, and the outline of car is clearly visible."
3548,05722.png,Car has Overexposure,Car,Overexposure,Decrease Brightness,"The overexposure in the fusion image has been repaired, and the outline of car is clearly visible."
3549,05723.png,Car has Overexposure,Car,Overexposure,Decrease Brightness,"The overexposure in the fusion image has been repaired, and the outline of car is clearly visible."
3550,05725.png,Car has Overexposure,Car,Overexposure,Decrease Brightness,"The overexposure in the fusion image has been repaired, and the outline of car is clearly visible."
3551,05726.png,Car has Overexposure,Car,Overexposure,Decrease Brightness,"The overexposure in the fusion image has been repaired, and the outline of car is clearly visible."
3552,05727.png,Car has Overexposure,Car,Overexposure,Decrease Brightness,"The overexposure in the fusion image has been repaired, and the outline of car is clearly visible."
3553,05728.png,Car has Overexposure,Car,Overexposure,Decrease Brightness,"The overexposure in the fusion image has been repaired, and the outline of car is clearly visible."
3554,05729.png,Car has Overexposure,Car,Overexposure,Decrease Brightness,"The overexposure in the fusion image has been repaired, and the outline of car is clearly visible."
3555,05730.png,Car has Overexposure,Car,Overexposure,Decrease Brightness,"The overexposure in the fusion image has been repaired, and the outline of car is clearly visible."
3556,05731.png,Car has Overexposure,Car,Overexposure,Decrease Brightness,"The overexposure in the fusion image has been repaired, and the outline of car is clearly visible."
3557,05732.png,Car has Overexposure,Car,Overexposure,Decrease Brightness,"The overexposure in the fusion image has been repaired, and the outline of car is clearly visible."
3558,05733.png,Car has Overexposure,Car,Overexposure,Decrease Brightness,"The overexposure in the fusion image has been repaired, and the outline of car is clearly visible."
3559,05734.png,Car has Overexposure,Car,Overexposure,Decrease Brightness,"The overexposure in the fusion image has been repaired, and the outline of car is clearly visible."
3560,05735.png,Car has Overexposure,Car,Overexposure,Decrease Brightness,"The overexposure in the fusion image has been repaired, and the outline of car is clearly visible."
3561,05736.png,Car has Overexposure,Car,Overexposure,Decrease Brightness,"The overexposure in the fusion image has been repaired, and the outline of car is clearly visible."
3562,05737.png,Car has Overexposure,Car,Overexposure,Decrease Brightness,"The overexposure in the fusion image has been repaired, and the outline of car is clearly visible."
3563,05738.png,Car has Overexposure,Car,Overexposure,Decrease Brightness,"The overexposure in the fusion image has been repaired, and the outline of car is clearly visible."
3564,05739.png,Car has Overexposure,Car,Overexposure,Decrease Brightness,"The overexposure in the fusion image has been repaired, and the outline of car is clearly visible."
3565,05740.png,Car has Overexposure,Car,Overexposure,Decrease Brightness,"The overexposure in the fusion image has been repaired, and the outline of car is clearly visible."
3566,05741.png,Car has Overexposure,Car,Overexposure,Decrease Brightness,"The overexposure in the fusion image has been repaired, and the outline of car is clearly visible."
3567,05743.png,Car has Overexposure,Car,Overexposure,Decrease Brightness,"The overexposure in the fusion image has been repaired, and the outline of car is clearly visible."
3568,05744.png,Road has Overexposure,Road,Overexposure,Decrease Brightness,"The overexposure in the fusion image has been repaired, and the outline of road is clearly visible."
3569,05745.png,Car has Overexposure,Car,Overexposure,Decrease Brightness,"The overexposure in the fusion image has been repaired, and the outline of car is clearly visible."
3570,05746.png,Car has Overexposure,Car,Overexposure,Decrease Brightness,"The overexposure in the fusion image has been repaired, and the outline of car is clearly visible."
3571,05747.png,Car has Overexposure,Car,Overexposure,Decrease Brightness,"The overexposure in the fusion image has been repaired, and the outline of car is clearly visible."
3572,05749.png,Streetlight has Overexposure,Streetlight,Overexposure,Decrease Brightness,"The overexposure in the fusion image has been repaired, and the outline of streetlight is clearly visible."
3573,05750.png,Car has Overexposure,Car,Overexposure,Decrease Brightness,"The overexposure in the fusion image has been repaired, and the outline of car is clearly visible."
3574,05752.png,Car has Overexposure,Car,Overexposure,Decrease Brightness,"The overexposure in the fusion image has been repaired, and the outline of car is clearly visible."
3575,05753.png,Car has Overexposure,Car,Overexposure,Decrease Brightness,"The overexposure in the fusion image has been repaired, and the outline of car is clearly visible."
3576,05755.png,Car has Overexposure,Car,Overexposure,Decrease Brightness,"The overexposure in the fusion image has been repaired, and the outline of car is clearly visible."
3577,05756.png,Streetlight has Overexposure,Streetlight,Overexposure,Decrease Brightness,"The overexposure in the fusion image has been repaired, and the outline of streetlight is clearly visible."
3578,05757.png,Streetlight has Overexposure,Streetlight,Overexposure,Decrease Brightness,"The overexposure in the fusion image has been repaired, and the outline of streetlight is clearly visible."
3579,05762.png,Car has Overexposure,Car,Overexposure,Decrease Brightness,"The overexposure in the fusion image has been repaired, and the outline of car is clearly visible."
3580,05764.png,Car has Overexposure,Car,Overexposure,Decrease Brightness,"The overexposure in the fusion image has been repaired, and the outline of car is clearly visible."
3581,05766.png,Road has Motion Blur,Road,Motion Blur,Sharpen,"The motion Blur in the fusion image has been sharpen, and the outline of road is clearly visible."
3582,05767.png,Streetlight has Overexposure,Streetlight,Overexposure,Decrease Brightness,"The overexposure in the fusion image has been repaired, and the outline of streetlight is clearly visible."
3583,05769.png,Streetlight has Overexposure,Streetlight,Overexposure,Decrease Brightness,"The overexposure in the fusion image has been repaired, and the outline of streetlight is clearly visible."
3584,05771.png,Streetlight has Overexposure,Streetlight,Overexposure,Decrease Brightness,"The overexposure in the fusion image has been repaired, and the outline of streetlight is clearly visible."
3585,05772.png,Streetlight has Overexposure,Streetlight,Overexposure,Decrease Brightness,"The overexposure in the fusion image has been repaired, and the outline of streetlight is clearly visible."
3586,05773.png,Car has Overexposure,Car,Overexposure,Decrease Brightness,"The overexposure in the fusion image has been repaired, and the outline of car is clearly visible."
3587,05774.png,Car has Overexposure,Car,Overexposure,Decrease Brightness,"The overexposure in the fusion image has been repaired, and the outline of car is clearly visible."
3588,05775.png,Streetlight has Overexposure,Streetlight,Overexposure,Decrease Brightness,"The overexposure in the fusion image has been repaired, and the outline of streetlight is clearly visible."
3589,05776.png,Streetlight has Overexposure,Streetlight,Overexposure,Decrease Brightness,"The overexposure in the fusion image has been repaired, and the outline of streetlight is clearly visible."
3590,05777.png,Road has Overexposure,Road,Overexposure,Decrease Brightness,"The overexposure in the fusion image has been repaired, and the outline of road is clearly visible."
3591,05778.png,Road has Overexposure,Road,Overexposure,Decrease Brightness,"The overexposure in the fusion image has been repaired, and the outline of road is clearly visible."
3592,05780.png,Car has Overexposure,Car,Overexposure,Decrease Brightness,"The overexposure in the fusion image has been repaired, and the outline of car is clearly visible."
3593,05784.png,Car has Overexposure,Car,Overexposure,Decrease Brightness,"The overexposure in the fusion image has been repaired, and the outline of car is clearly visible."
3594,05785.png,Car has Overexposure,Car,Overexposure,Decrease Brightness,"The overexposure in the fusion image has been repaired, and the outline of car is clearly visible."
3595,05787.png,Car has Overexposure,Car,Overexposure,Decrease Brightness,"The overexposure in the fusion image has been repaired, and the outline of car is clearly visible."
3596,05789.png,Streetlight has Overexposure,Streetlight,Overexposure,Decrease Brightness,"The overexposure in the fusion image has been repaired, and the outline of streetlight is clearly visible."
3597,05790.png,Car has Overexposure,Car,Overexposure,Decrease Brightness,"The overexposure in the fusion image has been repaired, and the outline of car is clearly visible."
3598,05792.png,Car has Overexposure,Car,Overexposure,Decrease Brightness,"The overexposure in the fusion image has been repaired, and the outline of car is clearly visible."
3599,05794.png,Car has Overexposure,Car,Overexposure,Decrease Brightness,"The overexposure in the fusion image has been repaired, and the outline of car is clearly visible."
3600,05798.png,Car has Motion Blur,Car,Motion Blur,Sharpen,"The motion Blur in the fusion image has been sharpen, and the outline of car is clearly visible."
3601,05799.png,Car has Overexposure,Car,Overexposure,Decrease Brightness,"The overexposure in the fusion image has been repaired, and the outline of car is clearly visible."
3602,05800.png,Car has Overexposure,Car,Overexposure,Decrease Brightness,"The overexposure in the fusion image has been repaired, and the outline of car is clearly visible."
3603,05801.png,Streetlight has Overexposure,Streetlight,Overexposure,Decrease Brightness,"The overexposure in the fusion image has been repaired, and the outline of streetlight is clearly visible."
3604,05802.png,Streetlight has Overexposure,Streetlight,Overexposure,Decrease Brightness,"The overexposure in the fusion image has been repaired, and the outline of streetlight is clearly visible."
3605,05803.png,Car has Overexposure,Car,Overexposure,Decrease Brightness,"The overexposure in the fusion image has been repaired, and the outline of car is clearly visible."
3606,05804.png,Car has Overexposure,Car,Overexposure,Decrease Brightness,"The overexposure in the fusion image has been repaired, and the outline of car is clearly visible."
3607,05805.png,Car has Overexposure,Car,Overexposure,Decrease Brightness,"The overexposure in the fusion image has been repaired, and the outline of car is clearly visible."
3608,05806.png,Road has Motion Blur,Road,Motion Blur,Sharpen,"The motion Blur in the fusion image has been sharpen, and the outline of road is clearly visible."
3609,05808.png,Car has Overexposure,Car,Overexposure,Decrease Brightness,"The overexposure in the fusion image has been repaired, and the outline of car is clearly visible."
3610,05809.png,Car has Overexposure,Car,Overexposure,Decrease Brightness,"The overexposure in the fusion image has been repaired, and the outline of car is clearly visible."
3611,05810.png,Car has Motion Blur,Car,Motion Blur,Sharpen,"The motion Blur in the fusion image has been sharpen, and the outline of car is clearly visible."
3612,05811.png,Car has Overexposure,Car,Overexposure,Decrease Brightness,"The overexposure in the fusion image has been repaired, and the outline of car is clearly visible."
3613,05812.png,Car has Motion Blur,Car,Motion Blur,Sharpen,"The motion Blur in the fusion image has been sharpen, and the outline of car is clearly visible."
3614,05813.png,Car has Motion Blur,Car,Motion Blur,Sharpen,"The motion Blur in the fusion image has been sharpen, and the outline of car is clearly visible."
3615,05814.png,Car has Motion Blur,Car,Motion Blur,Sharpen,"The motion Blur in the fusion image has been sharpen, and the outline of car is clearly visible."
3616,05815.png,Car has Motion Blur,Car,Motion Blur,Sharpen,"The motion Blur in the fusion image has been sharpen, and the outline of car is clearly visible."
3617,05816.png,Car has Overexposure,Car,Overexposure,Decrease Brightness,"The overexposure in the fusion image has been repaired, and the outline of car is clearly visible."
3618,05817.png,Streetlight has Overexposure,Streetlight,Overexposure,Decrease Brightness,"The overexposure in the fusion image has been repaired, and the outline of streetlight is clearly visible."
3619,05818.png,Car has Overexposure,Car,Overexposure,Decrease Brightness,"The overexposure in the fusion image has been repaired, and the outline of car is clearly visible."
3620,05821.png,Streetlight has Overexposure,Streetlight,Overexposure,Decrease Brightness,"The overexposure in the fusion image has been repaired, and the outline of streetlight is clearly visible."
3621,05822.png,Streetlight has Overexposure,Streetlight,Overexposure,Decrease Brightness,"The overexposure in the fusion image has been repaired, and the outline of streetlight is clearly visible."
3622,05824.png,Car has Overexposure,Car,Overexposure,Decrease Brightness,"The overexposure in the fusion image has been repaired, and the outline of car is clearly visible."
3623,05825.png,Car has Overexposure,Car,Overexposure,Decrease Brightness,"The overexposure in the fusion image has been repaired, and the outline of car is clearly visible."
3624,05826.png,Car has Overexposure,Car,Overexposure,Decrease Brightness,"The overexposure in the fusion image has been repaired, and the outline of car is clearly visible."
3625,05828.png,Car has Overexposure,Car,Overexposure,Decrease Brightness,"The overexposure in the fusion image has been repaired, and the outline of car is clearly visible."
3626,05829.png,Car has Overexposure,Car,Overexposure,Decrease Brightness,"The overexposure in the fusion image has been repaired, and the outline of car is clearly visible."
3627,05830.png,Car has Overexposure,Car,Overexposure,Decrease Brightness,"The overexposure in the fusion image has been repaired, and the outline of car is clearly visible."
3628,05831.png,Car has Overexposure,Car,Overexposure,Decrease Brightness,"The overexposure in the fusion image has been repaired, and the outline of car is clearly visible."
3629,05832.png,Car has Overexposure,Car,Overexposure,Decrease Brightness,"The overexposure in the fusion image has been repaired, and the outline of car is clearly visible."
3630,05834.png,Car has Overexposure,Car,Overexposure,Decrease Brightness,"The overexposure in the fusion image has been repaired, and the outline of car is clearly visible."
3631,05835.png,Car has Overexposure,Car,Overexposure,Decrease Brightness,"The overexposure in the fusion image has been repaired, and the outline of car is clearly visible."
3632,05836.png,Car has Overexposure,Car,Overexposure,Decrease Brightness,"The overexposure in the fusion image has been repaired, and the outline of car is clearly visible."
3633,05837.png,Car has Overexposure,Car,Overexposure,Decrease Brightness,"The overexposure in the fusion image has been repaired, and the outline of car is clearly visible."
3634,05838.png,Car has Overexposure,Car,Overexposure,Decrease Brightness,"The overexposure in the fusion image has been repaired, and the outline of car is clearly visible."
3635,05839.png,Car has Overexposure,Car,Overexposure,Decrease Brightness,"The overexposure in the fusion image has been repaired, and the outline of car is clearly visible."
3636,05840.png,Car has Overexposure,Car,Overexposure,Decrease Brightness,"The overexposure in the fusion image has been repaired, and the outline of car is clearly visible."
3637,05841.png,Car has Overexposure,Car,Overexposure,Decrease Brightness,"The overexposure in the fusion image has been repaired, and the outline of car is clearly visible."
3638,05842.png,Car has Overexposure,Car,Overexposure,Decrease Brightness,"The overexposure in the fusion image has been repaired, and the outline of car is clearly visible."
3639,05843.png,Car has Overexposure,Car,Overexposure,Decrease Brightness,"The overexposure in the fusion image has been repaired, and the outline of car is clearly visible."
3640,05846.png,Car has Overexposure,Car,Overexposure,Decrease Brightness,"The overexposure in the fusion image has been repaired, and the outline of car is clearly visible."
3641,05847.png,Car has Overexposure,Car,Overexposure,Decrease Brightness,"The overexposure in the fusion image has been repaired, and the outline of car is clearly visible."
3642,05848.png,Car has Overexposure,Car,Overexposure,Decrease Brightness,"The overexposure in the fusion image has been repaired, and the outline of car is clearly visible."
3643,05849.png,Car has Overexposure,Car,Overexposure,Decrease Brightness,"The overexposure in the fusion image has been repaired, and the outline of car is clearly visible."
3644,05850.png,Car has Overexposure,Car,Overexposure,Decrease Brightness,"The overexposure in the fusion image has been repaired, and the outline of car is clearly visible."
3645,05851.png,Car has Overexposure,Car,Overexposure,Decrease Brightness,"The overexposure in the fusion image has been repaired, and the outline of car is clearly visible."
3646,05853.png,Car has Overexposure,Car,Overexposure,Decrease Brightness,"The overexposure in the fusion image has been repaired, and the outline of car is clearly visible."
3647,05854.png,Car has Overexposure,Car,Overexposure,Decrease Brightness,"The overexposure in the fusion image has been repaired, and the outline of car is clearly visible."
3648,05855.png,Car has Overexposure,Car,Overexposure,Decrease Brightness,"The overexposure in the fusion image has been repaired, and the outline of car is clearly visible."
3649,05856.png,Car has Overexposure,Car,Overexposure,Decrease Brightness,"The overexposure in the fusion image has been repaired, and the outline of car is clearly visible."
3650,05857.png,Car has Overexposure,Car,Overexposure,Decrease Brightness,"The overexposure in the fusion image has been repaired, and the outline of car is clearly visible."
3651,05858.png,Car has Overexposure,Car,Overexposure,Decrease Brightness,"The overexposure in the fusion image has been repaired, and the outline of car is clearly visible."
3652,05859.png,Car has Overexposure,Car,Overexposure,Decrease Brightness,"The overexposure in the fusion image has been repaired, and the outline of car is clearly visible."
3653,05860.png,Car has Overexposure,Car,Overexposure,Decrease Brightness,"The overexposure in the fusion image has been repaired, and the outline of car is clearly visible."
3654,05861.png,Car has Overexposure,Car,Overexposure,Decrease Brightness,"The overexposure in the fusion image has been repaired, and the outline of car is clearly visible."
3655,05862.png,Car has Overexposure,Car,Overexposure,Decrease Brightness,"The overexposure in the fusion image has been repaired, and the outline of car is clearly visible."
3656,05863.png,Car has Overexposure,Car,Overexposure,Decrease Brightness,"The overexposure in the fusion image has been repaired, and the outline of car is clearly visible."
3657,05864.png,Car has Overexposure,Car,Overexposure,Decrease Brightness,"The overexposure in the fusion image has been repaired, and the outline of car is clearly visible."
3658,05865.png,Car has Overexposure,Car,Overexposure,Decrease Brightness,"The overexposure in the fusion image has been repaired, and the outline of car is clearly visible."
3659,05866.png,Car has Overexposure,Car,Overexposure,Decrease Brightness,"The overexposure in the fusion image has been repaired, and the outline of car is clearly visible."
3660,05868.png,Car has Overexposure,Car,Overexposure,Decrease Brightness,"The overexposure in the fusion image has been repaired, and the outline of car is clearly visible."
3661,05869.png,Car has Overexposure,Car,Overexposure,Decrease Brightness,"The overexposure in the fusion image has been repaired, and the outline of car is clearly visible."
3662,05870.png,Road has Overexposure,Road,Overexposure,Decrease Brightness,"The overexposure in the fusion image has been repaired, and the outline of road is clearly visible."
3663,05871.png,Road has Overexposure,Road,Overexposure,Decrease Brightness,"The overexposure in the fusion image has been repaired, and the outline of road is clearly visible."
3664,05873.png,Car has Overexposure,Car,Overexposure,Decrease Brightness,"The overexposure in the fusion image has been repaired, and the outline of car is clearly visible."
3665,05875.png,Streetlight has Overexposure,Streetlight,Overexposure,Decrease Brightness,"The overexposure in the fusion image has been repaired, and the outline of streetlight is clearly visible."
3666,05876.png,Streetlight has Overexposure,Streetlight,Overexposure,Decrease Brightness,"The overexposure in the fusion image has been repaired, and the outline of streetlight is clearly visible."
3667,05877.png,Road has Overexposure,Road,Overexposure,Decrease Brightness,"The overexposure in the fusion image has been repaired, and the outline of road is clearly visible."
3668,05878.png,Car has Overexposure,Car,Overexposure,Decrease Brightness,"The overexposure in the fusion image has been repaired, and the outline of car is clearly visible."
3669,05879.png,Car has Overexposure,Car,Overexposure,Decrease Brightness,"The overexposure in the fusion image has been repaired, and the outline of car is clearly visible."
3670,05881.png,Car has Motion Blur,Car,Motion Blur,Sharpen,"The motion Blur in the fusion image has been sharpen, and the outline of car is clearly visible."
3671,05882.png,Streetlight has Overexposure,Streetlight,Overexposure,Decrease Brightness,"The overexposure in the fusion image has been repaired, and the outline of streetlight is clearly visible."
3672,05885.png,Car has Overexposure,Car,Overexposure,Decrease Brightness,"The overexposure in the fusion image has been repaired, and the outline of car is clearly visible."
3673,05886.png,Road has Overexposure,Road,Overexposure,Decrease Brightness,"The overexposure in the fusion image has been repaired, and the outline of road is clearly visible."
3674,05888.png,Car has Overexposure,Car,Overexposure,Decrease Brightness,"The overexposure in the fusion image has been repaired, and the outline of car is clearly visible."
3675,05890.png,Car has Overexposure,Car,Overexposure,Decrease Brightness,"The overexposure in the fusion image has been repaired, and the outline of car is clearly visible."
3676,05891.png,Car has Overexposure,Car,Overexposure,Decrease Brightness,"The overexposure in the fusion image has been repaired, and the outline of car is clearly visible."
3677,05892.png,Car has Overexposure,Car,Overexposure,Decrease Brightness,"The overexposure in the fusion image has been repaired, and the outline of car is clearly visible."
3678,05893.png,Car has Overexposure,Car,Overexposure,Decrease Brightness,"The overexposure in the fusion image has been repaired, and the outline of car is clearly visible."
3679,05894.png,Car has Overexposure,Car,Overexposure,Decrease Brightness,"The overexposure in the fusion image has been repaired, and the outline of car is clearly visible."
3680,05897.png,Car has Overexposure,Car,Overexposure,Decrease Brightness,"The overexposure in the fusion image has been repaired, and the outline of car is clearly visible."
3681,05898.png,Car has Overexposure,Car,Overexposure,Decrease Brightness,"The overexposure in the fusion image has been repaired, and the outline of car is clearly visible."
3682,05899.png,Car has Overexposure,Car,Overexposure,Decrease Brightness,"The overexposure in the fusion image has been repaired, and the outline of car is clearly visible."
3683,05901.png,Car has Overexposure,Car,Overexposure,Decrease Brightness,"The overexposure in the fusion image has been repaired, and the outline of car is clearly visible."
3684,05902.png,Car has Overexposure,Car,Overexposure,Decrease Brightness,"The overexposure in the fusion image has been repaired, and the outline of car is clearly visible."
3685,05904.png,Car has Overexposure,Car,Overexposure,Decrease Brightness,"The overexposure in the fusion image has been repaired, and the outline of car is clearly visible."
3686,05905.png,Car has Overexposure,Car,Overexposure,Decrease Brightness,"The overexposure in the fusion image has been repaired, and the outline of car is clearly visible."
3687,05906.png,Car has Overexposure,Car,Overexposure,Decrease Brightness,"The overexposure in the fusion image has been repaired, and the outline of car is clearly visible."
3688,05907.png,Car has Overexposure,Car,Overexposure,Decrease Brightness,"The overexposure in the fusion image has been repaired, and the outline of car is clearly visible."
3689,05909.png,Car has Overexposure,Car,Overexposure,Decrease Brightness,"The overexposure in the fusion image has been repaired, and the outline of car is clearly visible."
3690,05910.png,Car has Overexposure,Car,Overexposure,Decrease Brightness,"The overexposure in the fusion image has been repaired, and the outline of car is clearly visible."
3691,05912.png,Streetlight has Overexposure,Streetlight,Overexposure,Decrease Brightness,"The overexposure in the fusion image has been repaired, and the outline of streetlight is clearly visible."
3692,05915.png,Road has Low Contrast,Road,Low Contrast,Enhance Contrast,"The contrast in the fusion image has been enhanced, and the outline of road is clearly visible."
3693,05916.png,Road has Overexposure,Road,Overexposure,Decrease Brightness,"The overexposure in the fusion image has been repaired, and the outline of road is clearly visible."
3694,05917.png,Car has Overexposure,Car,Overexposure,Decrease Brightness,"The overexposure in the fusion image has been repaired, and the outline of car is clearly visible."
3695,05918.png,Car has Overexposure,Car,Overexposure,Decrease Brightness,"The overexposure in the fusion image has been repaired, and the outline of car is clearly visible."
3696,05919.png,Car has Overexposure,Car,Overexposure,Decrease Brightness,"The overexposure in the fusion image has been repaired, and the outline of car is clearly visible."
3697,05920.png,Road has Overexposure,Road,Overexposure,Decrease Brightness,"The overexposure in the fusion image has been repaired, and the outline of road is clearly visible."
3698,05922.png,Car has Overexposure,Car,Overexposure,Decrease Brightness,"The overexposure in the fusion image has been repaired, and the outline of car is clearly visible."
3699,05924.png,Road has Overexposure,Road,Overexposure,Decrease Brightness,"The overexposure in the fusion image has been repaired, and the outline of road is clearly visible."
3700,05925.png,Road has Motion Blur,Road,Motion Blur,Sharpen,"The motion Blur in the fusion image has been sharpen, and the outline of road is clearly visible."
3701,05926.png,Road has Overexposure,Road,Overexposure,Decrease Brightness,"The overexposure in the fusion image has been repaired, and the outline of road is clearly visible."
3702,05927.png,Road has Motion Blur,Road,Motion Blur,Sharpen,"The motion Blur in the fusion image has been sharpen, and the outline of road is clearly visible."
3703,05928.png,Road has Motion Blur,Road,Motion Blur,Sharpen,"The motion Blur in the fusion image has been sharpen, and the outline of road is clearly visible."
3704,05929.png,Road has Motion Blur,Road,Motion Blur,Sharpen,"The motion Blur in the fusion image has been sharpen, and the outline of road is clearly visible."
3705,05930.png,Road has Motion Blur,Road,Motion Blur,Sharpen,"The motion Blur in the fusion image has been sharpen, and the outline of road is clearly visible."
3706,05932.png,Road has Overexposure,Road,Overexposure,Decrease Brightness,"The overexposure in the fusion image has been repaired, and the outline of road is clearly visible."
3707,05935.png,Road has Overexposure,Road,Overexposure,Decrease Brightness,"The overexposure in the fusion image has been repaired, and the outline of road is clearly visible."
3708,05936.png,Car has Overexposure,Car,Overexposure,Decrease Brightness,"The overexposure in the fusion image has been repaired, and the outline of car is clearly visible."
3709,05937.png,Streetlight has Overexposure,Streetlight,Overexposure,Decrease Brightness,"The overexposure in the fusion image has been repaired, and the outline of streetlight is clearly visible."
3710,05940.png,Car has Overexposure,Car,Overexposure,Decrease Brightness,"The overexposure in the fusion image has been repaired, and the outline of car is clearly visible."
3711,05941.png,Car has Overexposure,Car,Overexposure,Decrease Brightness,"The overexposure in the fusion image has been repaired, and the outline of car is clearly visible."
3712,05942.png,Car has Motion Blur,Car,Motion Blur,Sharpen,"The motion Blur in the fusion image has been sharpen, and the outline of car is clearly visible."
3713,05943.png,Car has Overexposure,Car,Overexposure,Decrease Brightness,"The overexposure in the fusion image has been repaired, and the outline of car is clearly visible."
3714,05944.png,Car has Overexposure,Car,Overexposure,Decrease Brightness,"The overexposure in the fusion image has been repaired, and the outline of car is clearly visible."
3715,05945.png,Car has Overexposure,Car,Overexposure,Decrease Brightness,"The overexposure in the fusion image has been repaired, and the outline of car is clearly visible."
3716,05946.png,Road has Overexposure,Road,Overexposure,Decrease Brightness,"The overexposure in the fusion image has been repaired, and the outline of road is clearly visible."
3717,05947.png,Car has Overexposure,Car,Overexposure,Decrease Brightness,"The overexposure in the fusion image has been repaired, and the outline of car is clearly visible."
3718,05948.png,Car has Motion Blur,Car,Motion Blur,Sharpen,"The motion Blur in the fusion image has been sharpen, and the outline of car is clearly visible."
3719,05951.png,Car has Overexposure,Car,Overexposure,Decrease Brightness,"The overexposure in the fusion image has been repaired, and the outline of car is clearly visible."
3720,05952.png,Car has Overexposure,Car,Overexposure,Decrease Brightness,"The overexposure in the fusion image has been repaired, and the outline of car is clearly visible."
3721,05953.png,Car has Overexposure,Car,Overexposure,Decrease Brightness,"The overexposure in the fusion image has been repaired, and the outline of car is clearly visible."
3722,05954.png,Car has Overexposure,Car,Overexposure,Decrease Brightness,"The overexposure in the fusion image has been repaired, and the outline of car is clearly visible."
3723,05955.png,Car has Overexposure,Car,Overexposure,Decrease Brightness,"The overexposure in the fusion image has been repaired, and the outline of car is clearly visible."
3724,05957.png,Car has Overexposure,Car,Overexposure,Decrease Brightness,"The overexposure in the fusion image has been repaired, and the outline of car is clearly visible."
3725,05958.png,Car has Overexposure,Car,Overexposure,Decrease Brightness,"The overexposure in the fusion image has been repaired, and the outline of car is clearly visible."
3726,05960.png,Car has Overexposure,Car,Overexposure,Decrease Brightness,"The overexposure in the fusion image has been repaired, and the outline of car is clearly visible."
3727,05961.png,Car has Overexposure,Car,Overexposure,Decrease Brightness,"The overexposure in the fusion image has been repaired, and the outline of car is clearly visible."
3728,05962.png,Car has Overexposure,Car,Overexposure,Decrease Brightness,"The overexposure in the fusion image has been repaired, and the outline of car is clearly visible."
3729,05963.png,Car has Overexposure,Car,Overexposure,Decrease Brightness,"The overexposure in the fusion image has been repaired, and the outline of car is clearly visible."
3730,05964.png,Car has Overexposure,Car,Overexposure,Decrease Brightness,"The overexposure in the fusion image has been repaired, and the outline of car is clearly visible."
3731,05966.png,Car has Overexposure,Car,Overexposure,Decrease Brightness,"The overexposure in the fusion image has been repaired, and the outline of car is clearly visible."
3732,05967.png,Car has Overexposure,Car,Overexposure,Decrease Brightness,"The overexposure in the fusion image has been repaired, and the outline of car is clearly visible."
3733,05968.png,Car has Overexposure,Car,Overexposure,Decrease Brightness,"The overexposure in the fusion image has been repaired, and the outline of car is clearly visible."
3734,05969.png,Car has Overexposure,Car,Overexposure,Decrease Brightness,"The overexposure in the fusion image has been repaired, and the outline of car is clearly visible."
3735,05970.png,Road has Overexposure,Road,Overexposure,Decrease Brightness,"The overexposure in the fusion image has been repaired, and the outline of road is clearly visible."
3736,05973.png,Car has Overexposure,Car,Overexposure,Decrease Brightness,"The overexposure in the fusion image has been repaired, and the outline of car is clearly visible."
3737,05974.png,Car has Overexposure,Car,Overexposure,Decrease Brightness,"The overexposure in the fusion image has been repaired, and the outline of car is clearly visible."
3738,05975.png,Car has Overexposure,Car,Overexposure,Decrease Brightness,"The overexposure in the fusion image has been repaired, and the outline of car is clearly visible."
3739,05976.png,Car has Overexposure,Car,Overexposure,Decrease Brightness,"The overexposure in the fusion image has been repaired, and the outline of car is clearly visible."
3740,05977.png,Car has Overexposure,Car,Overexposure,Decrease Brightness,"The overexposure in the fusion image has been repaired, and the outline of car is clearly visible."
3741,05978.png,Car has Overexposure,Car,Overexposure,Decrease Brightness,"The overexposure in the fusion image has been repaired, and the outline of car is clearly visible."
3742,05979.png,Car has Overexposure,Car,Overexposure,Decrease Brightness,"The overexposure in the fusion image has been repaired, and the outline of car is clearly visible."
3743,05980.png,Car has Overexposure,Car,Overexposure,Decrease Brightness,"The overexposure in the fusion image has been repaired, and the outline of car is clearly visible."
3744,05981.png,Road has Overexposure,Road,Overexposure,Decrease Brightness,"The overexposure in the fusion image has been repaired, and the outline of road is clearly visible."
3745,05982.png,Road has Overexposure,Road,Overexposure,Decrease Brightness,"The overexposure in the fusion image has been repaired, and the outline of road is clearly visible."
3746,05986.png,Streetlight has Overexposure,Streetlight,Overexposure,Decrease Brightness,"The overexposure in the fusion image has been repaired, and the outline of streetlight is clearly visible."
3747,05987.png,Streetlight has Overexposure,Streetlight,Overexposure,Decrease Brightness,"The overexposure in the fusion image has been repaired, and the outline of streetlight is clearly visible."
3748,05991.png,Road has Motion Blur,Road,Motion Blur,Sharpen,"The motion Blur in the fusion image has been sharpen, and the outline of road is clearly visible."
3749,05994.png,Road has Motion Blur,Road,Motion Blur,Sharpen,"The motion Blur in the fusion image has been sharpen, and the outline of road is clearly visible."
3750,05996.png,Streetlight has Overexposure,Streetlight,Overexposure,Decrease Brightness,"The overexposure in the fusion image has been repaired, and the outline of streetlight is clearly visible."
3751,05997.png,Streetlight has Overexposure,Streetlight,Overexposure,Decrease Brightness,"The overexposure in the fusion image has been repaired, and the outline of streetlight is clearly visible."
3752,05998.png,Road has Low Contrast,Road,Low Contrast,Enhance Contrast,"The contrast in the fusion image has been enhanced, and the outline of road is clearly visible."
3753,05999.png,Streetlight has Overexposure,Streetlight,Overexposure,Decrease Brightness,"The overexposure in the fusion image has been repaired, and the outline of streetlight is clearly visible."
3754,06001.png,Streetlight has Overexposure,Streetlight,Overexposure,Decrease Brightness,"The overexposure in the fusion image has been repaired, and the outline of streetlight is clearly visible."
3755,06002.png,Road has Motion Blur,Road,Motion Blur,Sharpen,"The motion Blur in the fusion image has been sharpen, and the outline of road is clearly visible."
3756,06003.png,Car has Overexposure,Car,Overexposure,Decrease Brightness,"The overexposure in the fusion image has been repaired, and the outline of car is clearly visible."
3757,06005.png,Road has Overexposure,Road,Overexposure,Decrease Brightness,"The overexposure in the fusion image has been repaired, and the outline of road is clearly visible."
3758,06007.png,Road has Overexposure,Road,Overexposure,Decrease Brightness,"The overexposure in the fusion image has been repaired, and the outline of road is clearly visible."
3759,06008.png,Car has Overexposure,Car,Overexposure,Decrease Brightness,"The overexposure in the fusion image has been repaired, and the outline of car is clearly visible."
3760,06009.png,Road has Motion Blur,Road,Motion Blur,Sharpen,"The motion Blur in the fusion image has been sharpen, and the outline of road is clearly visible."
3761,06013.png,Car has Motion Blur,Car,Motion Blur,Sharpen,"The motion Blur in the fusion image has been sharpen, and the outline of car is clearly visible."
3762,06015.png,Road has Motion Blur,Road,Motion Blur,Sharpen,"The motion Blur in the fusion image has been sharpen, and the outline of road is clearly visible."
3763,06016.png,Road has Overexposure,Road,Overexposure,Decrease Brightness,"The overexposure in the fusion image has been repaired, and the outline of road is clearly visible."
3764,06017.png,Road has Overexposure,Road,Overexposure,Decrease Brightness,"The overexposure in the fusion image has been repaired, and the outline of road is clearly visible."
3765,06018.png,Streetlight has Overexposure,Streetlight,Overexposure,Decrease Brightness,"The overexposure in the fusion image has been repaired, and the outline of streetlight is clearly visible."
3766,06021.png,Car has Overexposure,Car,Overexposure,Decrease Brightness,"The overexposure in the fusion image has been repaired, and the outline of car is clearly visible."
3767,06022.png,Car has Overexposure,Car,Overexposure,Decrease Brightness,"The overexposure in the fusion image has been repaired, and the outline of car is clearly visible."
3768,06025.png,Road has Motion Blur,Road,Motion Blur,Sharpen,"The motion Blur in the fusion image has been sharpen, and the outline of road is clearly visible."
3769,06026.png,Road has Overexposure,Road,Overexposure,Decrease Brightness,"The overexposure in the fusion image has been repaired, and the outline of road is clearly visible."
3770,06028.png,Road has Motion Blur,Road,Motion Blur,Sharpen,"The motion Blur in the fusion image has been sharpen, and the outline of road is clearly visible."
3771,06029.png,Road has Motion Blur,Road,Motion Blur,Sharpen,"The motion Blur in the fusion image has been sharpen, and the outline of road is clearly visible."
3772,06031.png,Road has Overexposure,Road,Overexposure,Decrease Brightness,"The overexposure in the fusion image has been repaired, and the outline of road is clearly visible."
3773,06032.png,Car has Motion Blur,Car,Motion Blur,Sharpen,"The motion Blur in the fusion image has been sharpen, and the outline of car is clearly visible."
3774,06038.png,Road has Overexposure,Road,Overexposure,Decrease Brightness,"The overexposure in the fusion image has been repaired, and the outline of road is clearly visible."
3775,06040.png,Road has Motion Blur,Road,Motion Blur,Sharpen,"The motion Blur in the fusion image has been sharpen, and the outline of road is clearly visible."
3776,06041.png,Streetlight has Overexposure,Streetlight,Overexposure,Decrease Brightness,"The overexposure in the fusion image has been repaired, and the outline of streetlight is clearly visible."
3777,06042.png,Streetlight has Overexposure,Streetlight,Overexposure,Decrease Brightness,"The overexposure in the fusion image has been repaired, and the outline of streetlight is clearly visible."
3778,06043.png,Streetlight has Overexposure,Streetlight,Overexposure,Decrease Brightness,"The overexposure in the fusion image has been repaired, and the outline of streetlight is clearly visible."
3779,06044.png,Streetlight has Overexposure,Streetlight,Overexposure,Decrease Brightness,"The overexposure in the fusion image has been repaired, and the outline of streetlight is clearly visible."
3780,06047.png,Car has Motion Blur,Car,Motion Blur,Sharpen,"The motion Blur in the fusion image has been sharpen, and the outline of car is clearly visible."
3781,06048.png,Car has Overexposure,Car,Overexposure,Decrease Brightness,"The overexposure in the fusion image has been repaired, and the outline of car is clearly visible."
3782,06049.png,Car has Motion Blur,Car,Motion Blur,Sharpen,"The motion Blur in the fusion image has been sharpen, and the outline of car is clearly visible."
3783,06050.png,Streetlight has Overexposure,Streetlight,Overexposure,Decrease Brightness,"The overexposure in the fusion image has been repaired, and the outline of streetlight is clearly visible."
3784,06053.png,Streetlight has Overexposure,Streetlight,Overexposure,Decrease Brightness,"The overexposure in the fusion image has been repaired, and the outline of streetlight is clearly visible."
3785,06054.png,Streetlight has Overexposure,Streetlight,Overexposure,Decrease Brightness,"The overexposure in the fusion image has been repaired, and the outline of streetlight is clearly visible."
3786,06056.png,Road has Overexposure,Road,Overexposure,Decrease Brightness,"The overexposure in the fusion image has been repaired, and the outline of road is clearly visible."
3787,06057.png,Road has Overexposure,Road,Overexposure,Decrease Brightness,"The overexposure in the fusion image has been repaired, and the outline of road is clearly visible."
3788,06058.png,Car has Overexposure,Car,Overexposure,Decrease Brightness,"The overexposure in the fusion image has been repaired, and the outline of car is clearly visible."
3789,06060.png,Car has Overexposure,Car,Overexposure,Decrease Brightness,"The overexposure in the fusion image has been repaired, and the outline of car is clearly visible."
3790,06061.png,Car has Overexposure,Car,Overexposure,Decrease Brightness,"The overexposure in the fusion image has been repaired, and the outline of car is clearly visible."
3791,06062.png,Road has Overexposure,Road,Overexposure,Decrease Brightness,"The overexposure in the fusion image has been repaired, and the outline of road is clearly visible."
3792,06066.png,Streetlight has Overexposure,Streetlight,Overexposure,Decrease Brightness,"The overexposure in the fusion image has been repaired, and the outline of streetlight is clearly visible."
3793,06067.png,Road has Overexposure,Road,Overexposure,Decrease Brightness,"The overexposure in the fusion image has been repaired, and the outline of road is clearly visible."
3794,06068.png,Car has Motion Blur,Car,Motion Blur,Sharpen,"The motion Blur in the fusion image has been sharpen, and the outline of car is clearly visible."
3795,06070.png,Streetlight has Overexposure,Streetlight,Overexposure,Decrease Brightness,"The overexposure in the fusion image has been repaired, and the outline of streetlight is clearly visible."
3796,06071.png,Road has Motion Blur,Road,Motion Blur,Sharpen,"The motion Blur in the fusion image has been sharpen, and the outline of road is clearly visible."
3797,06072.png,Car has Overexposure,Car,Overexposure,Decrease Brightness,"The overexposure in the fusion image has been repaired, and the outline of car is clearly visible."
3798,06073.png,Road has Motion Blur,Road,Motion Blur,Sharpen,"The motion Blur in the fusion image has been sharpen, and the outline of road is clearly visible."
3799,06076.png,Streetlight has Overexposure,Streetlight,Overexposure,Decrease Brightness,"The overexposure in the fusion image has been repaired, and the outline of streetlight is clearly visible."
3800,06077.png,Road has Motion Blur,Road,Motion Blur,Sharpen,"The motion Blur in the fusion image has been sharpen, and the outline of road is clearly visible."
3801,06081.png,Streetlight has Overexposure,Streetlight,Overexposure,Decrease Brightness,"The overexposure in the fusion image has been repaired, and the outline of streetlight is clearly visible."
3802,06082.png,Car has Overexposure,Car,Overexposure,Decrease Brightness,"The overexposure in the fusion image has been repaired, and the outline of car is clearly visible."
3803,06084.png,Car has Overexposure,Car,Overexposure,Decrease Brightness,"The overexposure in the fusion image has been repaired, and the outline of car is clearly visible."
3804,06085.png,Car has Overexposure,Car,Overexposure,Decrease Brightness,"The overexposure in the fusion image has been repaired, and the outline of car is clearly visible."
3805,06087.png,Car has Overexposure,Car,Overexposure,Decrease Brightness,"The overexposure in the fusion image has been repaired, and the outline of car is clearly visible."
3806,06088.png,Car has Overexposure,Car,Overexposure,Decrease Brightness,"The overexposure in the fusion image has been repaired, and the outline of car is clearly visible."
3807,06089.png,Car has Overexposure,Car,Overexposure,Decrease Brightness,"The overexposure in the fusion image has been repaired, and the outline of car is clearly visible."
3808,06090.png,Car has Overexposure,Car,Overexposure,Decrease Brightness,"The overexposure in the fusion image has been repaired, and the outline of car is clearly visible."
3809,06091.png,Car has Overexposure,Car,Overexposure,Decrease Brightness,"The overexposure in the fusion image has been repaired, and the outline of car is clearly visible."
3810,06092.png,Streetlight has Overexposure,Streetlight,Overexposure,Decrease Brightness,"The overexposure in the fusion image has been repaired, and the outline of streetlight is clearly visible."
3811,06093.png,Car has Overexposure,Car,Overexposure,Decrease Brightness,"The overexposure in the fusion image has been repaired, and the outline of car is clearly visible."
3812,06094.png,Car has Overexposure,Car,Overexposure,Decrease Brightness,"The overexposure in the fusion image has been repaired, and the outline of car is clearly visible."
3813,06095.png,Car has Overexposure,Car,Overexposure,Decrease Brightness,"The overexposure in the fusion image has been repaired, and the outline of car is clearly visible."
3814,06096.png,Car has Overexposure,Car,Overexposure,Decrease Brightness,"The overexposure in the fusion image has been repaired, and the outline of car is clearly visible."
3815,06097.png,Car has Overexposure,Car,Overexposure,Decrease Brightness,"The overexposure in the fusion image has been repaired, and the outline of car is clearly visible."
3816,06098.png,Car has Overexposure,Car,Overexposure,Decrease Brightness,"The overexposure in the fusion image has been repaired, and the outline of car is clearly visible."
3817,06099.png,Car has Overexposure,Car,Overexposure,Decrease Brightness,"The overexposure in the fusion image has been repaired, and the outline of car is clearly visible."
3818,06100.png,Car has Overexposure,Car,Overexposure,Decrease Brightness,"The overexposure in the fusion image has been repaired, and the outline of car is clearly visible."
3819,06102.png,Car has Overexposure,Car,Overexposure,Decrease Brightness,"The overexposure in the fusion image has been repaired, and the outline of car is clearly visible."
3820,06103.png,Road has Overexposure,Road,Overexposure,Decrease Brightness,"The overexposure in the fusion image has been repaired, and the outline of road is clearly visible."
3821,06104.png,Car has Overexposure,Car,Overexposure,Decrease Brightness,"The overexposure in the fusion image has been repaired, and the outline of car is clearly visible."
3822,06105.png,Car has Overexposure,Car,Overexposure,Decrease Brightness,"The overexposure in the fusion image has been repaired, and the outline of car is clearly visible."
3823,06106.png,Car has Overexposure,Car,Overexposure,Decrease Brightness,"The overexposure in the fusion image has been repaired, and the outline of car is clearly visible."
3824,06107.png,Car has Overexposure,Car,Overexposure,Decrease Brightness,"The overexposure in the fusion image has been repaired, and the outline of car is clearly visible."
3825,06108.png,Car has Overexposure,Car,Overexposure,Decrease Brightness,"The overexposure in the fusion image has been repaired, and the outline of car is clearly visible."
3826,06110.png,Car has Overexposure,Car,Overexposure,Decrease Brightness,"The overexposure in the fusion image has been repaired, and the outline of car is clearly visible."
3827,06112.png,Car has Overexposure,Car,Overexposure,Decrease Brightness,"The overexposure in the fusion image has been repaired, and the outline of car is clearly visible."
3828,06115.png,Car has Overexposure,Car,Overexposure,Decrease Brightness,"The overexposure in the fusion image has been repaired, and the outline of car is clearly visible."
3829,06116.png,Car has Overexposure,Car,Overexposure,Decrease Brightness,"The overexposure in the fusion image has been repaired, and the outline of car is clearly visible."
3830,06117.png,Car has Overexposure,Car,Overexposure,Decrease Brightness,"The overexposure in the fusion image has been repaired, and the outline of car is clearly visible."
3831,06118.png,Car has Overexposure,Car,Overexposure,Decrease Brightness,"The overexposure in the fusion image has been repaired, and the outline of car is clearly visible."
3832,06120.png,Car has Overexposure,Car,Overexposure,Decrease Brightness,"The overexposure in the fusion image has been repaired, and the outline of car is clearly visible."
3833,06122.png,Car has Overexposure,Car,Overexposure,Decrease Brightness,"The overexposure in the fusion image has been repaired, and the outline of car is clearly visible."
3834,06123.png,Car has Overexposure,Car,Overexposure,Decrease Brightness,"The overexposure in the fusion image has been repaired, and the outline of car is clearly visible."
3835,06124.png,Car has Overexposure,Car,Overexposure,Decrease Brightness,"The overexposure in the fusion image has been repaired, and the outline of car is clearly visible."
3836,06125.png,Road has Motion Blur,Road,Motion Blur,Sharpen,"The motion Blur in the fusion image has been sharpen, and the outline of road is clearly visible."
3837,06126.png,Streetlight has Overexposure,Streetlight,Overexposure,Decrease Brightness,"The overexposure in the fusion image has been repaired, and the outline of streetlight is clearly visible."
3838,06127.png,Car has Overexposure,Car,Overexposure,Decrease Brightness,"The overexposure in the fusion image has been repaired, and the outline of car is clearly visible."
3839,06128.png,Car has Overexposure,Car,Overexposure,Decrease Brightness,"The overexposure in the fusion image has been repaired, and the outline of car is clearly visible."
3840,06129.png,Car has Overexposure,Car,Overexposure,Decrease Brightness,"The overexposure in the fusion image has been repaired, and the outline of car is clearly visible."
3841,06130.png,Car has Overexposure,Car,Overexposure,Decrease Brightness,"The overexposure in the fusion image has been repaired, and the outline of car is clearly visible."
3842,06131.png,Car has Overexposure,Car,Overexposure,Decrease Brightness,"The overexposure in the fusion image has been repaired, and the outline of car is clearly visible."
3843,06132.png,Car has Overexposure,Car,Overexposure,Decrease Brightness,"The overexposure in the fusion image has been repaired, and the outline of car is clearly visible."
3844,06133.png,Car has Overexposure,Car,Overexposure,Decrease Brightness,"The overexposure in the fusion image has been repaired, and the outline of car is clearly visible."
3845,06134.png,Car has Overexposure,Car,Overexposure,Decrease Brightness,"The overexposure in the fusion image has been repaired, and the outline of car is clearly visible."
3846,06135.png,Car has Overexposure,Car,Overexposure,Decrease Brightness,"The overexposure in the fusion image has been repaired, and the outline of car is clearly visible."
3847,06136.png,Streetlight has Overexposure,Streetlight,Overexposure,Decrease Brightness,"The overexposure in the fusion image has been repaired, and the outline of streetlight is clearly visible."
3848,06137.png,Car has Overexposure,Car,Overexposure,Decrease Brightness,"The overexposure in the fusion image has been repaired, and the outline of car is clearly visible."
3849,06139.png,Car has Overexposure,Car,Overexposure,Decrease Brightness,"The overexposure in the fusion image has been repaired, and the outline of car is clearly visible."
3850,06140.png,Car has Overexposure,Car,Overexposure,Decrease Brightness,"The overexposure in the fusion image has been repaired, and the outline of car is clearly visible."
3851,06142.png,Car has Overexposure,Car,Overexposure,Decrease Brightness,"The overexposure in the fusion image has been repaired, and the outline of car is clearly visible."
3852,06143.png,Car has Overexposure,Car,Overexposure,Decrease Brightness,"The overexposure in the fusion image has been repaired, and the outline of car is clearly visible."
3853,06144.png,Car has Overexposure,Car,Overexposure,Decrease Brightness,"The overexposure in the fusion image has been repaired, and the outline of car is clearly visible."
3854,06145.png,Car has Overexposure,Car,Overexposure,Decrease Brightness,"The overexposure in the fusion image has been repaired, and the outline of car is clearly visible."
3855,06146.png,Car has Overexposure,Car,Overexposure,Decrease Brightness,"The overexposure in the fusion image has been repaired, and the outline of car is clearly visible."
3856,06147.png,Road has Overexposure,Road,Overexposure,Decrease Brightness,"The overexposure in the fusion image has been repaired, and the outline of road is clearly visible."
3857,06148.png,Car has Overexposure,Car,Overexposure,Decrease Brightness,"The overexposure in the fusion image has been repaired, and the outline of car is clearly visible."
3858,06150.png,Car has Overexposure,Car,Overexposure,Decrease Brightness,"The overexposure in the fusion image has been repaired, and the outline of car is clearly visible."
3859,06152.png,Car has Overexposure,Car,Overexposure,Decrease Brightness,"The overexposure in the fusion image has been repaired, and the outline of car is clearly visible."
3860,06153.png,Car has Overexposure,Car,Overexposure,Decrease Brightness,"The overexposure in the fusion image has been repaired, and the outline of car is clearly visible."
3861,06154.png,Car has Overexposure,Car,Overexposure,Decrease Brightness,"The overexposure in the fusion image has been repaired, and the outline of car is clearly visible."
3862,06155.png,Car has Overexposure,Car,Overexposure,Decrease Brightness,"The overexposure in the fusion image has been repaired, and the outline of car is clearly visible."
3863,06156.png,Car has Overexposure,Car,Overexposure,Decrease Brightness,"The overexposure in the fusion image has been repaired, and the outline of car is clearly visible."
3864,06157.png,Car has Overexposure,Car,Overexposure,Decrease Brightness,"The overexposure in the fusion image has been repaired, and the outline of car is clearly visible."
3865,06158.png,Streetlight has Overexposure,Streetlight,Overexposure,Decrease Brightness,"The overexposure in the fusion image has been repaired, and the outline of streetlight is clearly visible."
3866,06159.png,Streetlight has Overexposure,Streetlight,Overexposure,Decrease Brightness,"The overexposure in the fusion image has been repaired, and the outline of streetlight is clearly visible."
3867,06161.png,Car has Overexposure,Car,Overexposure,Decrease Brightness,"The overexposure in the fusion image has been repaired, and the outline of car is clearly visible."
3868,06162.png,Car has Overexposure,Car,Overexposure,Decrease Brightness,"The overexposure in the fusion image has been repaired, and the outline of car is clearly visible."
3869,06163.png,Car has Overexposure,Car,Overexposure,Decrease Brightness,"The overexposure in the fusion image has been repaired, and the outline of car is clearly visible."
3870,06164.png,Car has Overexposure,Car,Overexposure,Decrease Brightness,"The overexposure in the fusion image has been repaired, and the outline of car is clearly visible."
3871,06165.png,Car has Overexposure,Car,Overexposure,Decrease Brightness,"The overexposure in the fusion image has been repaired, and the outline of car is clearly visible."
3872,06167.png,Car has Overexposure,Car,Overexposure,Decrease Brightness,"The overexposure in the fusion image has been repaired, and the outline of car is clearly visible."
3873,06168.png,Car has Overexposure,Car,Overexposure,Decrease Brightness,"The overexposure in the fusion image has been repaired, and the outline of car is clearly visible."
3874,06170.png,Road has Overexposure,Road,Overexposure,Decrease Brightness,"The overexposure in the fusion image has been repaired, and the outline of road is clearly visible."
3875,06172.png,Road has Overexposure,Road,Overexposure,Decrease Brightness,"The overexposure in the fusion image has been repaired, and the outline of road is clearly visible."
3876,06173.png,Streetlight has Overexposure,Streetlight,Overexposure,Decrease Brightness,"The overexposure in the fusion image has been repaired, and the outline of streetlight is clearly visible."
3877,06174.png,Streetlight has Overexposure,Streetlight,Overexposure,Decrease Brightness,"The overexposure in the fusion image has been repaired, and the outline of streetlight is clearly visible."
3878,06175.png,Streetlight has Overexposure,Streetlight,Overexposure,Decrease Brightness,"The overexposure in the fusion image has been repaired, and the outline of streetlight is clearly visible."
3879,06176.png,Streetlight has Overexposure,Streetlight,Overexposure,Decrease Brightness,"The overexposure in the fusion image has been repaired, and the outline of streetlight is clearly visible."
3880,06177.png,Streetlight has Overexposure,Streetlight,Overexposure,Decrease Brightness,"The overexposure in the fusion image has been repaired, and the outline of streetlight is clearly visible."
3881,06178.png,Streetlight has Overexposure,Streetlight,Overexposure,Decrease Brightness,"The overexposure in the fusion image has been repaired, and the outline of streetlight is clearly visible."
3882,06179.png,Streetlight has Overexposure,Streetlight,Overexposure,Decrease Brightness,"The overexposure in the fusion image has been repaired, and the outline of streetlight is clearly visible."
3883,06180.png,Streetlight has Overexposure,Streetlight,Overexposure,Decrease Brightness,"The overexposure in the fusion image has been repaired, and the outline of streetlight is clearly visible."
3884,06182.png,Road has Motion Blur,Road,Motion Blur,Sharpen,"The motion Blur in the fusion image has been sharpen, and the outline of road is clearly visible."
3885,06183.png,Streetlight has Overexposure,Streetlight,Overexposure,Decrease Brightness,"The overexposure in the fusion image has been repaired, and the outline of streetlight is clearly visible."
3886,06185.png,Car has Motion Blur,Car,Motion Blur,Sharpen,"The motion Blur in the fusion image has been sharpen, and the outline of car is clearly visible."
3887,06186.png,Car has Motion Blur,Car,Motion Blur,Sharpen,"The motion Blur in the fusion image has been sharpen, and the outline of car is clearly visible."
3888,06188.png,Road has Overexposure,Road,Overexposure,Decrease Brightness,"The overexposure in the fusion image has been repaired, and the outline of road is clearly visible."
3889,06190.png,Road has Overexposure,Road,Overexposure,Decrease Brightness,"The overexposure in the fusion image has been repaired, and the outline of road is clearly visible."
3890,06191.png,Car has Overexposure,Car,Overexposure,Decrease Brightness,"The overexposure in the fusion image has been repaired, and the outline of car is clearly visible."
3891,06192.png,Car has Overexposure,Car,Overexposure,Decrease Brightness,"The overexposure in the fusion image has been repaired, and the outline of car is clearly visible."
3892,06194.png,Car has Overexposure,Car,Overexposure,Decrease Brightness,"The overexposure in the fusion image has been repaired, and the outline of car is clearly visible."
3893,06195.png,Car has Overexposure,Car,Overexposure,Decrease Brightness,"The overexposure in the fusion image has been repaired, and the outline of car is clearly visible."
3894,06197.png,Car has Overexposure,Car,Overexposure,Decrease Brightness,"The overexposure in the fusion image has been repaired, and the outline of car is clearly visible."
3895,06198.png,Car has Overexposure,Car,Overexposure,Decrease Brightness,"The overexposure in the fusion image has been repaired, and the outline of car is clearly visible."
3896,06201.png,Car has Overexposure,Car,Overexposure,Decrease Brightness,"The overexposure in the fusion image has been repaired, and the outline of car is clearly visible."
3897,06202.png,Car has Overexposure,Car,Overexposure,Decrease Brightness,"The overexposure in the fusion image has been repaired, and the outline of car is clearly visible."
3898,06203.png,Car has Overexposure,Car,Overexposure,Decrease Brightness,"The overexposure in the fusion image has been repaired, and the outline of car is clearly visible."
3899,06204.png,Car has Overexposure,Car,Overexposure,Decrease Brightness,"The overexposure in the fusion image has been repaired, and the outline of car is clearly visible."
3900,06205.png,Car has Motion Blur,Car,Motion Blur,Sharpen,"The motion Blur in the fusion image has been sharpen, and the outline of car is clearly visible."
3901,06206.png,Car has Motion Blur,Car,Motion Blur,Sharpen,"The motion Blur in the fusion image has been sharpen, and the outline of car is clearly visible."
3902,06208.png,Car has Overexposure,Car,Overexposure,Decrease Brightness,"The overexposure in the fusion image has been repaired, and the outline of car is clearly visible."
3903,06209.png,Car has Motion Blur,Car,Motion Blur,Sharpen,"The motion Blur in the fusion image has been sharpen, and the outline of car is clearly visible."
3904,06210.png,Road has Overexposure,Road,Overexposure,Decrease Brightness,"The overexposure in the fusion image has been repaired, and the outline of road is clearly visible."
3905,06211.png,Car has Overexposure,Car,Overexposure,Decrease Brightness,"The overexposure in the fusion image has been repaired, and the outline of car is clearly visible."
3906,06212.png,Streetlight has Overexposure,Streetlight,Overexposure,Decrease Brightness,"The overexposure in the fusion image has been repaired, and the outline of streetlight is clearly visible."
3907,06213.png,Road has Overexposure,Road,Overexposure,Decrease Brightness,"The overexposure in the fusion image has been repaired, and the outline of road is clearly visible."
3908,06214.png,Car has Overexposure,Car,Overexposure,Decrease Brightness,"The overexposure in the fusion image has been repaired, and the outline of car is clearly visible."
3909,06215.png,Car has Overexposure,Car,Overexposure,Decrease Brightness,"The overexposure in the fusion image has been repaired, and the outline of car is clearly visible."
3910,06216.png,Road has Motion Blur,Road,Motion Blur,Sharpen,"The motion Blur in the fusion image has been sharpen, and the outline of road is clearly visible."
3911,06217.png,Car has Motion Blur,Car,Motion Blur,Sharpen,"The motion Blur in the fusion image has been sharpen, and the outline of car is clearly visible."
3912,06218.png,Road has Motion Blur,Road,Motion Blur,Sharpen,"The motion Blur in the fusion image has been sharpen, and the outline of road is clearly visible."
3913,06219.png,Car has Motion Blur,Car,Motion Blur,Sharpen,"The motion Blur in the fusion image has been sharpen, and the outline of car is clearly visible."
3914,06221.png,Car has Motion Blur,Car,Motion Blur,Sharpen,"The motion Blur in the fusion image has been sharpen, and the outline of car is clearly visible."
3915,06222.png,Road has Motion Blur,Road,Motion Blur,Sharpen,"The motion Blur in the fusion image has been sharpen, and the outline of road is clearly visible."
3916,06223.png,Road has Motion Blur,Road,Motion Blur,Sharpen,"The motion Blur in the fusion image has been sharpen, and the outline of road is clearly visible."
3917,06224.png,Road has Overexposure,Road,Overexposure,Decrease Brightness,"The overexposure in the fusion image has been repaired, and the outline of road is clearly visible."
3918,06225.png,Car has Overexposure,Car,Overexposure,Decrease Brightness,"The overexposure in the fusion image has been repaired, and the outline of car is clearly visible."
3919,06228.png,Road has Overexposure,Road,Overexposure,Decrease Brightness,"The overexposure in the fusion image has been repaired, and the outline of road is clearly visible."
3920,06229.png,Car has Motion Blur,Car,Motion Blur,Sharpen,"The motion Blur in the fusion image has been sharpen, and the outline of car is clearly visible."
3921,06230.png,Car has Motion Blur,Car,Motion Blur,Sharpen,"The motion Blur in the fusion image has been sharpen, and the outline of car is clearly visible."
3922,06231.png,Car has Motion Blur,Car,Motion Blur,Sharpen,"The motion Blur in the fusion image has been sharpen, and the outline of car is clearly visible."
3923,06232.png,Car has Motion Blur,Car,Motion Blur,Sharpen,"The motion Blur in the fusion image has been sharpen, and the outline of car is clearly visible."
3924,06236.png,Car has Overexposure,Car,Overexposure,Decrease Brightness,"The overexposure in the fusion image has been repaired, and the outline of car is clearly visible."
3925,06237.png,Road has Overexposure,Road,Overexposure,Decrease Brightness,"The overexposure in the fusion image has been repaired, and the outline of road is clearly visible."
3926,06239.png,Road has Overexposure,Road,Overexposure,Decrease Brightness,"The overexposure in the fusion image has been repaired, and the outline of road is clearly visible."
3927,06240.png,Road has Overexposure,Road,Overexposure,Decrease Brightness,"The overexposure in the fusion image has been repaired, and the outline of road is clearly visible."
3928,06241.png,Road has Overexposure,Road,Overexposure,Decrease Brightness,"The overexposure in the fusion image has been repaired, and the outline of road is clearly visible."
3929,06243.png,Road has Overexposure,Road,Overexposure,Decrease Brightness,"The overexposure in the fusion image has been repaired, and the outline of road is clearly visible."
3930,06245.png,Streetlight has Overexposure,Streetlight,Overexposure,Decrease Brightness,"The overexposure in the fusion image has been repaired, and the outline of streetlight is clearly visible."
3931,06247.png,Car has Overexposure,Car,Overexposure,Decrease Brightness,"The overexposure in the fusion image has been repaired, and the outline of car is clearly visible."
3932,06248.png,Streetlight has Overexposure,Streetlight,Overexposure,Decrease Brightness,"The overexposure in the fusion image has been repaired, and the outline of streetlight is clearly visible."
3933,06249.png,Road has Overexposure,Road,Overexposure,Decrease Brightness,"The overexposure in the fusion image has been repaired, and the outline of road is clearly visible."
3934,06250.png,Road has Motion Blur,Road,Motion Blur,Sharpen,"The motion Blur in the fusion image has been sharpen, and the outline of road is clearly visible."
3935,06251.png,Road has Overexposure,Road,Overexposure,Decrease Brightness,"The overexposure in the fusion image has been repaired, and the outline of road is clearly visible."
3936,06252.png,Road has Overexposure,Road,Overexposure,Decrease Brightness,"The overexposure in the fusion image has been repaired, and the outline of road is clearly visible."
3937,06254.png,Road has Overexposure,Road,Overexposure,Decrease Brightness,"The overexposure in the fusion image has been repaired, and the outline of road is clearly visible."
3938,06255.png,Road has Overexposure,Road,Overexposure,Decrease Brightness,"The overexposure in the fusion image has been repaired, and the outline of road is clearly visible."
3939,06256.png,Car has Overexposure,Car,Overexposure,Decrease Brightness,"The overexposure in the fusion image has been repaired, and the outline of car is clearly visible."
3940,06257.png,Car has Overexposure,Car,Overexposure,Decrease Brightness,"The overexposure in the fusion image has been repaired, and the outline of car is clearly visible."
3941,06258.png,Car has Overexposure,Car,Overexposure,Decrease Brightness,"The overexposure in the fusion image has been repaired, and the outline of car is clearly visible."
3942,06259.png,Car has Overexposure,Car,Overexposure,Decrease Brightness,"The overexposure in the fusion image has been repaired, and the outline of car is clearly visible."
3943,06260.png,Car has Overexposure,Car,Overexposure,Decrease Brightness,"The overexposure in the fusion image has been repaired, and the outline of car is clearly visible."
3944,06261.png,Car has Overexposure,Car,Overexposure,Decrease Brightness,"The overexposure in the fusion image has been repaired, and the outline of car is clearly visible."
3945,06262.png,Car has Overexposure,Car,Overexposure,Decrease Brightness,"The overexposure in the fusion image has been repaired, and the outline of car is clearly visible."
3946,06263.png,Car has Overexposure,Car,Overexposure,Decrease Brightness,"The overexposure in the fusion image has been repaired, and the outline of car is clearly visible."
3947,06264.png,Car has Overexposure,Car,Overexposure,Decrease Brightness,"The overexposure in the fusion image has been repaired, and the outline of car is clearly visible."
3948,06265.png,Car has Overexposure,Car,Overexposure,Decrease Brightness,"The overexposure in the fusion image has been repaired, and the outline of car is clearly visible."
3949,06266.png,Car has Overexposure,Car,Overexposure,Decrease Brightness,"The overexposure in the fusion image has been repaired, and the outline of car is clearly visible."
3950,06267.png,Car has Overexposure,Car,Overexposure,Decrease Brightness,"The overexposure in the fusion image has been repaired, and the outline of car is clearly visible."
3951,06270.png,Car has Overexposure,Car,Overexposure,Decrease Brightness,"The overexposure in the fusion image has been repaired, and the outline of car is clearly visible."
3952,06272.png,Car has Overexposure,Car,Overexposure,Decrease Brightness,"The overexposure in the fusion image has been repaired, and the outline of car is clearly visible."
3953,06275.png,Car has Overexposure,Car,Overexposure,Decrease Brightness,"The overexposure in the fusion image has been repaired, and the outline of car is clearly visible."
3954,06277.png,Car has Overexposure,Car,Overexposure,Decrease Brightness,"The overexposure in the fusion image has been repaired, and the outline of car is clearly visible."
3955,06278.png,Car has Overexposure,Car,Overexposure,Decrease Brightness,"The overexposure in the fusion image has been repaired, and the outline of car is clearly visible."
3956,06279.png,Car has Overexposure,Car,Overexposure,Decrease Brightness,"The overexposure in the fusion image has been repaired, and the outline of car is clearly visible."
3957,06281.png,Car has Overexposure,Car,Overexposure,Decrease Brightness,"The overexposure in the fusion image has been repaired, and the outline of car is clearly visible."
3958,06282.png,Car has Overexposure,Car,Overexposure,Decrease Brightness,"The overexposure in the fusion image has been repaired, and the outline of car is clearly visible."
3959,06283.png,Car has Overexposure,Car,Overexposure,Decrease Brightness,"The overexposure in the fusion image has been repaired, and the outline of car is clearly visible."
3960,06286.png,Car has Overexposure,Car,Overexposure,Decrease Brightness,"The overexposure in the fusion image has been repaired, and the outline of car is clearly visible."
3961,06287.png,Car has Overexposure,Car,Overexposure,Decrease Brightness,"The overexposure in the fusion image has been repaired, and the outline of car is clearly visible."
3962,06288.png,Car has Overexposure,Car,Overexposure,Decrease Brightness,"The overexposure in the fusion image has been repaired, and the outline of car is clearly visible."
3963,06290.png,Car has Overexposure,Car,Overexposure,Decrease Brightness,"The overexposure in the fusion image has been repaired, and the outline of car is clearly visible."
3964,06293.png,Car has Overexposure,Car,Overexposure,Decrease Brightness,"The overexposure in the fusion image has been repaired, and the outline of car is clearly visible."
3965,06294.png,Car has Overexposure,Car,Overexposure,Decrease Brightness,"The overexposure in the fusion image has been repaired, and the outline of car is clearly visible."
3966,06295.png,Car has Overexposure,Car,Overexposure,Decrease Brightness,"The overexposure in the fusion image has been repaired, and the outline of car is clearly visible."
3967,06296.png,Car has Overexposure,Car,Overexposure,Decrease Brightness,"The overexposure in the fusion image has been repaired, and the outline of car is clearly visible."
3968,06298.png,Car has Overexposure,Car,Overexposure,Decrease Brightness,"The overexposure in the fusion image has been repaired, and the outline of car is clearly visible."
3969,06299.png,Car has Overexposure,Car,Overexposure,Decrease Brightness,"The overexposure in the fusion image has been repaired, and the outline of car is clearly visible."
3970,06300.png,Car has Overexposure,Car,Overexposure,Decrease Brightness,"The overexposure in the fusion image has been repaired, and the outline of car is clearly visible."
3971,06302.png,Car has Overexposure,Car,Overexposure,Decrease Brightness,"The overexposure in the fusion image has been repaired, and the outline of car is clearly visible."
3972,06308.png,Road has Overexposure,Road,Overexposure,Decrease Brightness,"The overexposure in the fusion image has been repaired, and the outline of road is clearly visible."
3973,06309.png,Road has Overexposure,Road,Overexposure,Decrease Brightness,"The overexposure in the fusion image has been repaired, and the outline of road is clearly visible."
3974,06310.png,Car has Low Contrast,Car,Low Contrast,Enhance Contrast,"The contrast in the fusion image has been enhanced, and the outline of car is clearly visible."
3975,06311.png,Car has Overexposure,Car,Overexposure,Decrease Brightness,"The overexposure in the fusion image has been repaired, and the outline of car is clearly visible."
3976,06312.png,Road has Overexposure,Road,Overexposure,Decrease Brightness,"The overexposure in the fusion image has been repaired, and the outline of road is clearly visible."
3977,06313.png,Road has Overexposure,Road,Overexposure,Decrease Brightness,"The overexposure in the fusion image has been repaired, and the outline of road is clearly visible."
3978,06314.png,Car has Overexposure,Car,Overexposure,Decrease Brightness,"The overexposure in the fusion image has been repaired, and the outline of car is clearly visible."
3979,06315.png,Road has Overexposure,Road,Overexposure,Decrease Brightness,"The overexposure in the fusion image has been repaired, and the outline of road is clearly visible."
3980,06316.png,Streetlight has Overexposure,Streetlight,Overexposure,Decrease Brightness,"The overexposure in the fusion image has been repaired, and the outline of streetlight is clearly visible."
3981,06333.png,Car has Overexposure,Car,Overexposure,Decrease Brightness,"The overexposure in the fusion image has been repaired, and the outline of car is clearly visible."
3982,06335.png,Car has Overexposure,Car,Overexposure,Decrease Brightness,"The overexposure in the fusion image has been repaired, and the outline of car is clearly visible."
3983,06336.png,Car has Overexposure,Car,Overexposure,Decrease Brightness,"The overexposure in the fusion image has been repaired, and the outline of car is clearly visible."
3984,06337.png,Car has Overexposure,Car,Overexposure,Decrease Brightness,"The overexposure in the fusion image has been repaired, and the outline of car is clearly visible."
3985,06338.png,Car has Overexposure,Car,Overexposure,Decrease Brightness,"The overexposure in the fusion image has been repaired, and the outline of car is clearly visible."
3986,06339.png,Car has Overexposure,Car,Overexposure,Decrease Brightness,"The overexposure in the fusion image has been repaired, and the outline of car is clearly visible."
3987,06340.png,Car has Overexposure,Car,Overexposure,Decrease Brightness,"The overexposure in the fusion image has been repaired, and the outline of car is clearly visible."
3988,06341.png,Car has Overexposure,Car,Overexposure,Decrease Brightness,"The overexposure in the fusion image has been repaired, and the outline of car is clearly visible."
3989,06342.png,Car has Overexposure,Car,Overexposure,Decrease Brightness,"The overexposure in the fusion image has been repaired, and the outline of car is clearly visible."
3990,06343.png,Car has Overexposure,Car,Overexposure,Decrease Brightness,"The overexposure in the fusion image has been repaired, and the outline of car is clearly visible."
3991,06344.png,Car has Overexposure,Car,Overexposure,Decrease Brightness,"The overexposure in the fusion image has been repaired, and the outline of car is clearly visible."
3992,06345.png,Car has Overexposure,Car,Overexposure,Decrease Brightness,"The overexposure in the fusion image has been repaired, and the outline of car is clearly visible."
3993,06346.png,Car has Overexposure,Car,Overexposure,Decrease Brightness,"The overexposure in the fusion image has been repaired, and the outline of car is clearly visible."
3994,06347.png,Car has Overexposure,Car,Overexposure,Decrease Brightness,"The overexposure in the fusion image has been repaired, and the outline of car is clearly visible."
3995,06348.png,Car has Overexposure,Car,Overexposure,Decrease Brightness,"The overexposure in the fusion image has been repaired, and the outline of car is clearly visible."
3996,06349.png,Car has Overexposure,Car,Overexposure,Decrease Brightness,"The overexposure in the fusion image has been repaired, and the outline of car is clearly visible."
3997,06350.png,Car has Overexposure,Car,Overexposure,Decrease Brightness,"The overexposure in the fusion image has been repaired, and the outline of car is clearly visible."
3998,06351.png,Car has Overexposure,Car,Overexposure,Decrease Brightness,"The overexposure in the fusion image has been repaired, and the outline of car is clearly visible."
3999,06353.png,Car has Overexposure,Car,Overexposure,Decrease Brightness,"The overexposure in the fusion image has been repaired, and the outline of car is clearly visible."
4000,06354.png,Car has Overexposure,Car,Overexposure,Decrease Brightness,"The overexposure in the fusion image has been repaired, and the outline of car is clearly visible."
4001,06356.png,Car has Overexposure,Car,Overexposure,Decrease Brightness,"The overexposure in the fusion image has been repaired, and the outline of car is clearly visible."
4002,06357.png,Car has Overexposure,Car,Overexposure,Decrease Brightness,"The overexposure in the fusion image has been repaired, and the outline of car is clearly visible."
4003,06358.png,Car has Overexposure,Car,Overexposure,Decrease Brightness,"The overexposure in the fusion image has been repaired, and the outline of car is clearly visible."
4004,06359.png,Car has Motion Blur,Car,Motion Blur,Sharpen,"The motion Blur in the fusion image has been sharpen, and the outline of car is clearly visible."
4005,06360.png,Streetlight has Overexposure,Streetlight,Overexposure,Decrease Brightness,"The overexposure in the fusion image has been repaired, and the outline of streetlight is clearly visible."
4006,06363.png,Car has Overexposure,Car,Overexposure,Decrease Brightness,"The overexposure in the fusion image has been repaired, and the outline of car is clearly visible."
4007,06365.png,Car has Overexposure,Car,Overexposure,Decrease Brightness,"The overexposure in the fusion image has been repaired, and the outline of car is clearly visible."
4008,06366.png,Car has Overexposure,Car,Overexposure,Decrease Brightness,"The overexposure in the fusion image has been repaired, and the outline of car is clearly visible."
4009,06367.png,Car has Overexposure,Car,Overexposure,Decrease Brightness,"The overexposure in the fusion image has been repaired, and the outline of car is clearly visible."
4010,06369.png,Car has Overexposure,Car,Overexposure,Decrease Brightness,"The overexposure in the fusion image has been repaired, and the outline of car is clearly visible."
4011,06370.png,Road has Overexposure,Road,Overexposure,Decrease Brightness,"The overexposure in the fusion image has been repaired, and the outline of road is clearly visible."
4012,06371.png,Road has Motion Blur,Road,Motion Blur,Sharpen,"The motion Blur in the fusion image has been sharpen, and the outline of road is clearly visible."
4013,06372.png,Road has Overexposure,Road,Overexposure,Decrease Brightness,"The overexposure in the fusion image has been repaired, and the outline of road is clearly visible."
4014,06373.png,Road has Overexposure,Road,Overexposure,Decrease Brightness,"The overexposure in the fusion image has been repaired, and the outline of road is clearly visible."
4015,06374.png,Car has Overexposure,Car,Overexposure,Decrease Brightness,"The overexposure in the fusion image has been repaired, and the outline of car is clearly visible."
4016,06375.png,Car has Overexposure,Car,Overexposure,Decrease Brightness,"The overexposure in the fusion image has been repaired, and the outline of car is clearly visible."
4017,06376.png,Car has Overexposure,Car,Overexposure,Decrease Brightness,"The overexposure in the fusion image has been repaired, and the outline of car is clearly visible."
4018,06377.png,Car has Overexposure,Car,Overexposure,Decrease Brightness,"The overexposure in the fusion image has been repaired, and the outline of car is clearly visible."
4019,06378.png,Car has Overexposure,Car,Overexposure,Decrease Brightness,"The overexposure in the fusion image has been repaired, and the outline of car is clearly visible."
4020,06380.png,Road has Overexposure,Road,Overexposure,Decrease Brightness,"The overexposure in the fusion image has been repaired, and the outline of road is clearly visible."
4021,06381.png,Car has Overexposure,Car,Overexposure,Decrease Brightness,"The overexposure in the fusion image has been repaired, and the outline of car is clearly visible."
4022,06383.png,Car has Overexposure,Car,Overexposure,Decrease Brightness,"The overexposure in the fusion image has been repaired, and the outline of car is clearly visible."
4023,06384.png,Car has Overexposure,Car,Overexposure,Decrease Brightness,"The overexposure in the fusion image has been repaired, and the outline of car is clearly visible."
4024,06385.png,Car has Overexposure,Car,Overexposure,Decrease Brightness,"The overexposure in the fusion image has been repaired, and the outline of car is clearly visible."
4025,06386.png,Car has Overexposure,Car,Overexposure,Decrease Brightness,"The overexposure in the fusion image has been repaired, and the outline of car is clearly visible."
4026,06387.png,Car has Overexposure,Car,Overexposure,Decrease Brightness,"The overexposure in the fusion image has been repaired, and the outline of car is clearly visible."
4027,06388.png,Car has Overexposure,Car,Overexposure,Decrease Brightness,"The overexposure in the fusion image has been repaired, and the outline of car is clearly visible."
4028,06389.png,Car has Overexposure,Car,Overexposure,Decrease Brightness,"The overexposure in the fusion image has been repaired, and the outline of car is clearly visible."
4029,06390.png,Car has Overexposure,Car,Overexposure,Decrease Brightness,"The overexposure in the fusion image has been repaired, and the outline of car is clearly visible."
4030,06391.png,Car has Overexposure,Car,Overexposure,Decrease Brightness,"The overexposure in the fusion image has been repaired, and the outline of car is clearly visible."
4031,06392.png,Car has Overexposure,Car,Overexposure,Decrease Brightness,"The overexposure in the fusion image has been repaired, and the outline of car is clearly visible."
4032,06394.png,Car has Overexposure,Car,Overexposure,Decrease Brightness,"The overexposure in the fusion image has been repaired, and the outline of car is clearly visible."
4033,06395.png,Car has Overexposure,Car,Overexposure,Decrease Brightness,"The overexposure in the fusion image has been repaired, and the outline of car is clearly visible."
4034,06396.png,Car has Overexposure,Car,Overexposure,Decrease Brightness,"The overexposure in the fusion image has been repaired, and the outline of car is clearly visible."
4035,06397.png,Car has Overexposure,Car,Overexposure,Decrease Brightness,"The overexposure in the fusion image has been repaired, and the outline of car is clearly visible."
4036,06398.png,Car has Overexposure,Car,Overexposure,Decrease Brightness,"The overexposure in the fusion image has been repaired, and the outline of car is clearly visible."
4037,06399.png,Car has Overexposure,Car,Overexposure,Decrease Brightness,"The overexposure in the fusion image has been repaired, and the outline of car is clearly visible."
4038,06400.png,Car has Overexposure,Car,Overexposure,Decrease Brightness,"The overexposure in the fusion image has been repaired, and the outline of car is clearly visible."
4039,06402.png,Car has Overexposure,Car,Overexposure,Decrease Brightness,"The overexposure in the fusion image has been repaired, and the outline of car is clearly visible."
4040,06403.png,Car has Overexposure,Car,Overexposure,Decrease Brightness,"The overexposure in the fusion image has been repaired, and the outline of car is clearly visible."
4041,06404.png,Car has Overexposure,Car,Overexposure,Decrease Brightness,"The overexposure in the fusion image has been repaired, and the outline of car is clearly visible."
4042,06405.png,Car has Overexposure,Car,Overexposure,Decrease Brightness,"The overexposure in the fusion image has been repaired, and the outline of car is clearly visible."
4043,06406.png,Car has Overexposure,Car,Overexposure,Decrease Brightness,"The overexposure in the fusion image has been repaired, and the outline of car is clearly visible."
4044,06408.png,Car has Overexposure,Car,Overexposure,Decrease Brightness,"The overexposure in the fusion image has been repaired, and the outline of car is clearly visible."
4045,06409.png,Car has Overexposure,Car,Overexposure,Decrease Brightness,"The overexposure in the fusion image has been repaired, and the outline of car is clearly visible."
4046,06411.png,Car has Overexposure,Car,Overexposure,Decrease Brightness,"The overexposure in the fusion image has been repaired, and the outline of car is clearly visible."
4047,06412.png,Car has Overexposure,Car,Overexposure,Decrease Brightness,"The overexposure in the fusion image has been repaired, and the outline of car is clearly visible."
4048,06413.png,Car has Overexposure,Car,Overexposure,Decrease Brightness,"The overexposure in the fusion image has been repaired, and the outline of car is clearly visible."
4049,06415.png,Car has Motion Blur,Car,Motion Blur,Sharpen,"The motion Blur in the fusion image has been sharpen, and the outline of car is clearly visible."
4050,06416.png,Streetlight has Overexposure,Streetlight,Overexposure,Decrease Brightness,"The overexposure in the fusion image has been repaired, and the outline of streetlight is clearly visible."
4051,06417.png,Car has Overexposure,Car,Overexposure,Decrease Brightness,"The overexposure in the fusion image has been repaired, and the outline of car is clearly visible."
4052,06418.png,Car has Overexposure,Car,Overexposure,Decrease Brightness,"The overexposure in the fusion image has been repaired, and the outline of car is clearly visible."
4053,06419.png,Car has Motion Blur,Car,Motion Blur,Sharpen,"The motion Blur in the fusion image has been sharpen, and the outline of car is clearly visible."
4054,06420.png,Road has Overexposure,Road,Overexposure,Decrease Brightness,"The overexposure in the fusion image has been repaired, and the outline of road is clearly visible."
4055,06422.png,Streetlight has Overexposure,Streetlight,Overexposure,Decrease Brightness,"The overexposure in the fusion image has been repaired, and the outline of streetlight is clearly visible."
4056,06423.png,Road has Overexposure,Road,Overexposure,Decrease Brightness,"The overexposure in the fusion image has been repaired, and the outline of road is clearly visible."
4057,06425.png,Car has Overexposure,Car,Overexposure,Decrease Brightness,"The overexposure in the fusion image has been repaired, and the outline of car is clearly visible."
4058,06426.png,Road has Motion Blur,Road,Motion Blur,Sharpen,"The motion Blur in the fusion image has been sharpen, and the outline of road is clearly visible."
4059,06427.png,Streetlight has Overexposure,Streetlight,Overexposure,Decrease Brightness,"The overexposure in the fusion image has been repaired, and the outline of streetlight is clearly visible."
4060,06430.png,Streetlight has Overexposure,Streetlight,Overexposure,Decrease Brightness,"The overexposure in the fusion image has been repaired, and the outline of streetlight is clearly visible."
4061,06431.png,Road has Overexposure,Road,Overexposure,Decrease Brightness,"The overexposure in the fusion image has been repaired, and the outline of road is clearly visible."
4062,06432.png,Car has Motion Blur,Car,Motion Blur,Sharpen,"The motion Blur in the fusion image has been sharpen, and the outline of car is clearly visible."
4063,06436.png,Car has Overexposure,Car,Overexposure,Decrease Brightness,"The overexposure in the fusion image has been repaired, and the outline of car is clearly visible."
4064,06439.png,Car has Overexposure,Car,Overexposure,Decrease Brightness,"The overexposure in the fusion image has been repaired, and the outline of car is clearly visible."
4065,06440.png,Car has Overexposure,Car,Overexposure,Decrease Brightness,"The overexposure in the fusion image has been repaired, and the outline of car is clearly visible."
4066,06441.png,Car has Motion Blur,Car,Motion Blur,Sharpen,"The motion Blur in the fusion image has been sharpen, and the outline of car is clearly visible."
4067,06442.png,Car has Motion Blur,Car,Motion Blur,Sharpen,"The motion Blur in the fusion image has been sharpen, and the outline of car is clearly visible."
4068,06443.png,Road has Motion Blur,Road,Motion Blur,Sharpen,"The motion Blur in the fusion image has been sharpen, and the outline of road is clearly visible."
4069,06444.png,Road has Motion Blur,Road,Motion Blur,Sharpen,"The motion Blur in the fusion image has been sharpen, and the outline of road is clearly visible."
4070,06445.png,Road has Motion Blur,Road,Motion Blur,Sharpen,"The motion Blur in the fusion image has been sharpen, and the outline of road is clearly visible."
4071,06446.png,Road has Motion Blur,Road,Motion Blur,Sharpen,"The motion Blur in the fusion image has been sharpen, and the outline of road is clearly visible."
4072,06448.png,Road has Motion Blur,Road,Motion Blur,Sharpen,"The motion Blur in the fusion image has been sharpen, and the outline of road is clearly visible."
4073,06449.png,Road has Motion Blur,Road,Motion Blur,Sharpen,"The motion Blur in the fusion image has been sharpen, and the outline of road is clearly visible."
4074,06450.png,Road has Motion Blur,Road,Motion Blur,Sharpen,"The motion Blur in the fusion image has been sharpen, and the outline of road is clearly visible."
4075,06451.png,Road has Overexposure,Road,Overexposure,Decrease Brightness,"The overexposure in the fusion image has been repaired, and the outline of road is clearly visible."
4076,06453.png,Streetlight has Overexposure,Streetlight,Overexposure,Decrease Brightness,"The overexposure in the fusion image has been repaired, and the outline of streetlight is clearly visible."
4077,06454.png,Streetlight has Overexposure,Streetlight,Overexposure,Decrease Brightness,"The overexposure in the fusion image has been repaired, and the outline of streetlight is clearly visible."
4078,06455.png,Streetlight has Overexposure,Streetlight,Overexposure,Decrease Brightness,"The overexposure in the fusion image has been repaired, and the outline of streetlight is clearly visible."
4079,06456.png,Streetlight has Overexposure,Streetlight,Overexposure,Decrease Brightness,"The overexposure in the fusion image has been repaired, and the outline of streetlight is clearly visible."
4080,06457.png,Road has Overexposure,Road,Overexposure,Decrease Brightness,"The overexposure in the fusion image has been repaired, and the outline of road is clearly visible."
4081,06460.png,Car has Overexposure,Car,Overexposure,Decrease Brightness,"The overexposure in the fusion image has been repaired, and the outline of car is clearly visible."
4082,06461.png,Car has Overexposure,Car,Overexposure,Decrease Brightness,"The overexposure in the fusion image has been repaired, and the outline of car is clearly visible."
4083,06462.png,Car has Overexposure,Car,Overexposure,Decrease Brightness,"The overexposure in the fusion image has been repaired, and the outline of car is clearly visible."
4084,06463.png,Car has Overexposure,Car,Overexposure,Decrease Brightness,"The overexposure in the fusion image has been repaired, and the outline of car is clearly visible."
4085,06464.png,Car has Overexposure,Car,Overexposure,Decrease Brightness,"The overexposure in the fusion image has been repaired, and the outline of car is clearly visible."
4086,06465.png,Car has Overexposure,Car,Overexposure,Decrease Brightness,"The overexposure in the fusion image has been repaired, and the outline of car is clearly visible."
4087,06466.png,Car has Overexposure,Car,Overexposure,Decrease Brightness,"The overexposure in the fusion image has been repaired, and the outline of car is clearly visible."
4088,06467.png,Car has Overexposure,Car,Overexposure,Decrease Brightness,"The overexposure in the fusion image has been repaired, and the outline of car is clearly visible."
4089,06468.png,Car has Overexposure,Car,Overexposure,Decrease Brightness,"The overexposure in the fusion image has been repaired, and the outline of car is clearly visible."
4090,06470.png,Car has Overexposure,Car,Overexposure,Decrease Brightness,"The overexposure in the fusion image has been repaired, and the outline of car is clearly visible."
4091,06472.png,Car has Overexposure,Car,Overexposure,Decrease Brightness,"The overexposure in the fusion image has been repaired, and the outline of car is clearly visible."
4092,06473.png,Road has Overexposure,Road,Overexposure,Decrease Brightness,"The overexposure in the fusion image has been repaired, and the outline of road is clearly visible."
4093,06474.png,Road has Overexposure,Road,Overexposure,Decrease Brightness,"The overexposure in the fusion image has been repaired, and the outline of road is clearly visible."
4094,06475.png,Road has Overexposure,Road,Overexposure,Decrease Brightness,"The overexposure in the fusion image has been repaired, and the outline of road is clearly visible."
4095,06477.png,Road has Overexposure,Road,Overexposure,Decrease Brightness,"The overexposure in the fusion image has been repaired, and the outline of road is clearly visible."
4096,06478.png,Car has Overexposure,Car,Overexposure,Decrease Brightness,"The overexposure in the fusion image has been repaired, and the outline of car is clearly visible."
4097,06479.png,Road has Motion Blur,Road,Motion Blur,Sharpen,"The motion Blur in the fusion image has been sharpen, and the outline of road is clearly visible."
4098,06481.png,Road has Overexposure,Road,Overexposure,Decrease Brightness,"The overexposure in the fusion image has been repaired, and the outline of road is clearly visible."
4099,06482.png,Car has Overexposure,Car,Overexposure,Decrease Brightness,"The overexposure in the fusion image has been repaired, and the outline of car is clearly visible."
4100,06483.png,Road has Overexposure,Road,Overexposure,Decrease Brightness,"The overexposure in the fusion image has been repaired, and the outline of road is clearly visible."
4101,06484.png,Car has Overexposure,Car,Overexposure,Decrease Brightness,"The overexposure in the fusion image has been repaired, and the outline of car is clearly visible."
4102,06485.png,Car has Overexposure,Car,Overexposure,Decrease Brightness,"The overexposure in the fusion image has been repaired, and the outline of car is clearly visible."
4103,06486.png,Car has Overexposure,Car,Overexposure,Decrease Brightness,"The overexposure in the fusion image has been repaired, and the outline of car is clearly visible."
4104,06488.png,Car has Overexposure,Car,Overexposure,Decrease Brightness,"The overexposure in the fusion image has been repaired, and the outline of car is clearly visible."
4105,06489.png,Car has Overexposure,Car,Overexposure,Decrease Brightness,"The overexposure in the fusion image has been repaired, and the outline of car is clearly visible."
4106,06490.png,Road has Overexposure,Road,Overexposure,Decrease Brightness,"The overexposure in the fusion image has been repaired, and the outline of road is clearly visible."
4107,06491.png,Streetlight has Overexposure,Streetlight,Overexposure,Decrease Brightness,"The overexposure in the fusion image has been repaired, and the outline of streetlight is clearly visible."
4108,06492.png,Car has Overexposure,Car,Overexposure,Decrease Brightness,"The overexposure in the fusion image has been repaired, and the outline of car is clearly visible."
4109,06493.png,Road has Overexposure,Road,Overexposure,Decrease Brightness,"The overexposure in the fusion image has been repaired, and the outline of road is clearly visible."
4110,06496.png,Road has Overexposure,Road,Overexposure,Decrease Brightness,"The overexposure in the fusion image has been repaired, and the outline of road is clearly visible."
4111,06502.png,Car has Overexposure,Car,Overexposure,Decrease Brightness,"The overexposure in the fusion image has been repaired, and the outline of car is clearly visible."
4112,06504.png,Road has Overexposure,Road,Overexposure,Decrease Brightness,"The overexposure in the fusion image has been repaired, and the outline of road is clearly visible."
4113,06505.png,Road has Overexposure,Road,Overexposure,Decrease Brightness,"The overexposure in the fusion image has been repaired, and the outline of road is clearly visible."
4114,06507.png,Road has Overexposure,Road,Overexposure,Decrease Brightness,"The overexposure in the fusion image has been repaired, and the outline of road is clearly visible."
4115,06508.png,Road has Overexposure,Road,Overexposure,Decrease Brightness,"The overexposure in the fusion image has been repaired, and the outline of road is clearly visible."
4116,06510.png,Road has Overexposure,Road,Overexposure,Decrease Brightness,"The overexposure in the fusion image has been repaired, and the outline of road is clearly visible."
4117,06513.png,Car has Overexposure,Car,Overexposure,Decrease Brightness,"The overexposure in the fusion image has been repaired, and the outline of car is clearly visible."
4118,06514.png,Car has Overexposure,Car,Overexposure,Decrease Brightness,"The overexposure in the fusion image has been repaired, and the outline of car is clearly visible."
4119,06515.png,Car has Overexposure,Car,Overexposure,Decrease Brightness,"The overexposure in the fusion image has been repaired, and the outline of car is clearly visible."
4120,06516.png,Car has Overexposure,Car,Overexposure,Decrease Brightness,"The overexposure in the fusion image has been repaired, and the outline of car is clearly visible."
4121,06517.png,Car has Overexposure,Car,Overexposure,Decrease Brightness,"The overexposure in the fusion image has been repaired, and the outline of car is clearly visible."
4122,06520.png,Car has Overexposure,Car,Overexposure,Decrease Brightness,"The overexposure in the fusion image has been repaired, and the outline of car is clearly visible."
4123,06521.png,Road has Overexposure,Road,Overexposure,Decrease Brightness,"The overexposure in the fusion image has been repaired, and the outline of road is clearly visible."
4124,06523.png,Road has Motion Blur,Road,Motion Blur,Sharpen,"The motion Blur in the fusion image has been sharpen, and the outline of road is clearly visible."
4125,06524.png,Road has Motion Blur,Road,Motion Blur,Sharpen,"The motion Blur in the fusion image has been sharpen, and the outline of road is clearly visible."
4126,06525.png,Road has Motion Blur,Road,Motion Blur,Sharpen,"The motion Blur in the fusion image has been sharpen, and the outline of road is clearly visible."
4127,06527.png,Road has Motion Blur,Road,Motion Blur,Sharpen,"The motion Blur in the fusion image has been sharpen, and the outline of road is clearly visible."
4128,06528.png,Road has Overexposure,Road,Overexposure,Decrease Brightness,"The overexposure in the fusion image has been repaired, and the outline of road is clearly visible."
4129,06530.png,Road has Overexposure,Road,Overexposure,Decrease Brightness,"The overexposure in the fusion image has been repaired, and the outline of road is clearly visible."
4130,06531.png,Road has Motion Blur,Road,Motion Blur,Sharpen,"The motion Blur in the fusion image has been sharpen, and the outline of road is clearly visible."
4131,06532.png,Road has Overexposure,Road,Overexposure,Decrease Brightness,"The overexposure in the fusion image has been repaired, and the outline of road is clearly visible."
4132,06539.png,Road has Overexposure,Road,Overexposure,Decrease Brightness,"The overexposure in the fusion image has been repaired, and the outline of road is clearly visible."
4133,06541.png,Road has Overexposure,Road,Overexposure,Decrease Brightness,"The overexposure in the fusion image has been repaired, and the outline of road is clearly visible."
4134,06543.png,Car has Overexposure,Car,Overexposure,Decrease Brightness,"The overexposure in the fusion image has been repaired, and the outline of car is clearly visible."
4135,06544.png,Car has Overexposure,Car,Overexposure,Decrease Brightness,"The overexposure in the fusion image has been repaired, and the outline of car is clearly visible."
4136,06546.png,Road has Overexposure,Road,Overexposure,Decrease Brightness,"The overexposure in the fusion image has been repaired, and the outline of road is clearly visible."
4137,06547.png,Car has Overexposure,Car,Overexposure,Decrease Brightness,"The overexposure in the fusion image has been repaired, and the outline of car is clearly visible."
4138,06548.png,Road has Motion Blur,Road,Motion Blur,Sharpen,"The motion Blur in the fusion image has been sharpen, and the outline of road is clearly visible."
4139,06549.png,Road has Motion Blur,Road,Motion Blur,Sharpen,"The motion Blur in the fusion image has been sharpen, and the outline of road is clearly visible."
4140,06550.png,Road has Motion Blur,Road,Motion Blur,Sharpen,"The motion Blur in the fusion image has been sharpen, and the outline of road is clearly visible."
4141,06551.png,Road has Overexposure,Road,Overexposure,Decrease Brightness,"The overexposure in the fusion image has been repaired, and the outline of road is clearly visible."
4142,06552.png,Road has Overexposure,Road,Overexposure,Decrease Brightness,"The overexposure in the fusion image has been repaired, and the outline of road is clearly visible."
4143,06553.png,Road has Overexposure,Road,Overexposure,Decrease Brightness,"The overexposure in the fusion image has been repaired, and the outline of road is clearly visible."
4144,06555.png,Road has Overexposure,Road,Overexposure,Decrease Brightness,"The overexposure in the fusion image has been repaired, and the outline of road is clearly visible."
4145,06557.png,Car has Overexposure,Car,Overexposure,Decrease Brightness,"The overexposure in the fusion image has been repaired, and the outline of car is clearly visible."
4146,06558.png,Car has Overexposure,Car,Overexposure,Decrease Brightness,"The overexposure in the fusion image has been repaired, and the outline of car is clearly visible."
4147,06559.png,Car has Overexposure,Car,Overexposure,Decrease Brightness,"The overexposure in the fusion image has been repaired, and the outline of car is clearly visible."
4148,06560.png,Car has Overexposure,Car,Overexposure,Decrease Brightness,"The overexposure in the fusion image has been repaired, and the outline of car is clearly visible."
4149,06561.png,Car has Overexposure,Car,Overexposure,Decrease Brightness,"The overexposure in the fusion image has been repaired, and the outline of car is clearly visible."
4150,06562.png,Car has Overexposure,Car,Overexposure,Decrease Brightness,"The overexposure in the fusion image has been repaired, and the outline of car is clearly visible."
4151,06565.png,Car has Overexposure,Car,Overexposure,Decrease Brightness,"The overexposure in the fusion image has been repaired, and the outline of car is clearly visible."
4152,06568.png,Car has Overexposure,Car,Overexposure,Decrease Brightness,"The overexposure in the fusion image has been repaired, and the outline of car is clearly visible."
4153,06571.png,Car has Overexposure,Car,Overexposure,Decrease Brightness,"The overexposure in the fusion image has been repaired, and the outline of car is clearly visible."
4154,06573.png,Car has Overexposure,Car,Overexposure,Decrease Brightness,"The overexposure in the fusion image has been repaired, and the outline of car is clearly visible."
4155,06580.png,Car has Overexposure,Car,Overexposure,Decrease Brightness,"The overexposure in the fusion image has been repaired, and the outline of car is clearly visible."
4156,06584.png,Road has Motion Blur,Road,Motion Blur,Sharpen,"The motion Blur in the fusion image has been sharpen, and the outline of road is clearly visible."
4157,06585.png,Streetlight has Overexposure,Streetlight,Overexposure,Decrease Brightness,"The overexposure in the fusion image has been repaired, and the outline of streetlight is clearly visible."
4158,06586.png,Road has Motion Blur,Road,Motion Blur,Sharpen,"The motion Blur in the fusion image has been sharpen, and the outline of road is clearly visible."
4159,06587.png,Road has Motion Blur,Road,Motion Blur,Sharpen,"The motion Blur in the fusion image has been sharpen, and the outline of road is clearly visible."
4160,06588.png,Road has Overexposure,Road,Overexposure,Decrease Brightness,"The overexposure in the fusion image has been repaired, and the outline of road is clearly visible."
4161,06589.png,Road has Overexposure,Road,Overexposure,Decrease Brightness,"The overexposure in the fusion image has been repaired, and the outline of road is clearly visible."
4162,06590.png,Road has Overexposure,Road,Overexposure,Decrease Brightness,"The overexposure in the fusion image has been repaired, and the outline of road is clearly visible."
4163,06591.png,Car has Overexposure,Car,Overexposure,Decrease Brightness,"The overexposure in the fusion image has been repaired, and the outline of car is clearly visible."
4164,06592.png,Car has Overexposure,Car,Overexposure,Decrease Brightness,"The overexposure in the fusion image has been repaired, and the outline of car is clearly visible."
4165,06593.png,Car has Overexposure,Car,Overexposure,Decrease Brightness,"The overexposure in the fusion image has been repaired, and the outline of car is clearly visible."
4166,06594.png,Car has Overexposure,Car,Overexposure,Decrease Brightness,"The overexposure in the fusion image has been repaired, and the outline of car is clearly visible."
4167,06595.png,Car has Overexposure,Car,Overexposure,Decrease Brightness,"The overexposure in the fusion image has been repaired, and the outline of car is clearly visible."
4168,06596.png,Car has Overexposure,Car,Overexposure,Decrease Brightness,"The overexposure in the fusion image has been repaired, and the outline of car is clearly visible."
4169,06597.png,Road has Motion Blur,Road,Motion Blur,Sharpen,"The motion Blur in the fusion image has been sharpen, and the outline of road is clearly visible."
4170,06598.png,Car has Overexposure,Car,Overexposure,Decrease Brightness,"The overexposure in the fusion image has been repaired, and the outline of car is clearly visible."
4171,06599.png,Car has Overexposure,Car,Overexposure,Decrease Brightness,"The overexposure in the fusion image has been repaired, and the outline of car is clearly visible."
4172,06600.png,Car has Overexposure,Car,Overexposure,Decrease Brightness,"The overexposure in the fusion image has been repaired, and the outline of car is clearly visible."
4173,06601.png,Road has Low Contrast,Road,Low Contrast,Enhance Contrast,"The contrast in the fusion image has been enhanced, and the outline of road is clearly visible."
4174,06602.png,Streetlight has Overexposure,Streetlight,Overexposure,Decrease Brightness,"The overexposure in the fusion image has been repaired, and the outline of streetlight is clearly visible."
4175,06603.png,Car has Overexposure,Car,Overexposure,Decrease Brightness,"The overexposure in the fusion image has been repaired, and the outline of car is clearly visible."
4176,06604.png,Streetlight has Overexposure,Streetlight,Overexposure,Decrease Brightness,"The overexposure in the fusion image has been repaired, and the outline of streetlight is clearly visible."
4177,06605.png,Pedestrian has Underexposure,Pedestrian,Underexposure,Increase Brightness,"The underexposure in the fusion image has been enhanced, and the outline of pedestrians is clearly visible."
4178,06607.png,Pedestrian has Underexposure,Pedestrian,Underexposure,Increase Brightness,"The underexposure in the fusion image has been enhanced, and the outline of pedestrians is clearly visible."
4179,06608.png,Pedestrian has Underexposure,Pedestrian,Underexposure,Increase Brightness,"The underexposure in the fusion image has been enhanced, and the outline of pedestrians is clearly visible."
4180,06610.png,Road has Overexposure,Road,Overexposure,Decrease Brightness,"The overexposure in the fusion image has been repaired, and the outline of road is clearly visible."
4181,06611.png,Road has Overexposure,Road,Overexposure,Decrease Brightness,"The overexposure in the fusion image has been repaired, and the outline of road is clearly visible."
4182,06614.png,Car has Overexposure,Car,Overexposure,Decrease Brightness,"The overexposure in the fusion image has been repaired, and the outline of car is clearly visible."
4183,06615.png,Road has Overexposure,Road,Overexposure,Decrease Brightness,"The overexposure in the fusion image has been repaired, and the outline of road is clearly visible."
4184,06618.png,Road has Overexposure,Road,Overexposure,Decrease Brightness,"The overexposure in the fusion image has been repaired, and the outline of road is clearly visible."
4185,06619.png,Road has Overexposure,Road,Overexposure,Decrease Brightness,"The overexposure in the fusion image has been repaired, and the outline of road is clearly visible."
4186,06620.png,Road has Overexposure,Road,Overexposure,Decrease Brightness,"The overexposure in the fusion image has been repaired, and the outline of road is clearly visible."
4187,06621.png,Road has Overexposure,Road,Overexposure,Decrease Brightness,"The overexposure in the fusion image has been repaired, and the outline of road is clearly visible."
4188,06622.png,Road has Overexposure,Road,Overexposure,Decrease Brightness,"The overexposure in the fusion image has been repaired, and the outline of road is clearly visible."
4189,06623.png,Car has Overexposure,Car,Overexposure,Decrease Brightness,"The overexposure in the fusion image has been repaired, and the outline of car is clearly visible."
4190,06626.png,Road has Overexposure,Road,Overexposure,Decrease Brightness,"The overexposure in the fusion image has been repaired, and the outline of road is clearly visible."
4191,06627.png,Road has Overexposure,Road,Overexposure,Decrease Brightness,"The overexposure in the fusion image has been repaired, and the outline of road is clearly visible."
4192,06629.png,Car has Overexposure,Car,Overexposure,Decrease Brightness,"The overexposure in the fusion image has been repaired, and the outline of car is clearly visible."
4193,06630.png,Road has Overexposure,Road,Overexposure,Decrease Brightness,"The overexposure in the fusion image has been repaired, and the outline of road is clearly visible."
4194,06632.png,Road has Overexposure,Road,Overexposure,Decrease Brightness,"The overexposure in the fusion image has been repaired, and the outline of road is clearly visible."
4195,06633.png,Streetlight has Overexposure,Streetlight,Overexposure,Decrease Brightness,"The overexposure in the fusion image has been repaired, and the outline of streetlight is clearly visible."
4196,06634.png,Streetlight has Overexposure,Streetlight,Overexposure,Decrease Brightness,"The overexposure in the fusion image has been repaired, and the outline of streetlight is clearly visible."
4197,06635.png,Road has Overexposure,Road,Overexposure,Decrease Brightness,"The overexposure in the fusion image has been repaired, and the outline of road is clearly visible."
4198,06636.png,Car has Overexposure,Car,Overexposure,Decrease Brightness,"The overexposure in the fusion image has been repaired, and the outline of car is clearly visible."
4199,06638.png,Road has Overexposure,Road,Overexposure,Decrease Brightness,"The overexposure in the fusion image has been repaired, and the outline of road is clearly visible."
4200,06639.png,Streetlight has Overexposure,Streetlight,Overexposure,Decrease Brightness,"The overexposure in the fusion image has been repaired, and the outline of streetlight is clearly visible."
4201,06640.png,Road has Motion Blur,Road,Motion Blur,Sharpen,"The motion Blur in the fusion image has been sharpen, and the outline of road is clearly visible."
4202,06641.png,Road has Motion Blur,Road,Motion Blur,Sharpen,"The motion Blur in the fusion image has been sharpen, and the outline of road is clearly visible."
4203,06642.png,Streetlight has Overexposure,Streetlight,Overexposure,Decrease Brightness,"The overexposure in the fusion image has been repaired, and the outline of streetlight is clearly visible."
4204,06645.png,Streetlight has Overexposure,Streetlight,Overexposure,Decrease Brightness,"The overexposure in the fusion image has been repaired, and the outline of streetlight is clearly visible."
4205,06648.png,Road has Overexposure,Road,Overexposure,Decrease Brightness,"The overexposure in the fusion image has been repaired, and the outline of road is clearly visible."
4206,06649.png,Road has Overexposure,Road,Overexposure,Decrease Brightness,"The overexposure in the fusion image has been repaired, and the outline of road is clearly visible."
4207,06650.png,Car has Overexposure,Car,Overexposure,Decrease Brightness,"The overexposure in the fusion image has been repaired, and the outline of car is clearly visible."
4208,06651.png,Car has Overexposure,Car,Overexposure,Decrease Brightness,"The overexposure in the fusion image has been repaired, and the outline of car is clearly visible."
4209,06652.png,Car has Overexposure,Car,Overexposure,Decrease Brightness,"The overexposure in the fusion image has been repaired, and the outline of car is clearly visible."
4210,06653.png,Car has Overexposure,Car,Overexposure,Decrease Brightness,"The overexposure in the fusion image has been repaired, and the outline of car is clearly visible."
4211,06655.png,Car has Overexposure,Car,Overexposure,Decrease Brightness,"The overexposure in the fusion image has been repaired, and the outline of car is clearly visible."
4212,06656.png,Car has Overexposure,Car,Overexposure,Decrease Brightness,"The overexposure in the fusion image has been repaired, and the outline of car is clearly visible."
4213,06657.png,Car has Overexposure,Car,Overexposure,Decrease Brightness,"The overexposure in the fusion image has been repaired, and the outline of car is clearly visible."
4214,06660.png,Car has Overexposure,Car,Overexposure,Decrease Brightness,"The overexposure in the fusion image has been repaired, and the outline of car is clearly visible."
4215,06661.png,Car has Overexposure,Car,Overexposure,Decrease Brightness,"The overexposure in the fusion image has been repaired, and the outline of car is clearly visible."
4216,06662.png,Car has Overexposure,Car,Overexposure,Decrease Brightness,"The overexposure in the fusion image has been repaired, and the outline of car is clearly visible."
4217,06663.png,Road has Overexposure,Road,Overexposure,Decrease Brightness,"The overexposure in the fusion image has been repaired, and the outline of road is clearly visible."
4218,06664.png,Streetlight has Overexposure,Streetlight,Overexposure,Decrease Brightness,"The overexposure in the fusion image has been repaired, and the outline of streetlight is clearly visible."
4219,06665.png,Car has Overexposure,Car,Overexposure,Decrease Brightness,"The overexposure in the fusion image has been repaired, and the outline of car is clearly visible."
4220,06667.png,Streetlight has Overexposure,Streetlight,Overexposure,Decrease Brightness,"The overexposure in the fusion image has been repaired, and the outline of streetlight is clearly visible."
4221,06668.png,Car has Overexposure,Car,Overexposure,Decrease Brightness,"The overexposure in the fusion image has been repaired, and the outline of car is clearly visible."
4222,06669.png,Car has Overexposure,Car,Overexposure,Decrease Brightness,"The overexposure in the fusion image has been repaired, and the outline of car is clearly visible."
4223,06670.png,Streetlight has Overexposure,Streetlight,Overexposure,Decrease Brightness,"The overexposure in the fusion image has been repaired, and the outline of streetlight is clearly visible."
4224,06671.png,Streetlight has Overexposure,Streetlight,Overexposure,Decrease Brightness,"The overexposure in the fusion image has been repaired, and the outline of streetlight is clearly visible."
4225,06672.png,Streetlight has Overexposure,Streetlight,Overexposure,Decrease Brightness,"The overexposure in the fusion image has been repaired, and the outline of streetlight is clearly visible."
4226,06674.png,Streetlight has Overexposure,Streetlight,Overexposure,Decrease Brightness,"The overexposure in the fusion image has been repaired, and the outline of streetlight is clearly visible."
4227,06675.png,Streetlight has Overexposure,Streetlight,Overexposure,Decrease Brightness,"The overexposure in the fusion image has been repaired, and the outline of streetlight is clearly visible."
4228,06676.png,Car has Motion Blur,Car,Motion Blur,Sharpen,"The motion Blur in the fusion image has been sharpen, and the outline of car is clearly visible."
4229,06678.png,Streetlight has Overexposure,Streetlight,Overexposure,Decrease Brightness,"The overexposure in the fusion image has been repaired, and the outline of streetlight is clearly visible."
4230,06679.png,Road has Overexposure,Road,Overexposure,Decrease Brightness,"The overexposure in the fusion image has been repaired, and the outline of road is clearly visible."
4231,06681.png,Car has Overexposure,Car,Overexposure,Decrease Brightness,"The overexposure in the fusion image has been repaired, and the outline of car is clearly visible."
4232,06682.png,Car has Overexposure,Car,Overexposure,Decrease Brightness,"The overexposure in the fusion image has been repaired, and the outline of car is clearly visible."
4233,06684.png,Car has Overexposure,Car,Overexposure,Decrease Brightness,"The overexposure in the fusion image has been repaired, and the outline of car is clearly visible."
4234,06685.png,Car has Overexposure,Car,Overexposure,Decrease Brightness,"The overexposure in the fusion image has been repaired, and the outline of car is clearly visible."
4235,06686.png,Car has Overexposure,Car,Overexposure,Decrease Brightness,"The overexposure in the fusion image has been repaired, and the outline of car is clearly visible."
4236,06687.png,Car has Overexposure,Car,Overexposure,Decrease Brightness,"The overexposure in the fusion image has been repaired, and the outline of car is clearly visible."
4237,06688.png,Car has Overexposure,Car,Overexposure,Decrease Brightness,"The overexposure in the fusion image has been repaired, and the outline of car is clearly visible."
4238,06689.png,Car has Overexposure,Car,Overexposure,Decrease Brightness,"The overexposure in the fusion image has been repaired, and the outline of car is clearly visible."
4239,06690.png,Car has Overexposure,Car,Overexposure,Decrease Brightness,"The overexposure in the fusion image has been repaired, and the outline of car is clearly visible."
4240,06691.png,Car has Overexposure,Car,Overexposure,Decrease Brightness,"The overexposure in the fusion image has been repaired, and the outline of car is clearly visible."
4241,06692.png,Car has Overexposure,Car,Overexposure,Decrease Brightness,"The overexposure in the fusion image has been repaired, and the outline of car is clearly visible."
4242,06693.png,Car has Overexposure,Car,Overexposure,Decrease Brightness,"The overexposure in the fusion image has been repaired, and the outline of car is clearly visible."
4243,06694.png,Car has Overexposure,Car,Overexposure,Decrease Brightness,"The overexposure in the fusion image has been repaired, and the outline of car is clearly visible."
4244,06697.png,Car has Overexposure,Car,Overexposure,Decrease Brightness,"The overexposure in the fusion image has been repaired, and the outline of car is clearly visible."
4245,06698.png,Car has Overexposure,Car,Overexposure,Decrease Brightness,"The overexposure in the fusion image has been repaired, and the outline of car is clearly visible."
4246,06699.png,Car has Overexposure,Car,Overexposure,Decrease Brightness,"The overexposure in the fusion image has been repaired, and the outline of car is clearly visible."
4247,06700.png,Car has Overexposure,Car,Overexposure,Decrease Brightness,"The overexposure in the fusion image has been repaired, and the outline of car is clearly visible."
4248,06701.png,Car has Overexposure,Car,Overexposure,Decrease Brightness,"The overexposure in the fusion image has been repaired, and the outline of car is clearly visible."
4249,06702.png,Car has Overexposure,Car,Overexposure,Decrease Brightness,"The overexposure in the fusion image has been repaired, and the outline of car is clearly visible."
4250,06704.png,Car has Overexposure,Car,Overexposure,Decrease Brightness,"The overexposure in the fusion image has been repaired, and the outline of car is clearly visible."
4251,06705.png,Car has Overexposure,Car,Overexposure,Decrease Brightness,"The overexposure in the fusion image has been repaired, and the outline of car is clearly visible."
4252,06706.png,Car has Overexposure,Car,Overexposure,Decrease Brightness,"The overexposure in the fusion image has been repaired, and the outline of car is clearly visible."
4253,06707.png,Car has Overexposure,Car,Overexposure,Decrease Brightness,"The overexposure in the fusion image has been repaired, and the outline of car is clearly visible."
4254,06708.png,Car has Overexposure,Car,Overexposure,Decrease Brightness,"The overexposure in the fusion image has been repaired, and the outline of car is clearly visible."
4255,06709.png,Car has Overexposure,Car,Overexposure,Decrease Brightness,"The overexposure in the fusion image has been repaired, and the outline of car is clearly visible."
4256,06710.png,Car has Overexposure,Car,Overexposure,Decrease Brightness,"The overexposure in the fusion image has been repaired, and the outline of car is clearly visible."
4257,06711.png,Car has Overexposure,Car,Overexposure,Decrease Brightness,"The overexposure in the fusion image has been repaired, and the outline of car is clearly visible."
4258,06712.png,Car has Overexposure,Car,Overexposure,Decrease Brightness,"The overexposure in the fusion image has been repaired, and the outline of car is clearly visible."
4259,06713.png,Streetlight has Overexposure,Streetlight,Overexposure,Decrease Brightness,"The overexposure in the fusion image has been repaired, and the outline of streetlight is clearly visible."
4260,06716.png,Road has Overexposure,Road,Overexposure,Decrease Brightness,"The overexposure in the fusion image has been repaired, and the outline of road is clearly visible."
4261,06717.png,Car has Overexposure,Car,Overexposure,Decrease Brightness,"The overexposure in the fusion image has been repaired, and the outline of car is clearly visible."
4262,06719.png,Car has Motion Blur,Car,Motion Blur,Sharpen,"The motion Blur in the fusion image has been sharpen, and the outline of car is clearly visible."
4263,06720.png,Road has Motion Blur,Road,Motion Blur,Sharpen,"The motion Blur in the fusion image has been sharpen, and the outline of road is clearly visible."
4264,06723.png,Streetlight has Overexposure,Streetlight,Overexposure,Decrease Brightness,"The overexposure in the fusion image has been repaired, and the outline of streetlight is clearly visible."
4265,06724.png,Road has Motion Blur,Road,Motion Blur,Sharpen,"The motion Blur in the fusion image has been sharpen, and the outline of road is clearly visible."
4266,06725.png,Car has Motion Blur,Car,Motion Blur,Sharpen,"The motion Blur in the fusion image has been sharpen, and the outline of car is clearly visible."
4267,06726.png,Road has Motion Blur,Road,Motion Blur,Sharpen,"The motion Blur in the fusion image has been sharpen, and the outline of road is clearly visible."
4268,06728.png,Car has Overexposure,Car,Overexposure,Decrease Brightness,"The overexposure in the fusion image has been repaired, and the outline of car is clearly visible."
4269,06729.png,Road has Motion Blur,Road,Motion Blur,Sharpen,"The motion Blur in the fusion image has been sharpen, and the outline of road is clearly visible."
4270,06731.png,Car has Overexposure,Car,Overexposure,Decrease Brightness,"The overexposure in the fusion image has been repaired, and the outline of car is clearly visible."
4271,06732.png,Car has Overexposure,Car,Overexposure,Decrease Brightness,"The overexposure in the fusion image has been repaired, and the outline of car is clearly visible."
4272,06734.png,Car has Overexposure,Car,Overexposure,Decrease Brightness,"The overexposure in the fusion image has been repaired, and the outline of car is clearly visible."
4273,06736.png,Car has Overexposure,Car,Overexposure,Decrease Brightness,"The overexposure in the fusion image has been repaired, and the outline of car is clearly visible."
4274,06737.png,Car has Overexposure,Car,Overexposure,Decrease Brightness,"The overexposure in the fusion image has been repaired, and the outline of car is clearly visible."
4275,06738.png,Car has Overexposure,Car,Overexposure,Decrease Brightness,"The overexposure in the fusion image has been repaired, and the outline of car is clearly visible."
4276,06739.png,Car has Overexposure,Car,Overexposure,Decrease Brightness,"The overexposure in the fusion image has been repaired, and the outline of car is clearly visible."
4277,06740.png,Road has Overexposure,Road,Overexposure,Decrease Brightness,"The overexposure in the fusion image has been repaired, and the outline of road is clearly visible."
4278,06741.png,Car has Overexposure,Car,Overexposure,Decrease Brightness,"The overexposure in the fusion image has been repaired, and the outline of car is clearly visible."
4279,06742.png,Car has Overexposure,Car,Overexposure,Decrease Brightness,"The overexposure in the fusion image has been repaired, and the outline of car is clearly visible."
4280,06744.png,Car has Overexposure,Car,Overexposure,Decrease Brightness,"The overexposure in the fusion image has been repaired, and the outline of car is clearly visible."
4281,06745.png,Streetlight has Overexposure,Streetlight,Overexposure,Decrease Brightness,"The overexposure in the fusion image has been repaired, and the outline of streetlight is clearly visible."
4282,06747.png,Car has Overexposure,Car,Overexposure,Decrease Brightness,"The overexposure in the fusion image has been repaired, and the outline of car is clearly visible."
4283,06748.png,Car has Overexposure,Car,Overexposure,Decrease Brightness,"The overexposure in the fusion image has been repaired, and the outline of car is clearly visible."
4284,06750.png,Car has Overexposure,Car,Overexposure,Decrease Brightness,"The overexposure in the fusion image has been repaired, and the outline of car is clearly visible."
4285,06752.png,Car has Overexposure,Car,Overexposure,Decrease Brightness,"The overexposure in the fusion image has been repaired, and the outline of car is clearly visible."
4286,06753.png,Road has Overexposure,Road,Overexposure,Decrease Brightness,"The overexposure in the fusion image has been repaired, and the outline of road is clearly visible."
4287,06754.png,Road has Motion Blur,Road,Motion Blur,Sharpen,"The motion Blur in the fusion image has been sharpen, and the outline of road is clearly visible."
4288,06755.png,Car has Motion Blur,Car,Motion Blur,Sharpen,"The motion Blur in the fusion image has been sharpen, and the outline of car is clearly visible."
4289,06756.png,Car has Overexposure,Car,Overexposure,Decrease Brightness,"The overexposure in the fusion image has been repaired, and the outline of car is clearly visible."
4290,06757.png,Car has Overexposure,Car,Overexposure,Decrease Brightness,"The overexposure in the fusion image has been repaired, and the outline of car is clearly visible."
4291,06758.png,Car has Overexposure,Car,Overexposure,Decrease Brightness,"The overexposure in the fusion image has been repaired, and the outline of car is clearly visible."
4292,06759.png,Streetlight has Overexposure,Streetlight,Overexposure,Decrease Brightness,"The overexposure in the fusion image has been repaired, and the outline of streetlight is clearly visible."
4293,06760.png,Streetlight has Overexposure,Streetlight,Overexposure,Decrease Brightness,"The overexposure in the fusion image has been repaired, and the outline of streetlight is clearly visible."
4294,06762.png,Road has Overexposure,Road,Overexposure,Decrease Brightness,"The overexposure in the fusion image has been repaired, and the outline of road is clearly visible."
4295,06763.png,Road has Overexposure,Road,Overexposure,Decrease Brightness,"The overexposure in the fusion image has been repaired, and the outline of road is clearly visible."
4296,06764.png,Road has Overexposure,Road,Overexposure,Decrease Brightness,"The overexposure in the fusion image has been repaired, and the outline of road is clearly visible."
4297,06765.png,Streetlight has Overexposure,Streetlight,Overexposure,Decrease Brightness,"The overexposure in the fusion image has been repaired, and the outline of streetlight is clearly visible."
4298,06766.png,Streetlight has Overexposure,Streetlight,Overexposure,Decrease Brightness,"The overexposure in the fusion image has been repaired, and the outline of streetlight is clearly visible."
4299,06767.png,Road has Overexposure,Road,Overexposure,Decrease Brightness,"The overexposure in the fusion image has been repaired, and the outline of road is clearly visible."
4300,06768.png,Streetlight has Overexposure,Streetlight,Overexposure,Decrease Brightness,"The overexposure in the fusion image has been repaired, and the outline of streetlight is clearly visible."
4301,06769.png,Car has Overexposure,Car,Overexposure,Decrease Brightness,"The overexposure in the fusion image has been repaired, and the outline of car is clearly visible."
4302,06770.png,Road has Overexposure,Road,Overexposure,Decrease Brightness,"The overexposure in the fusion image has been repaired, and the outline of road is clearly visible."
4303,06771.png,Road has Overexposure,Road,Overexposure,Decrease Brightness,"The overexposure in the fusion image has been repaired, and the outline of road is clearly visible."
4304,06772.png,Road has Overexposure,Road,Overexposure,Decrease Brightness,"The overexposure in the fusion image has been repaired, and the outline of road is clearly visible."
4305,06773.png,Streetlight has Overexposure,Streetlight,Overexposure,Decrease Brightness,"The overexposure in the fusion image has been repaired, and the outline of streetlight is clearly visible."
4306,06774.png,Car has Overexposure,Car,Overexposure,Decrease Brightness,"The overexposure in the fusion image has been repaired, and the outline of car is clearly visible."
4307,06775.png,Car has Overexposure,Car,Overexposure,Decrease Brightness,"The overexposure in the fusion image has been repaired, and the outline of car is clearly visible."
4308,06776.png,Streetlight has Overexposure,Streetlight,Overexposure,Decrease Brightness,"The overexposure in the fusion image has been repaired, and the outline of streetlight is clearly visible."
4309,06779.png,Car has Overexposure,Car,Overexposure,Decrease Brightness,"The overexposure in the fusion image has been repaired, and the outline of car is clearly visible."
4310,06782.png,Car has Overexposure,Car,Overexposure,Decrease Brightness,"The overexposure in the fusion image has been repaired, and the outline of car is clearly visible."
4311,06783.png,Streetlight has Overexposure,Streetlight,Overexposure,Decrease Brightness,"The overexposure in the fusion image has been repaired, and the outline of streetlight is clearly visible."
4312,06784.png,Road has Overexposure,Road,Overexposure,Decrease Brightness,"The overexposure in the fusion image has been repaired, and the outline of road is clearly visible."
4313,06785.png,Road has Overexposure,Road,Overexposure,Decrease Brightness,"The overexposure in the fusion image has been repaired, and the outline of road is clearly visible."
4314,06786.png,Road has Overexposure,Road,Overexposure,Decrease Brightness,"The overexposure in the fusion image has been repaired, and the outline of road is clearly visible."
4315,06787.png,Road has Motion Blur,Road,Motion Blur,Sharpen,"The motion Blur in the fusion image has been sharpen, and the outline of road is clearly visible."
4316,06788.png,Car has Overexposure,Car,Overexposure,Decrease Brightness,"The overexposure in the fusion image has been repaired, and the outline of car is clearly visible."
4317,06789.png,Car has Overexposure,Car,Overexposure,Decrease Brightness,"The overexposure in the fusion image has been repaired, and the outline of car is clearly visible."
4318,06790.png,Car has Overexposure,Car,Overexposure,Decrease Brightness,"The overexposure in the fusion image has been repaired, and the outline of car is clearly visible."
4319,06791.png,Car has Overexposure,Car,Overexposure,Decrease Brightness,"The overexposure in the fusion image has been repaired, and the outline of car is clearly visible."
4320,06792.png,Car has Overexposure,Car,Overexposure,Decrease Brightness,"The overexposure in the fusion image has been repaired, and the outline of car is clearly visible."
4321,06795.png,Car has Overexposure,Car,Overexposure,Decrease Brightness,"The overexposure in the fusion image has been repaired, and the outline of car is clearly visible."
4322,06796.png,Car has Overexposure,Car,Overexposure,Decrease Brightness,"The overexposure in the fusion image has been repaired, and the outline of car is clearly visible."
4323,06798.png,Streetlight has Overexposure,Streetlight,Overexposure,Decrease Brightness,"The overexposure in the fusion image has been repaired, and the outline of streetlight is clearly visible."
4324,06801.png,Streetlight has Overexposure,Streetlight,Overexposure,Decrease Brightness,"The overexposure in the fusion image has been repaired, and the outline of streetlight is clearly visible."
4325,06802.png,Car has Overexposure,Car,Overexposure,Decrease Brightness,"The overexposure in the fusion image has been repaired, and the outline of car is clearly visible."
4326,06803.png,Car has Overexposure,Car,Overexposure,Decrease Brightness,"The overexposure in the fusion image has been repaired, and the outline of car is clearly visible."
4327,06804.png,Car has Overexposure,Car,Overexposure,Decrease Brightness,"The overexposure in the fusion image has been repaired, and the outline of car is clearly visible."
4328,06807.png,Car has Overexposure,Car,Overexposure,Decrease Brightness,"The overexposure in the fusion image has been repaired, and the outline of car is clearly visible."
4329,06808.png,Road has Motion Blur,Road,Motion Blur,Sharpen,"The motion Blur in the fusion image has been sharpen, and the outline of road is clearly visible."
4330,06809.png,Road has Overexposure,Road,Overexposure,Decrease Brightness,"The overexposure in the fusion image has been repaired, and the outline of road is clearly visible."
4331,06810.png,Road has Overexposure,Road,Overexposure,Decrease Brightness,"The overexposure in the fusion image has been repaired, and the outline of road is clearly visible."
4332,06812.png,Car has Motion Blur,Car,Motion Blur,Sharpen,"The motion Blur in the fusion image has been sharpen, and the outline of car is clearly visible."
4333,06813.png,Car has Overexposure,Car,Overexposure,Decrease Brightness,"The overexposure in the fusion image has been repaired, and the outline of car is clearly visible."
4334,06814.png,Streetlight has Overexposure,Streetlight,Overexposure,Decrease Brightness,"The overexposure in the fusion image has been repaired, and the outline of streetlight is clearly visible."
4335,06815.png,Streetlight has Overexposure,Streetlight,Overexposure,Decrease Brightness,"The overexposure in the fusion image has been repaired, and the outline of streetlight is clearly visible."
4336,06817.png,Streetlight has Overexposure,Streetlight,Overexposure,Decrease Brightness,"The overexposure in the fusion image has been repaired, and the outline of streetlight is clearly visible."
4337,06818.png,Road has Overexposure,Road,Overexposure,Decrease Brightness,"The overexposure in the fusion image has been repaired, and the outline of road is clearly visible."
4338,06820.png,Road has Overexposure,Road,Overexposure,Decrease Brightness,"The overexposure in the fusion image has been repaired, and the outline of road is clearly visible."
4339,06826.png,Road has Overexposure,Road,Overexposure,Decrease Brightness,"The overexposure in the fusion image has been repaired, and the outline of road is clearly visible."
4340,06827.png,Road has Motion Blur,Road,Motion Blur,Sharpen,"The motion Blur in the fusion image has been sharpen, and the outline of road is clearly visible."
4341,06829.png,Road has Overexposure,Road,Overexposure,Decrease Brightness,"The overexposure in the fusion image has been repaired, and the outline of road is clearly visible."
4342,06830.png,Road has Overexposure,Road,Overexposure,Decrease Brightness,"The overexposure in the fusion image has been repaired, and the outline of road is clearly visible."
4343,06832.png,Car has Overexposure,Car,Overexposure,Decrease Brightness,"The overexposure in the fusion image has been repaired, and the outline of car is clearly visible."
4344,06833.png,Car has Overexposure,Car,Overexposure,Decrease Brightness,"The overexposure in the fusion image has been repaired, and the outline of car is clearly visible."
4345,06834.png,Streetlight has Overexposure,Streetlight,Overexposure,Decrease Brightness,"The overexposure in the fusion image has been repaired, and the outline of streetlight is clearly visible."
4346,06835.png,Car has Overexposure,Car,Overexposure,Decrease Brightness,"The overexposure in the fusion image has been repaired, and the outline of car is clearly visible."
4347,06836.png,Road has Overexposure,Road,Overexposure,Decrease Brightness,"The overexposure in the fusion image has been repaired, and the outline of road is clearly visible."
4348,06838.png,Car has Overexposure,Car,Overexposure,Decrease Brightness,"The overexposure in the fusion image has been repaired, and the outline of car is clearly visible."
4349,06839.png,Car has Overexposure,Car,Overexposure,Decrease Brightness,"The overexposure in the fusion image has been repaired, and the outline of car is clearly visible."
4350,06840.png,Car has Overexposure,Car,Overexposure,Decrease Brightness,"The overexposure in the fusion image has been repaired, and the outline of car is clearly visible."
4351,06841.png,Car has Overexposure,Car,Overexposure,Decrease Brightness,"The overexposure in the fusion image has been repaired, and the outline of car is clearly visible."
4352,06843.png,Car has Overexposure,Car,Overexposure,Decrease Brightness,"The overexposure in the fusion image has been repaired, and the outline of car is clearly visible."
4353,06845.png,Car has Overexposure,Car,Overexposure,Decrease Brightness,"The overexposure in the fusion image has been repaired, and the outline of car is clearly visible."
4354,06846.png,Car has Overexposure,Car,Overexposure,Decrease Brightness,"The overexposure in the fusion image has been repaired, and the outline of car is clearly visible."
4355,06847.png,Car has Overexposure,Car,Overexposure,Decrease Brightness,"The overexposure in the fusion image has been repaired, and the outline of car is clearly visible."
4356,06848.png,Car has Overexposure,Car,Overexposure,Decrease Brightness,"The overexposure in the fusion image has been repaired, and the outline of car is clearly visible."
4357,06849.png,Car has Overexposure,Car,Overexposure,Decrease Brightness,"The overexposure in the fusion image has been repaired, and the outline of car is clearly visible."
4358,06851.png,Car has Overexposure,Car,Overexposure,Decrease Brightness,"The overexposure in the fusion image has been repaired, and the outline of car is clearly visible."
4359,06852.png,Car has Overexposure,Car,Overexposure,Decrease Brightness,"The overexposure in the fusion image has been repaired, and the outline of car is clearly visible."
4360,06854.png,Car has Overexposure,Car,Overexposure,Decrease Brightness,"The overexposure in the fusion image has been repaired, and the outline of car is clearly visible."
4361,06857.png,Streetlight has Overexposure,Streetlight,Overexposure,Decrease Brightness,"The overexposure in the fusion image has been repaired, and the outline of streetlight is clearly visible."
4362,06858.png,Car has Motion Blur,Car,Motion Blur,Sharpen,"The motion Blur in the fusion image has been sharpen, and the outline of car is clearly visible."
4363,06860.png,Road has Motion Blur,Road,Motion Blur,Sharpen,"The motion Blur in the fusion image has been sharpen, and the outline of road is clearly visible."
4364,06861.png,Car has Overexposure,Car,Overexposure,Decrease Brightness,"The overexposure in the fusion image has been repaired, and the outline of car is clearly visible."
4365,06862.png,Car has Overexposure,Car,Overexposure,Decrease Brightness,"The overexposure in the fusion image has been repaired, and the outline of car is clearly visible."
4366,06868.png,Car has Overexposure,Car,Overexposure,Decrease Brightness,"The overexposure in the fusion image has been repaired, and the outline of car is clearly visible."
4367,06869.png,Car has Overexposure,Car,Overexposure,Decrease Brightness,"The overexposure in the fusion image has been repaired, and the outline of car is clearly visible."
4368,06870.png,Road has Overexposure,Road,Overexposure,Decrease Brightness,"The overexposure in the fusion image has been repaired, and the outline of road is clearly visible."
4369,06871.png,Car has Motion Blur,Car,Motion Blur,Sharpen,"The motion Blur in the fusion image has been sharpen, and the outline of car is clearly visible."
4370,06872.png,Road has Overexposure,Road,Overexposure,Decrease Brightness,"The overexposure in the fusion image has been repaired, and the outline of road is clearly visible."
4371,06873.png,Road has Motion Blur,Road,Motion Blur,Sharpen,"The motion Blur in the fusion image has been sharpen, and the outline of road is clearly visible."
4372,06876.png,Car has Overexposure,Car,Overexposure,Decrease Brightness,"The overexposure in the fusion image has been repaired, and the outline of car is clearly visible."
4373,06877.png,Road has Overexposure,Road,Overexposure,Decrease Brightness,"The overexposure in the fusion image has been repaired, and the outline of road is clearly visible."
4374,06880.png,Car has Motion Blur,Car,Motion Blur,Sharpen,"The motion Blur in the fusion image has been sharpen, and the outline of car is clearly visible."
4375,06882.png,Streetlight has Overexposure,Streetlight,Overexposure,Decrease Brightness,"The overexposure in the fusion image has been repaired, and the outline of streetlight is clearly visible."
4376,06885.png,Car has Overexposure,Car,Overexposure,Decrease Brightness,"The overexposure in the fusion image has been repaired, and the outline of car is clearly visible."
4377,06886.png,Car has Overexposure,Car,Overexposure,Decrease Brightness,"The overexposure in the fusion image has been repaired, and the outline of car is clearly visible."
4378,06887.png,Car has Overexposure,Car,Overexposure,Decrease Brightness,"The overexposure in the fusion image has been repaired, and the outline of car is clearly visible."
4379,06888.png,Car has Overexposure,Car,Overexposure,Decrease Brightness,"The overexposure in the fusion image has been repaired, and the outline of car is clearly visible."
4380,06889.png,Car has Overexposure,Car,Overexposure,Decrease Brightness,"The overexposure in the fusion image has been repaired, and the outline of car is clearly visible."
4381,06890.png,Car has Overexposure,Car,Overexposure,Decrease Brightness,"The overexposure in the fusion image has been repaired, and the outline of car is clearly visible."
4382,06891.png,Car has Overexposure,Car,Overexposure,Decrease Brightness,"The overexposure in the fusion image has been repaired, and the outline of car is clearly visible."
4383,06892.png,Car has Overexposure,Car,Overexposure,Decrease Brightness,"The overexposure in the fusion image has been repaired, and the outline of car is clearly visible."
4384,06893.png,Car has Overexposure,Car,Overexposure,Decrease Brightness,"The overexposure in the fusion image has been repaired, and the outline of car is clearly visible."
4385,06894.png,Car has Overexposure,Car,Overexposure,Decrease Brightness,"The overexposure in the fusion image has been repaired, and the outline of car is clearly visible."
4386,06895.png,Car has Overexposure,Car,Overexposure,Decrease Brightness,"The overexposure in the fusion image has been repaired, and the outline of car is clearly visible."
4387,06896.png,Car has Overexposure,Car,Overexposure,Decrease Brightness,"The overexposure in the fusion image has been repaired, and the outline of car is clearly visible."
4388,06899.png,Car has Overexposure,Car,Overexposure,Decrease Brightness,"The overexposure in the fusion image has been repaired, and the outline of car is clearly visible."
4389,06901.png,Car has Overexposure,Car,Overexposure,Decrease Brightness,"The overexposure in the fusion image has been repaired, and the outline of car is clearly visible."
4390,06902.png,Car has Overexposure,Car,Overexposure,Decrease Brightness,"The overexposure in the fusion image has been repaired, and the outline of car is clearly visible."
4391,06903.png,Car has Overexposure,Car,Overexposure,Decrease Brightness,"The overexposure in the fusion image has been repaired, and the outline of car is clearly visible."
4392,06904.png,Car has Overexposure,Car,Overexposure,Decrease Brightness,"The overexposure in the fusion image has been repaired, and the outline of car is clearly visible."
4393,06905.png,Car has Overexposure,Car,Overexposure,Decrease Brightness,"The overexposure in the fusion image has been repaired, and the outline of car is clearly visible."
4394,06907.png,Car has Overexposure,Car,Overexposure,Decrease Brightness,"The overexposure in the fusion image has been repaired, and the outline of car is clearly visible."
4395,06908.png,Car has Overexposure,Car,Overexposure,Decrease Brightness,"The overexposure in the fusion image has been repaired, and the outline of car is clearly visible."
4396,06912.png,Car has Overexposure,Car,Overexposure,Decrease Brightness,"The overexposure in the fusion image has been repaired, and the outline of car is clearly visible."
4397,06913.png,Road has Motion Blur,Road,Motion Blur,Sharpen,"The motion Blur in the fusion image has been sharpen, and the outline of road is clearly visible."
4398,06916.png,Streetlight has Overexposure,Streetlight,Overexposure,Decrease Brightness,"The overexposure in the fusion image has been repaired, and the outline of streetlight is clearly visible."
4399,06917.png,Car has Overexposure,Car,Overexposure,Decrease Brightness,"The overexposure in the fusion image has been repaired, and the outline of car is clearly visible."
4400,06918.png,Road has Motion Blur,Road,Motion Blur,Sharpen,"The motion Blur in the fusion image has been sharpen, and the outline of road is clearly visible."
4401,06919.png,Car has Overexposure,Car,Overexposure,Decrease Brightness,"The overexposure in the fusion image has been repaired, and the outline of car is clearly visible."
4402,06921.png,Road has Overexposure,Road,Overexposure,Decrease Brightness,"The overexposure in the fusion image has been repaired, and the outline of road is clearly visible."
4403,06923.png,Streetlight has Overexposure,Streetlight,Overexposure,Decrease Brightness,"The overexposure in the fusion image has been repaired, and the outline of streetlight is clearly visible."
4404,06924.png,Car has Overexposure,Car,Overexposure,Decrease Brightness,"The overexposure in the fusion image has been repaired, and the outline of car is clearly visible."
4405,06926.png,Car has Overexposure,Car,Overexposure,Decrease Brightness,"The overexposure in the fusion image has been repaired, and the outline of car is clearly visible."
4406,06927.png,Car has Overexposure,Car,Overexposure,Decrease Brightness,"The overexposure in the fusion image has been repaired, and the outline of car is clearly visible."
4407,06928.png,Streetlight has Overexposure,Streetlight,Overexposure,Decrease Brightness,"The overexposure in the fusion image has been repaired, and the outline of streetlight is clearly visible."
4408,06929.png,Car has Motion Blur,Car,Motion Blur,Sharpen,"The motion Blur in the fusion image has been sharpen, and the outline of car is clearly visible."
4409,06931.png,Road has Motion Blur,Road,Motion Blur,Sharpen,"The motion Blur in the fusion image has been sharpen, and the outline of road is clearly visible."
4410,06939.png,Streetlight has Overexposure,Streetlight,Overexposure,Decrease Brightness,"The overexposure in the fusion image has been repaired, and the outline of streetlight is clearly visible."
4411,06942.png,Car has Overexposure,Car,Overexposure,Decrease Brightness,"The overexposure in the fusion image has been repaired, and the outline of car is clearly visible."
4412,06944.png,Streetlight has Overexposure,Streetlight,Overexposure,Decrease Brightness,"The overexposure in the fusion image has been repaired, and the outline of streetlight is clearly visible."
4413,06948.png,Car has Overexposure,Car,Overexposure,Decrease Brightness,"The overexposure in the fusion image has been repaired, and the outline of car is clearly visible."
4414,06951.png,Car has Overexposure,Car,Overexposure,Decrease Brightness,"The overexposure in the fusion image has been repaired, and the outline of car is clearly visible."
4415,06952.png,Car has Overexposure,Car,Overexposure,Decrease Brightness,"The overexposure in the fusion image has been repaired, and the outline of car is clearly visible."
4416,06953.png,Car has Overexposure,Car,Overexposure,Decrease Brightness,"The overexposure in the fusion image has been repaired, and the outline of car is clearly visible."
4417,06954.png,Car has Overexposure,Car,Overexposure,Decrease Brightness,"The overexposure in the fusion image has been repaired, and the outline of car is clearly visible."
4418,06955.png,Car has Overexposure,Car,Overexposure,Decrease Brightness,"The overexposure in the fusion image has been repaired, and the outline of car is clearly visible."
4419,06956.png,Road has Motion Blur,Road,Motion Blur,Sharpen,"The motion Blur in the fusion image has been sharpen, and the outline of road is clearly visible."
4420,06957.png,Car has Overexposure,Car,Overexposure,Decrease Brightness,"The overexposure in the fusion image has been repaired, and the outline of car is clearly visible."
4421,06958.png,Car has Overexposure,Car,Overexposure,Decrease Brightness,"The overexposure in the fusion image has been repaired, and the outline of car is clearly visible."
4422,06959.png,Car has Overexposure,Car,Overexposure,Decrease Brightness,"The overexposure in the fusion image has been repaired, and the outline of car is clearly visible."
4423,06960.png,Car has Overexposure,Car,Overexposure,Decrease Brightness,"The overexposure in the fusion image has been repaired, and the outline of car is clearly visible."
4424,06961.png,Car has Overexposure,Car,Overexposure,Decrease Brightness,"The overexposure in the fusion image has been repaired, and the outline of car is clearly visible."
4425,06962.png,Car has Overexposure,Car,Overexposure,Decrease Brightness,"The overexposure in the fusion image has been repaired, and the outline of car is clearly visible."
4426,06963.png,Car has Overexposure,Car,Overexposure,Decrease Brightness,"The overexposure in the fusion image has been repaired, and the outline of car is clearly visible."
4427,06965.png,Car has Overexposure,Car,Overexposure,Decrease Brightness,"The overexposure in the fusion image has been repaired, and the outline of car is clearly visible."
4428,06967.png,Streetlight has Overexposure,Streetlight,Overexposure,Decrease Brightness,"The overexposure in the fusion image has been repaired, and the outline of streetlight is clearly visible."
4429,06968.png,Road has Overexposure,Road,Overexposure,Decrease Brightness,"The overexposure in the fusion image has been repaired, and the outline of road is clearly visible."
4430,06969.png,Car has Overexposure,Car,Overexposure,Decrease Brightness,"The overexposure in the fusion image has been repaired, and the outline of car is clearly visible."
4431,06970.png,Road has Overexposure,Road,Overexposure,Decrease Brightness,"The overexposure in the fusion image has been repaired, and the outline of road is clearly visible."
4432,06971.png,Car has Motion Blur,Car,Motion Blur,Sharpen,"The motion Blur in the fusion image has been sharpen, and the outline of car is clearly visible."
4433,06975.png,Road has Overexposure,Road,Overexposure,Decrease Brightness,"The overexposure in the fusion image has been repaired, and the outline of road is clearly visible."
4434,06976.png,Road has Overexposure,Road,Overexposure,Decrease Brightness,"The overexposure in the fusion image has been repaired, and the outline of road is clearly visible."
4435,06978.png,Car has Overexposure,Car,Overexposure,Decrease Brightness,"The overexposure in the fusion image has been repaired, and the outline of car is clearly visible."
4436,06980.png,Streetlight has Overexposure,Streetlight,Overexposure,Decrease Brightness,"The overexposure in the fusion image has been repaired, and the outline of streetlight is clearly visible."
4437,06981.png,Streetlight has Overexposure,Streetlight,Overexposure,Decrease Brightness,"The overexposure in the fusion image has been repaired, and the outline of streetlight is clearly visible."
4438,06982.png,Road has Overexposure,Road,Overexposure,Decrease Brightness,"The overexposure in the fusion image has been repaired, and the outline of road is clearly visible."
4439,06984.png,Streetlight has Overexposure,Streetlight,Overexposure,Decrease Brightness,"The overexposure in the fusion image has been repaired, and the outline of streetlight is clearly visible."
4440,06987.png,Road has Motion Blur,Road,Motion Blur,Sharpen,"The motion Blur in the fusion image has been sharpen, and the outline of road is clearly visible."
4441,06989.png,Car has Overexposure,Car,Overexposure,Decrease Brightness,"The overexposure in the fusion image has been repaired, and the outline of car is clearly visible."
4442,06991.png,Streetlight has Overexposure,Streetlight,Overexposure,Decrease Brightness,"The overexposure in the fusion image has been repaired, and the outline of streetlight is clearly visible."
4443,06994.png,Streetlight has Overexposure,Streetlight,Overexposure,Decrease Brightness,"The overexposure in the fusion image has been repaired, and the outline of streetlight is clearly visible."
4444,06995.png,Road has Overexposure,Road,Overexposure,Decrease Brightness,"The overexposure in the fusion image has been repaired, and the outline of road is clearly visible."
4445,06997.png,Car has Overexposure,Car,Overexposure,Decrease Brightness,"The overexposure in the fusion image has been repaired, and the outline of car is clearly visible."
4446,07000.png,Car has Overexposure,Car,Overexposure,Decrease Brightness,"The overexposure in the fusion image has been repaired, and the outline of car is clearly visible."
4447,07001.png,Car has Overexposure,Car,Overexposure,Decrease Brightness,"The overexposure in the fusion image has been repaired, and the outline of car is clearly visible."
4448,07002.png,Car has Overexposure,Car,Overexposure,Decrease Brightness,"The overexposure in the fusion image has been repaired, and the outline of car is clearly visible."
4449,07003.png,Car has Overexposure,Car,Overexposure,Decrease Brightness,"The overexposure in the fusion image has been repaired, and the outline of car is clearly visible."
4450,07004.png,Car has Overexposure,Car,Overexposure,Decrease Brightness,"The overexposure in the fusion image has been repaired, and the outline of car is clearly visible."
4451,07005.png,Car has Overexposure,Car,Overexposure,Decrease Brightness,"The overexposure in the fusion image has been repaired, and the outline of car is clearly visible."
4452,07006.png,Car has Overexposure,Car,Overexposure,Decrease Brightness,"The overexposure in the fusion image has been repaired, and the outline of car is clearly visible."
4453,07008.png,Car has Overexposure,Car,Overexposure,Decrease Brightness,"The overexposure in the fusion image has been repaired, and the outline of car is clearly visible."
4454,07009.png,Car has Overexposure,Car,Overexposure,Decrease Brightness,"The overexposure in the fusion image has been repaired, and the outline of car is clearly visible."
4455,07010.png,Car has Overexposure,Car,Overexposure,Decrease Brightness,"The overexposure in the fusion image has been repaired, and the outline of car is clearly visible."
4456,07012.png,Car has Overexposure,Car,Overexposure,Decrease Brightness,"The overexposure in the fusion image has been repaired, and the outline of car is clearly visible."
4457,07017.png,Streetlight has Overexposure,Streetlight,Overexposure,Decrease Brightness,"The overexposure in the fusion image has been repaired, and the outline of streetlight is clearly visible."
4458,07019.png,Car has Motion Blur,Car,Motion Blur,Sharpen,"The motion Blur in the fusion image has been sharpen, and the outline of car is clearly visible."
4459,07020.png,Road has Overexposure,Road,Overexposure,Decrease Brightness,"The overexposure in the fusion image has been repaired, and the outline of road is clearly visible."
4460,07022.png,Streetlight has Overexposure,Streetlight,Overexposure,Decrease Brightness,"The overexposure in the fusion image has been repaired, and the outline of streetlight is clearly visible."
4461,07023.png,Car has Overexposure,Car,Overexposure,Decrease Brightness,"The overexposure in the fusion image has been repaired, and the outline of car is clearly visible."
4462,07024.png,Car has Overexposure,Car,Overexposure,Decrease Brightness,"The overexposure in the fusion image has been repaired, and the outline of car is clearly visible."
4463,07025.png,Car has Overexposure,Car,Overexposure,Decrease Brightness,"The overexposure in the fusion image has been repaired, and the outline of car is clearly visible."
4464,07026.png,Streetlight has Overexposure,Streetlight,Overexposure,Decrease Brightness,"The overexposure in the fusion image has been repaired, and the outline of streetlight is clearly visible."
4465,07027.png,Road has Motion Blur,Road,Motion Blur,Sharpen,"The motion Blur in the fusion image has been sharpen, and the outline of road is clearly visible."
4466,07028.png,Road has Motion Blur,Road,Motion Blur,Sharpen,"The motion Blur in the fusion image has been sharpen, and the outline of road is clearly visible."
4467,07029.png,Road has Motion Blur,Road,Motion Blur,Sharpen,"The motion Blur in the fusion image has been sharpen, and the outline of road is clearly visible."
4468,07030.png,Road has Motion Blur,Road,Motion Blur,Sharpen,"The motion Blur in the fusion image has been sharpen, and the outline of road is clearly visible."
4469,07032.png,Car has Overexposure,Car,Overexposure,Decrease Brightness,"The overexposure in the fusion image has been repaired, and the outline of car is clearly visible."
4470,07033.png,Car has Overexposure,Car,Overexposure,Decrease Brightness,"The overexposure in the fusion image has been repaired, and the outline of car is clearly visible."
4471,07034.png,Road has Motion Blur,Road,Motion Blur,Sharpen,"The motion Blur in the fusion image has been sharpen, and the outline of road is clearly visible."
4472,07035.png,Car has Overexposure,Car,Overexposure,Decrease Brightness,"The overexposure in the fusion image has been repaired, and the outline of car is clearly visible."
4473,07036.png,Car has Motion Blur,Car,Motion Blur,Sharpen,"The motion Blur in the fusion image has been sharpen, and the outline of car is clearly visible."
4474,07037.png,Car has Motion Blur,Car,Motion Blur,Sharpen,"The motion Blur in the fusion image has been sharpen, and the outline of car is clearly visible."
4475,07039.png,Car has Overexposure,Car,Overexposure,Decrease Brightness,"The overexposure in the fusion image has been repaired, and the outline of car is clearly visible."
4476,07040.png,Road has Motion Blur,Road,Motion Blur,Sharpen,"The motion Blur in the fusion image has been sharpen, and the outline of road is clearly visible."
4477,07041.png,Car has Overexposure,Car,Overexposure,Decrease Brightness,"The overexposure in the fusion image has been repaired, and the outline of car is clearly visible."
4478,07042.png,Car has Motion Blur,Car,Motion Blur,Sharpen,"The motion Blur in the fusion image has been sharpen, and the outline of car is clearly visible."
4479,07046.png,Road has Motion Blur,Road,Motion Blur,Sharpen,"The motion Blur in the fusion image has been sharpen, and the outline of road is clearly visible."
4480,07052.png,Car has Overexposure,Car,Overexposure,Decrease Brightness,"The overexposure in the fusion image has been repaired, and the outline of car is clearly visible."
4481,07053.png,Car has Motion Blur,Car,Motion Blur,Sharpen,"The motion Blur in the fusion image has been sharpen, and the outline of car is clearly visible."
4482,07054.png,Road has Motion Blur,Road,Motion Blur,Sharpen,"The motion Blur in the fusion image has been sharpen, and the outline of road is clearly visible."
4483,07055.png,Car has Motion Blur,Car,Motion Blur,Sharpen,"The motion Blur in the fusion image has been sharpen, and the outline of car is clearly visible."
4484,07059.png,Road has Overexposure,Road,Overexposure,Decrease Brightness,"The overexposure in the fusion image has been repaired, and the outline of road is clearly visible."
4485,07061.png,Road has Motion Blur,Road,Motion Blur,Sharpen,"The motion Blur in the fusion image has been sharpen, and the outline of road is clearly visible."
4486,07064.png,Road has Overexposure,Road,Overexposure,Decrease Brightness,"The overexposure in the fusion image has been repaired, and the outline of road is clearly visible."
4487,07066.png,Car has Overexposure,Car,Overexposure,Decrease Brightness,"The overexposure in the fusion image has been repaired, and the outline of car is clearly visible."
4488,07067.png,Car has Overexposure,Car,Overexposure,Decrease Brightness,"The overexposure in the fusion image has been repaired, and the outline of car is clearly visible."
4489,07069.png,Car has Overexposure,Car,Overexposure,Decrease Brightness,"The overexposure in the fusion image has been repaired, and the outline of car is clearly visible."
4490,07070.png,Car has Overexposure,Car,Overexposure,Decrease Brightness,"The overexposure in the fusion image has been repaired, and the outline of car is clearly visible."
4491,07071.png,Car has Overexposure,Car,Overexposure,Decrease Brightness,"The overexposure in the fusion image has been repaired, and the outline of car is clearly visible."
4492,07072.png,Car has Overexposure,Car,Overexposure,Decrease Brightness,"The overexposure in the fusion image has been repaired, and the outline of car is clearly visible."
4493,07073.png,Car has Overexposure,Car,Overexposure,Decrease Brightness,"The overexposure in the fusion image has been repaired, and the outline of car is clearly visible."
4494,07075.png,Car has Overexposure,Car,Overexposure,Decrease Brightness,"The overexposure in the fusion image has been repaired, and the outline of car is clearly visible."
4495,07076.png,Road has Overexposure,Road,Overexposure,Decrease Brightness,"The overexposure in the fusion image has been repaired, and the outline of road is clearly visible."
4496,07077.png,Car has Overexposure,Car,Overexposure,Decrease Brightness,"The overexposure in the fusion image has been repaired, and the outline of car is clearly visible."
4497,07080.png,Road has Overexposure,Road,Overexposure,Decrease Brightness,"The overexposure in the fusion image has been repaired, and the outline of road is clearly visible."
4498,07081.png,Car has Overexposure,Car,Overexposure,Decrease Brightness,"The overexposure in the fusion image has been repaired, and the outline of car is clearly visible."
4499,07082.png,Car has Overexposure,Car,Overexposure,Decrease Brightness,"The overexposure in the fusion image has been repaired, and the outline of car is clearly visible."
4500,07083.png,Car has Overexposure,Car,Overexposure,Decrease Brightness,"The overexposure in the fusion image has been repaired, and the outline of car is clearly visible."
4501,07084.png,Car has Overexposure,Car,Overexposure,Decrease Brightness,"The overexposure in the fusion image has been repaired, and the outline of car is clearly visible."
4502,07085.png,Car has Overexposure,Car,Overexposure,Decrease Brightness,"The overexposure in the fusion image has been repaired, and the outline of car is clearly visible."
4503,07087.png,Road has Overexposure,Road,Overexposure,Decrease Brightness,"The overexposure in the fusion image has been repaired, and the outline of road is clearly visible."
4504,07088.png,Road has Overexposure,Road,Overexposure,Decrease Brightness,"The overexposure in the fusion image has been repaired, and the outline of road is clearly visible."
4505,07089.png,Car has Overexposure,Car,Overexposure,Decrease Brightness,"The overexposure in the fusion image has been repaired, and the outline of car is clearly visible."
4506,07090.png,Road has Overexposure,Road,Overexposure,Decrease Brightness,"The overexposure in the fusion image has been repaired, and the outline of road is clearly visible."
4507,07093.png,Road has Motion Blur,Road,Motion Blur,Sharpen,"The motion Blur in the fusion image has been sharpen, and the outline of road is clearly visible."
4508,07094.png,Road has Motion Blur,Road,Motion Blur,Sharpen,"The motion Blur in the fusion image has been sharpen, and the outline of road is clearly visible."
4509,07095.png,Car has Motion Blur,Car,Motion Blur,Sharpen,"The motion Blur in the fusion image has been sharpen, and the outline of car is clearly visible."
4510,07096.png,Car has Motion Blur,Car,Motion Blur,Sharpen,"The motion Blur in the fusion image has been sharpen, and the outline of car is clearly visible."
4511,07097.png,Car has Overexposure,Car,Overexposure,Decrease Brightness,"The overexposure in the fusion image has been repaired, and the outline of car is clearly visible."
4512,07098.png,Car has Overexposure,Car,Overexposure,Decrease Brightness,"The overexposure in the fusion image has been repaired, and the outline of car is clearly visible."
4513,07099.png,Car has Overexposure,Car,Overexposure,Decrease Brightness,"The overexposure in the fusion image has been repaired, and the outline of car is clearly visible."
4514,07101.png,Road has Overexposure,Road,Overexposure,Decrease Brightness,"The overexposure in the fusion image has been repaired, and the outline of road is clearly visible."
4515,07102.png,Car has Overexposure,Car,Overexposure,Decrease Brightness,"The overexposure in the fusion image has been repaired, and the outline of car is clearly visible."
4516,07103.png,Car has Overexposure,Car,Overexposure,Decrease Brightness,"The overexposure in the fusion image has been repaired, and the outline of car is clearly visible."
4517,07104.png,Car has Overexposure,Car,Overexposure,Decrease Brightness,"The overexposure in the fusion image has been repaired, and the outline of car is clearly visible."
4518,07107.png,Car has Overexposure,Car,Overexposure,Decrease Brightness,"The overexposure in the fusion image has been repaired, and the outline of car is clearly visible."
4519,07108.png,Car has Overexposure,Car,Overexposure,Decrease Brightness,"The overexposure in the fusion image has been repaired, and the outline of car is clearly visible."
4520,07109.png,Car has Overexposure,Car,Overexposure,Decrease Brightness,"The overexposure in the fusion image has been repaired, and the outline of car is clearly visible."
4521,07110.png,Car has Overexposure,Car,Overexposure,Decrease Brightness,"The overexposure in the fusion image has been repaired, and the outline of car is clearly visible."
4522,07111.png,Car has Overexposure,Car,Overexposure,Decrease Brightness,"The overexposure in the fusion image has been repaired, and the outline of car is clearly visible."
4523,07112.png,Road has Overexposure,Road,Overexposure,Decrease Brightness,"The overexposure in the fusion image has been repaired, and the outline of road is clearly visible."
4524,07113.png,Car has Overexposure,Car,Overexposure,Decrease Brightness,"The overexposure in the fusion image has been repaired, and the outline of car is clearly visible."
4525,07114.png,Car has Overexposure,Car,Overexposure,Decrease Brightness,"The overexposure in the fusion image has been repaired, and the outline of car is clearly visible."
4526,07115.png,Car has Overexposure,Car,Overexposure,Decrease Brightness,"The overexposure in the fusion image has been repaired, and the outline of car is clearly visible."
4527,07116.png,Road has Overexposure,Road,Overexposure,Decrease Brightness,"The overexposure in the fusion image has been repaired, and the outline of road is clearly visible."
4528,07118.png,Road has Overexposure,Road,Overexposure,Decrease Brightness,"The overexposure in the fusion image has been repaired, and the outline of road is clearly visible."
4529,07119.png,Road has Overexposure,Road,Overexposure,Decrease Brightness,"The overexposure in the fusion image has been repaired, and the outline of road is clearly visible."
4530,07120.png,Road has Overexposure,Road,Overexposure,Decrease Brightness,"The overexposure in the fusion image has been repaired, and the outline of road is clearly visible."
4531,07121.png,Road has Overexposure,Road,Overexposure,Decrease Brightness,"The overexposure in the fusion image has been repaired, and the outline of road is clearly visible."
4532,07122.png,Road has Overexposure,Road,Overexposure,Decrease Brightness,"The overexposure in the fusion image has been repaired, and the outline of road is clearly visible."
4533,07124.png,Road has Overexposure,Road,Overexposure,Decrease Brightness,"The overexposure in the fusion image has been repaired, and the outline of road is clearly visible."
4534,07135.png,Car has Overexposure,Car,Overexposure,Decrease Brightness,"The overexposure in the fusion image has been repaired, and the outline of car is clearly visible."
4535,07136.png,Car has Overexposure,Car,Overexposure,Decrease Brightness,"The overexposure in the fusion image has been repaired, and the outline of car is clearly visible."
4536,07137.png,Car has Overexposure,Car,Overexposure,Decrease Brightness,"The overexposure in the fusion image has been repaired, and the outline of car is clearly visible."
4537,07139.png,Car has Overexposure,Car,Overexposure,Decrease Brightness,"The overexposure in the fusion image has been repaired, and the outline of car is clearly visible."
4538,07140.png,Car has Overexposure,Car,Overexposure,Decrease Brightness,"The overexposure in the fusion image has been repaired, and the outline of car is clearly visible."
4539,07142.png,Car has Overexposure,Car,Overexposure,Decrease Brightness,"The overexposure in the fusion image has been repaired, and the outline of car is clearly visible."
4540,07143.png,Car has Overexposure,Car,Overexposure,Decrease Brightness,"The overexposure in the fusion image has been repaired, and the outline of car is clearly visible."
4541,07144.png,Car has Overexposure,Car,Overexposure,Decrease Brightness,"The overexposure in the fusion image has been repaired, and the outline of car is clearly visible."
4542,07147.png,Car has Overexposure,Car,Overexposure,Decrease Brightness,"The overexposure in the fusion image has been repaired, and the outline of car is clearly visible."
4543,07148.png,Car has Overexposure,Car,Overexposure,Decrease Brightness,"The overexposure in the fusion image has been repaired, and the outline of car is clearly visible."
4544,07149.png,Car has Overexposure,Car,Overexposure,Decrease Brightness,"The overexposure in the fusion image has been repaired, and the outline of car is clearly visible."
4545,07150.png,Car has Overexposure,Car,Overexposure,Decrease Brightness,"The overexposure in the fusion image has been repaired, and the outline of car is clearly visible."
4546,07151.png,Car has Overexposure,Car,Overexposure,Decrease Brightness,"The overexposure in the fusion image has been repaired, and the outline of car is clearly visible."
4547,07152.png,Car has Overexposure,Car,Overexposure,Decrease Brightness,"The overexposure in the fusion image has been repaired, and the outline of car is clearly visible."
4548,07153.png,Car has Overexposure,Car,Overexposure,Decrease Brightness,"The overexposure in the fusion image has been repaired, and the outline of car is clearly visible."
4549,07155.png,Car has Overexposure,Car,Overexposure,Decrease Brightness,"The overexposure in the fusion image has been repaired, and the outline of car is clearly visible."
4550,07158.png,Car has Overexposure,Car,Overexposure,Decrease Brightness,"The overexposure in the fusion image has been repaired, and the outline of car is clearly visible."
4551,07159.png,Car has Overexposure,Car,Overexposure,Decrease Brightness,"The overexposure in the fusion image has been repaired, and the outline of car is clearly visible."
4552,07160.png,Car has Overexposure,Car,Overexposure,Decrease Brightness,"The overexposure in the fusion image has been repaired, and the outline of car is clearly visible."
4553,07161.png,Car has Overexposure,Car,Overexposure,Decrease Brightness,"The overexposure in the fusion image has been repaired, and the outline of car is clearly visible."
4554,07162.png,Car has Overexposure,Car,Overexposure,Decrease Brightness,"The overexposure in the fusion image has been repaired, and the outline of car is clearly visible."
4555,07163.png,Car has Overexposure,Car,Overexposure,Decrease Brightness,"The overexposure in the fusion image has been repaired, and the outline of car is clearly visible."
4556,07165.png,Car has Overexposure,Car,Overexposure,Decrease Brightness,"The overexposure in the fusion image has been repaired, and the outline of car is clearly visible."
4557,07166.png,Car has Overexposure,Car,Overexposure,Decrease Brightness,"The overexposure in the fusion image has been repaired, and the outline of car is clearly visible."
4558,07167.png,Car has Overexposure,Car,Overexposure,Decrease Brightness,"The overexposure in the fusion image has been repaired, and the outline of car is clearly visible."
4559,07168.png,Road has Overexposure,Road,Overexposure,Decrease Brightness,"The overexposure in the fusion image has been repaired, and the outline of road is clearly visible."
4560,07170.png,Car has Overexposure,Car,Overexposure,Decrease Brightness,"The overexposure in the fusion image has been repaired, and the outline of car is clearly visible."
4561,07173.png,Car has Overexposure,Car,Overexposure,Decrease Brightness,"The overexposure in the fusion image has been repaired, and the outline of car is clearly visible."
4562,07174.png,Car has Overexposure,Car,Overexposure,Decrease Brightness,"The overexposure in the fusion image has been repaired, and the outline of car is clearly visible."
4563,07175.png,Car has Overexposure,Car,Overexposure,Decrease Brightness,"The overexposure in the fusion image has been repaired, and the outline of car is clearly visible."
4564,07176.png,Car has Overexposure,Car,Overexposure,Decrease Brightness,"The overexposure in the fusion image has been repaired, and the outline of car is clearly visible."
4565,07177.png,Car has Overexposure,Car,Overexposure,Decrease Brightness,"The overexposure in the fusion image has been repaired, and the outline of car is clearly visible."
4566,07180.png,Road has Motion Blur,Road,Motion Blur,Sharpen,"The motion Blur in the fusion image has been sharpen, and the outline of road is clearly visible."
4567,07194.png,Streetlight has Overexposure,Streetlight,Overexposure,Decrease Brightness,"The overexposure in the fusion image has been repaired, and the outline of streetlight is clearly visible."
4568,07195.png,Road has Overexposure,Road,Overexposure,Decrease Brightness,"The overexposure in the fusion image has been repaired, and the outline of road is clearly visible."
4569,07196.png,Road has Overexposure,Road,Overexposure,Decrease Brightness,"The overexposure in the fusion image has been repaired, and the outline of road is clearly visible."
4570,07197.png,Car has Overexposure,Car,Overexposure,Decrease Brightness,"The overexposure in the fusion image has been repaired, and the outline of car is clearly visible."
4571,07199.png,Road has Overexposure,Road,Overexposure,Decrease Brightness,"The overexposure in the fusion image has been repaired, and the outline of road is clearly visible."
4572,07201.png,Road has Overexposure,Road,Overexposure,Decrease Brightness,"The overexposure in the fusion image has been repaired, and the outline of road is clearly visible."
4573,07209.png,Car has Overexposure,Car,Overexposure,Decrease Brightness,"The overexposure in the fusion image has been repaired, and the outline of car is clearly visible."
4574,07213.png,Car has Overexposure,Car,Overexposure,Decrease Brightness,"The overexposure in the fusion image has been repaired, and the outline of car is clearly visible."
4575,07214.png,Car has Overexposure,Car,Overexposure,Decrease Brightness,"The overexposure in the fusion image has been repaired, and the outline of car is clearly visible."
4576,07215.png,Car has Overexposure,Car,Overexposure,Decrease Brightness,"The overexposure in the fusion image has been repaired, and the outline of car is clearly visible."
4577,07216.png,Car has Overexposure,Car,Overexposure,Decrease Brightness,"The overexposure in the fusion image has been repaired, and the outline of car is clearly visible."
4578,07217.png,Car has Overexposure,Car,Overexposure,Decrease Brightness,"The overexposure in the fusion image has been repaired, and the outline of car is clearly visible."
4579,07218.png,Car has Overexposure,Car,Overexposure,Decrease Brightness,"The overexposure in the fusion image has been repaired, and the outline of car is clearly visible."
4580,07219.png,Car has Overexposure,Car,Overexposure,Decrease Brightness,"The overexposure in the fusion image has been repaired, and the outline of car is clearly visible."
4581,07221.png,Car has Overexposure,Car,Overexposure,Decrease Brightness,"The overexposure in the fusion image has been repaired, and the outline of car is clearly visible."
4582,07225.png,Car has Overexposure,Car,Overexposure,Decrease Brightness,"The overexposure in the fusion image has been repaired, and the outline of car is clearly visible."
4583,07226.png,Car has Overexposure,Car,Overexposure,Decrease Brightness,"The overexposure in the fusion image has been repaired, and the outline of car is clearly visible."
4584,07228.png,Car has Overexposure,Car,Overexposure,Decrease Brightness,"The overexposure in the fusion image has been repaired, and the outline of car is clearly visible."
4585,07229.png,Road has Motion Blur,Road,Motion Blur,Sharpen,"The motion Blur in the fusion image has been sharpen, and the outline of road is clearly visible."
4586,07230.png,Road has Overexposure,Road,Overexposure,Decrease Brightness,"The overexposure in the fusion image has been repaired, and the outline of road is clearly visible."
4587,07232.png,Car has Motion Blur,Car,Motion Blur,Sharpen,"The motion Blur in the fusion image has been sharpen, and the outline of car is clearly visible."
4588,07236.png,Road has Overexposure,Road,Overexposure,Decrease Brightness,"The overexposure in the fusion image has been repaired, and the outline of road is clearly visible."
4589,07237.png,Road has Overexposure,Road,Overexposure,Decrease Brightness,"The overexposure in the fusion image has been repaired, and the outline of road is clearly visible."
4590,07238.png,Road has Overexposure,Road,Overexposure,Decrease Brightness,"The overexposure in the fusion image has been repaired, and the outline of road is clearly visible."
4591,07239.png,Pedestrian has Underexposure,Pedestrian,Underexposure,Increase Brightness,"The underexposure in the fusion image has been enhanced, and the outline of pedestrians is clearly visible."
4592,07240.png,Road has Overexposure,Road,Overexposure,Decrease Brightness,"The overexposure in the fusion image has been repaired, and the outline of road is clearly visible."
4593,07241.png,Road has Overexposure,Road,Overexposure,Decrease Brightness,"The overexposure in the fusion image has been repaired, and the outline of road is clearly visible."
4594,07242.png,Road has Overexposure,Road,Overexposure,Decrease Brightness,"The overexposure in the fusion image has been repaired, and the outline of road is clearly visible."
4595,07244.png,Car has Overexposure,Car,Overexposure,Decrease Brightness,"The overexposure in the fusion image has been repaired, and the outline of car is clearly visible."
4596,07248.png,Road has Overexposure,Road,Overexposure,Decrease Brightness,"The overexposure in the fusion image has been repaired, and the outline of road is clearly visible."
4597,07249.png,Road has Overexposure,Road,Overexposure,Decrease Brightness,"The overexposure in the fusion image has been repaired, and the outline of road is clearly visible."
4598,07250.png,Road has Overexposure,Road,Overexposure,Decrease Brightness,"The overexposure in the fusion image has been repaired, and the outline of road is clearly visible."
4599,07251.png,Road has Overexposure,Road,Overexposure,Decrease Brightness,"The overexposure in the fusion image has been repaired, and the outline of road is clearly visible."
4600,07253.png,Road has Overexposure,Road,Overexposure,Decrease Brightness,"The overexposure in the fusion image has been repaired, and the outline of road is clearly visible."
4601,07255.png,Car has Overexposure,Car,Overexposure,Decrease Brightness,"The overexposure in the fusion image has been repaired, and the outline of car is clearly visible."
4602,07257.png,Road has Motion Blur,Road,Motion Blur,Sharpen,"The motion Blur in the fusion image has been sharpen, and the outline of road is clearly visible."
4603,07259.png,Road has Overexposure,Road,Overexposure,Decrease Brightness,"The overexposure in the fusion image has been repaired, and the outline of road is clearly visible."
4604,07260.png,Road has Overexposure,Road,Overexposure,Decrease Brightness,"The overexposure in the fusion image has been repaired, and the outline of road is clearly visible."
4605,07261.png,Road has Overexposure,Road,Overexposure,Decrease Brightness,"The overexposure in the fusion image has been repaired, and the outline of road is clearly visible."
4606,07262.png,Car has Overexposure,Car,Overexposure,Decrease Brightness,"The overexposure in the fusion image has been repaired, and the outline of car is clearly visible."
4607,07263.png,Car has Overexposure,Car,Overexposure,Decrease Brightness,"The overexposure in the fusion image has been repaired, and the outline of car is clearly visible."
4608,07265.png,Road has Overexposure,Road,Overexposure,Decrease Brightness,"The overexposure in the fusion image has been repaired, and the outline of road is clearly visible."
4609,07266.png,Road has Motion Blur,Road,Motion Blur,Sharpen,"The motion Blur in the fusion image has been sharpen, and the outline of road is clearly visible."
4610,07268.png,Car has Overexposure,Car,Overexposure,Decrease Brightness,"The overexposure in the fusion image has been repaired, and the outline of car is clearly visible."
4611,07271.png,Road has Overexposure,Road,Overexposure,Decrease Brightness,"The overexposure in the fusion image has been repaired, and the outline of road is clearly visible."
4612,07272.png,Car has Overexposure,Car,Overexposure,Decrease Brightness,"The overexposure in the fusion image has been repaired, and the outline of car is clearly visible."
4613,07274.png,Road has Overexposure,Road,Overexposure,Decrease Brightness,"The overexposure in the fusion image has been repaired, and the outline of road is clearly visible."
4614,07275.png,Road has Overexposure,Road,Overexposure,Decrease Brightness,"The overexposure in the fusion image has been repaired, and the outline of road is clearly visible."
4615,07276.png,Road has Motion Blur,Road,Motion Blur,Sharpen,"The motion Blur in the fusion image has been sharpen, and the outline of road is clearly visible."
4616,07277.png,Car has Overexposure,Car,Overexposure,Decrease Brightness,"The overexposure in the fusion image has been repaired, and the outline of car is clearly visible."
4617,07278.png,Car has Overexposure,Car,Overexposure,Decrease Brightness,"The overexposure in the fusion image has been repaired, and the outline of car is clearly visible."
4618,07279.png,Car has Overexposure,Car,Overexposure,Decrease Brightness,"The overexposure in the fusion image has been repaired, and the outline of car is clearly visible."
4619,07281.png,Car has Overexposure,Car,Overexposure,Decrease Brightness,"The overexposure in the fusion image has been repaired, and the outline of car is clearly visible."
4620,07282.png,Car has Overexposure,Car,Overexposure,Decrease Brightness,"The overexposure in the fusion image has been repaired, and the outline of car is clearly visible."
4621,07283.png,Car has Overexposure,Car,Overexposure,Decrease Brightness,"The overexposure in the fusion image has been repaired, and the outline of car is clearly visible."
4622,07284.png,Car has Overexposure,Car,Overexposure,Decrease Brightness,"The overexposure in the fusion image has been repaired, and the outline of car is clearly visible."
4623,07285.png,Pedestrian has Underexposure,Pedestrian,Underexposure,Increase Brightness,"The underexposure in the fusion image has been enhanced, and the outline of pedestrians is clearly visible."
4624,07287.png,Car has Overexposure,Car,Overexposure,Decrease Brightness,"The overexposure in the fusion image has been repaired, and the outline of car is clearly visible."
4625,07289.png,Car has Overexposure,Car,Overexposure,Decrease Brightness,"The overexposure in the fusion image has been repaired, and the outline of car is clearly visible."
4626,07290.png,Car has Overexposure,Car,Overexposure,Decrease Brightness,"The overexposure in the fusion image has been repaired, and the outline of car is clearly visible."
4627,07292.png,Car has Overexposure,Car,Overexposure,Decrease Brightness,"The overexposure in the fusion image has been repaired, and the outline of car is clearly visible."
4628,07293.png,Car has Overexposure,Car,Overexposure,Decrease Brightness,"The overexposure in the fusion image has been repaired, and the outline of car is clearly visible."
4629,07294.png,Car has Overexposure,Car,Overexposure,Decrease Brightness,"The overexposure in the fusion image has been repaired, and the outline of car is clearly visible."
4630,07295.png,Car has Overexposure,Car,Overexposure,Decrease Brightness,"The overexposure in the fusion image has been repaired, and the outline of car is clearly visible."
4631,07296.png,Car has Overexposure,Car,Overexposure,Decrease Brightness,"The overexposure in the fusion image has been repaired, and the outline of car is clearly visible."
4632,07301.png,Car has Overexposure,Car,Overexposure,Decrease Brightness,"The overexposure in the fusion image has been repaired, and the outline of car is clearly visible."
4633,07302.png,Road has Overexposure,Road,Overexposure,Decrease Brightness,"The overexposure in the fusion image has been repaired, and the outline of road is clearly visible."
4634,07303.png,Road has Overexposure,Road,Overexposure,Decrease Brightness,"The overexposure in the fusion image has been repaired, and the outline of road is clearly visible."
4635,07305.png,Road has Overexposure,Road,Overexposure,Decrease Brightness,"The overexposure in the fusion image has been repaired, and the outline of road is clearly visible."
4636,07306.png,Road has Overexposure,Road,Overexposure,Decrease Brightness,"The overexposure in the fusion image has been repaired, and the outline of road is clearly visible."
4637,07307.png,Road has Overexposure,Road,Overexposure,Decrease Brightness,"The overexposure in the fusion image has been repaired, and the outline of road is clearly visible."
4638,07309.png,Streetlight has Overexposure,Streetlight,Overexposure,Decrease Brightness,"The overexposure in the fusion image has been repaired, and the outline of streetlight is clearly visible."
4639,07312.png,Car has Overexposure,Car,Overexposure,Decrease Brightness,"The overexposure in the fusion image has been repaired, and the outline of car is clearly visible."
4640,07314.png,Car has Overexposure,Car,Overexposure,Decrease Brightness,"The overexposure in the fusion image has been repaired, and the outline of car is clearly visible."
4641,07315.png,Car has Overexposure,Car,Overexposure,Decrease Brightness,"The overexposure in the fusion image has been repaired, and the outline of car is clearly visible."
4642,07316.png,Car has Overexposure,Car,Overexposure,Decrease Brightness,"The overexposure in the fusion image has been repaired, and the outline of car is clearly visible."
4643,07318.png,Car has Overexposure,Car,Overexposure,Decrease Brightness,"The overexposure in the fusion image has been repaired, and the outline of car is clearly visible."
4644,07320.png,Car has Overexposure,Car,Overexposure,Decrease Brightness,"The overexposure in the fusion image has been repaired, and the outline of car is clearly visible."
4645,07324.png,Car has Overexposure,Car,Overexposure,Decrease Brightness,"The overexposure in the fusion image has been repaired, and the outline of car is clearly visible."
4646,07325.png,Car has Overexposure,Car,Overexposure,Decrease Brightness,"The overexposure in the fusion image has been repaired, and the outline of car is clearly visible."
4647,07326.png,Road has Overexposure,Road,Overexposure,Decrease Brightness,"The overexposure in the fusion image has been repaired, and the outline of road is clearly visible."
4648,07327.png,Road has Overexposure,Road,Overexposure,Decrease Brightness,"The overexposure in the fusion image has been repaired, and the outline of road is clearly visible."
4649,07328.png,Car has Overexposure,Car,Overexposure,Decrease Brightness,"The overexposure in the fusion image has been repaired, and the outline of car is clearly visible."
4650,07329.png,Car has Overexposure,Car,Overexposure,Decrease Brightness,"The overexposure in the fusion image has been repaired, and the outline of car is clearly visible."
4651,07330.png,Car has Overexposure,Car,Overexposure,Decrease Brightness,"The overexposure in the fusion image has been repaired, and the outline of car is clearly visible."
4652,07331.png,Car has Overexposure,Car,Overexposure,Decrease Brightness,"The overexposure in the fusion image has been repaired, and the outline of car is clearly visible."
4653,07332.png,Car has Overexposure,Car,Overexposure,Decrease Brightness,"The overexposure in the fusion image has been repaired, and the outline of car is clearly visible."
4654,07333.png,Car has Overexposure,Car,Overexposure,Decrease Brightness,"The overexposure in the fusion image has been repaired, and the outline of car is clearly visible."
4655,07334.png,Car has Overexposure,Car,Overexposure,Decrease Brightness,"The overexposure in the fusion image has been repaired, and the outline of car is clearly visible."
4656,07335.png,Car has Overexposure,Car,Overexposure,Decrease Brightness,"The overexposure in the fusion image has been repaired, and the outline of car is clearly visible."
4657,07336.png,Car has Overexposure,Car,Overexposure,Decrease Brightness,"The overexposure in the fusion image has been repaired, and the outline of car is clearly visible."
4658,07337.png,Car has Overexposure,Car,Overexposure,Decrease Brightness,"The overexposure in the fusion image has been repaired, and the outline of car is clearly visible."
4659,07338.png,Car has Overexposure,Car,Overexposure,Decrease Brightness,"The overexposure in the fusion image has been repaired, and the outline of car is clearly visible."
4660,07343.png,Car has Overexposure,Car,Overexposure,Decrease Brightness,"The overexposure in the fusion image has been repaired, and the outline of car is clearly visible."
4661,07344.png,Car has Overexposure,Car,Overexposure,Decrease Brightness,"The overexposure in the fusion image has been repaired, and the outline of car is clearly visible."
4662,07345.png,Car has Overexposure,Car,Overexposure,Decrease Brightness,"The overexposure in the fusion image has been repaired, and the outline of car is clearly visible."
4663,07346.png,Car has Overexposure,Car,Overexposure,Decrease Brightness,"The overexposure in the fusion image has been repaired, and the outline of car is clearly visible."
4664,07347.png,Car has Overexposure,Car,Overexposure,Decrease Brightness,"The overexposure in the fusion image has been repaired, and the outline of car is clearly visible."
4665,07348.png,Car has Overexposure,Car,Overexposure,Decrease Brightness,"The overexposure in the fusion image has been repaired, and the outline of car is clearly visible."
4666,07350.png,Car has Overexposure,Car,Overexposure,Decrease Brightness,"The overexposure in the fusion image has been repaired, and the outline of car is clearly visible."
4667,07352.png,Car has Overexposure,Car,Overexposure,Decrease Brightness,"The overexposure in the fusion image has been repaired, and the outline of car is clearly visible."
4668,07356.png,Car has Overexposure,Car,Overexposure,Decrease Brightness,"The overexposure in the fusion image has been repaired, and the outline of car is clearly visible."
4669,07357.png,Car has Overexposure,Car,Overexposure,Decrease Brightness,"The overexposure in the fusion image has been repaired, and the outline of car is clearly visible."
4670,07358.png,Car has Overexposure,Car,Overexposure,Decrease Brightness,"The overexposure in the fusion image has been repaired, and the outline of car is clearly visible."
4671,07360.png,Car has Overexposure,Car,Overexposure,Decrease Brightness,"The overexposure in the fusion image has been repaired, and the outline of car is clearly visible."
4672,07361.png,Car has Overexposure,Car,Overexposure,Decrease Brightness,"The overexposure in the fusion image has been repaired, and the outline of car is clearly visible."
4673,07363.png,Car has Overexposure,Car,Overexposure,Decrease Brightness,"The overexposure in the fusion image has been repaired, and the outline of car is clearly visible."
4674,07364.png,Car has Overexposure,Car,Overexposure,Decrease Brightness,"The overexposure in the fusion image has been repaired, and the outline of car is clearly visible."
4675,07365.png,Car has Overexposure,Car,Overexposure,Decrease Brightness,"The overexposure in the fusion image has been repaired, and the outline of car is clearly visible."
4676,07367.png,Car has Overexposure,Car,Overexposure,Decrease Brightness,"The overexposure in the fusion image has been repaired, and the outline of car is clearly visible."
4677,07368.png,Car has Overexposure,Car,Overexposure,Decrease Brightness,"The overexposure in the fusion image has been repaired, and the outline of car is clearly visible."
4678,07371.png,Car has Overexposure,Car,Overexposure,Decrease Brightness,"The overexposure in the fusion image has been repaired, and the outline of car is clearly visible."
4679,07372.png,Car has Overexposure,Car,Overexposure,Decrease Brightness,"The overexposure in the fusion image has been repaired, and the outline of car is clearly visible."
4680,07373.png,Car has Overexposure,Car,Overexposure,Decrease Brightness,"The overexposure in the fusion image has been repaired, and the outline of car is clearly visible."
4681,07376.png,Car has Overexposure,Car,Overexposure,Decrease Brightness,"The overexposure in the fusion image has been repaired, and the outline of car is clearly visible."
4682,07377.png,Car has Overexposure,Car,Overexposure,Decrease Brightness,"The overexposure in the fusion image has been repaired, and the outline of car is clearly visible."
4683,07378.png,Road has Overexposure,Road,Overexposure,Decrease Brightness,"The overexposure in the fusion image has been repaired, and the outline of road is clearly visible."
4684,07380.png,Car has Overexposure,Car,Overexposure,Decrease Brightness,"The overexposure in the fusion image has been repaired, and the outline of car is clearly visible."
4685,07381.png,Car has Overexposure,Car,Overexposure,Decrease Brightness,"The overexposure in the fusion image has been repaired, and the outline of car is clearly visible."
4686,07383.png,Car has Overexposure,Car,Overexposure,Decrease Brightness,"The overexposure in the fusion image has been repaired, and the outline of car is clearly visible."
4687,07384.png,Car has Overexposure,Car,Overexposure,Decrease Brightness,"The overexposure in the fusion image has been repaired, and the outline of car is clearly visible."
4688,07385.png,Car has Overexposure,Car,Overexposure,Decrease Brightness,"The overexposure in the fusion image has been repaired, and the outline of car is clearly visible."
4689,07386.png,Car has Overexposure,Car,Overexposure,Decrease Brightness,"The overexposure in the fusion image has been repaired, and the outline of car is clearly visible."
4690,07389.png,Car has Motion Blur,Car,Motion Blur,Sharpen,"The motion Blur in the fusion image has been sharpen, and the outline of car is clearly visible."
4691,07390.png,Car has Overexposure,Car,Overexposure,Decrease Brightness,"The overexposure in the fusion image has been repaired, and the outline of car is clearly visible."
4692,07392.png,Car has Overexposure,Car,Overexposure,Decrease Brightness,"The overexposure in the fusion image has been repaired, and the outline of car is clearly visible."
4693,07393.png,Car has Overexposure,Car,Overexposure,Decrease Brightness,"The overexposure in the fusion image has been repaired, and the outline of car is clearly visible."
4694,07394.png,Car has Overexposure,Car,Overexposure,Decrease Brightness,"The overexposure in the fusion image has been repaired, and the outline of car is clearly visible."
4695,07395.png,Car has Overexposure,Car,Overexposure,Decrease Brightness,"The overexposure in the fusion image has been repaired, and the outline of car is clearly visible."
4696,07396.png,Car has Overexposure,Car,Overexposure,Decrease Brightness,"The overexposure in the fusion image has been repaired, and the outline of car is clearly visible."
4697,07397.png,Car has Overexposure,Car,Overexposure,Decrease Brightness,"The overexposure in the fusion image has been repaired, and the outline of car is clearly visible."
4698,07398.png,Car has Overexposure,Car,Overexposure,Decrease Brightness,"The overexposure in the fusion image has been repaired, and the outline of car is clearly visible."
4699,07399.png,Car has Overexposure,Car,Overexposure,Decrease Brightness,"The overexposure in the fusion image has been repaired, and the outline of car is clearly visible."
4700,07400.png,Car has Overexposure,Car,Overexposure,Decrease Brightness,"The overexposure in the fusion image has been repaired, and the outline of car is clearly visible."
4701,07402.png,Car has Overexposure,Car,Overexposure,Decrease Brightness,"The overexposure in the fusion image has been repaired, and the outline of car is clearly visible."
4702,07404.png,Streetlight has Overexposure,Streetlight,Overexposure,Decrease Brightness,"The overexposure in the fusion image has been repaired, and the outline of streetlight is clearly visible."
4703,07406.png,Road has Overexposure,Road,Overexposure,Decrease Brightness,"The overexposure in the fusion image has been repaired, and the outline of road is clearly visible."
4704,07407.png,Road has Overexposure,Road,Overexposure,Decrease Brightness,"The overexposure in the fusion image has been repaired, and the outline of road is clearly visible."
4705,07409.png,Road has Overexposure,Road,Overexposure,Decrease Brightness,"The overexposure in the fusion image has been repaired, and the outline of road is clearly visible."
4706,07412.png,Car has Overexposure,Car,Overexposure,Decrease Brightness,"The overexposure in the fusion image has been repaired, and the outline of car is clearly visible."
4707,07413.png,Road has Overexposure,Road,Overexposure,Decrease Brightness,"The overexposure in the fusion image has been repaired, and the outline of road is clearly visible."
4708,07415.png,Road has Overexposure,Road,Overexposure,Decrease Brightness,"The overexposure in the fusion image has been repaired, and the outline of road is clearly visible."
4709,07420.png,Road has Overexposure,Road,Overexposure,Decrease Brightness,"The overexposure in the fusion image has been repaired, and the outline of road is clearly visible."
4710,07422.png,Road has Overexposure,Road,Overexposure,Decrease Brightness,"The overexposure in the fusion image has been repaired, and the outline of road is clearly visible."
4711,07423.png,Car has Overexposure,Car,Overexposure,Decrease Brightness,"The overexposure in the fusion image has been repaired, and the outline of car is clearly visible."
4712,07424.png,Streetlight has Overexposure,Streetlight,Overexposure,Decrease Brightness,"The overexposure in the fusion image has been repaired, and the outline of streetlight is clearly visible."
4713,07425.png,Road has Overexposure,Road,Overexposure,Decrease Brightness,"The overexposure in the fusion image has been repaired, and the outline of road is clearly visible."
4714,07426.png,Road has Overexposure,Road,Overexposure,Decrease Brightness,"The overexposure in the fusion image has been repaired, and the outline of road is clearly visible."
4715,07428.png,Road has Overexposure,Road,Overexposure,Decrease Brightness,"The overexposure in the fusion image has been repaired, and the outline of road is clearly visible."
4716,07429.png,Road has Overexposure,Road,Overexposure,Decrease Brightness,"The overexposure in the fusion image has been repaired, and the outline of road is clearly visible."
4717,07431.png,Road has Overexposure,Road,Overexposure,Decrease Brightness,"The overexposure in the fusion image has been repaired, and the outline of road is clearly visible."
4718,07432.png,Road has Overexposure,Road,Overexposure,Decrease Brightness,"The overexposure in the fusion image has been repaired, and the outline of road is clearly visible."
4719,07435.png,Road has Overexposure,Road,Overexposure,Decrease Brightness,"The overexposure in the fusion image has been repaired, and the outline of road is clearly visible."
4720,07437.png,Road has Overexposure,Road,Overexposure,Decrease Brightness,"The overexposure in the fusion image has been repaired, and the outline of road is clearly visible."
4721,07440.png,Road has Overexposure,Road,Overexposure,Decrease Brightness,"The overexposure in the fusion image has been repaired, and the outline of road is clearly visible."
4722,07441.png,Road has Overexposure,Road,Overexposure,Decrease Brightness,"The overexposure in the fusion image has been repaired, and the outline of road is clearly visible."
4723,07442.png,Streetlight has Overexposure,Streetlight,Overexposure,Decrease Brightness,"The overexposure in the fusion image has been repaired, and the outline of streetlight is clearly visible."
4724,07443.png,Road has Overexposure,Road,Overexposure,Decrease Brightness,"The overexposure in the fusion image has been repaired, and the outline of road is clearly visible."
4725,07445.png,Car has Overexposure,Car,Overexposure,Decrease Brightness,"The overexposure in the fusion image has been repaired, and the outline of car is clearly visible."
4726,07447.png,Road has Overexposure,Road,Overexposure,Decrease Brightness,"The overexposure in the fusion image has been repaired, and the outline of road is clearly visible."
4727,07448.png,Road has Overexposure,Road,Overexposure,Decrease Brightness,"The overexposure in the fusion image has been repaired, and the outline of road is clearly visible."
4728,07455.png,Road has Overexposure,Road,Overexposure,Decrease Brightness,"The overexposure in the fusion image has been repaired, and the outline of road is clearly visible."
4729,07462.png,Road has Overexposure,Road,Overexposure,Decrease Brightness,"The overexposure in the fusion image has been repaired, and the outline of road is clearly visible."
4730,07464.png,Road has Overexposure,Road,Overexposure,Decrease Brightness,"The overexposure in the fusion image has been repaired, and the outline of road is clearly visible."
4731,07467.png,Car has Overexposure,Car,Overexposure,Decrease Brightness,"The overexposure in the fusion image has been repaired, and the outline of car is clearly visible."
4732,07476.png,Road has Overexposure,Road,Overexposure,Decrease Brightness,"The overexposure in the fusion image has been repaired, and the outline of road is clearly visible."
4733,07477.png,Car has Overexposure,Car,Overexposure,Decrease Brightness,"The overexposure in the fusion image has been repaired, and the outline of car is clearly visible."
4734,07479.png,Car has Overexposure,Car,Overexposure,Decrease Brightness,"The overexposure in the fusion image has been repaired, and the outline of car is clearly visible."
4735,07480.png,Car has Overexposure,Car,Overexposure,Decrease Brightness,"The overexposure in the fusion image has been repaired, and the outline of car is clearly visible."
4736,07481.png,Car has Overexposure,Car,Overexposure,Decrease Brightness,"The overexposure in the fusion image has been repaired, and the outline of car is clearly visible."
4737,07482.png,Car has Overexposure,Car,Overexposure,Decrease Brightness,"The overexposure in the fusion image has been repaired, and the outline of car is clearly visible."
4738,07483.png,Car has Overexposure,Car,Overexposure,Decrease Brightness,"The overexposure in the fusion image has been repaired, and the outline of car is clearly visible."
4739,07484.png,Car has Overexposure,Car,Overexposure,Decrease Brightness,"The overexposure in the fusion image has been repaired, and the outline of car is clearly visible."
4740,07486.png,Car has Overexposure,Car,Overexposure,Decrease Brightness,"The overexposure in the fusion image has been repaired, and the outline of car is clearly visible."
4741,07487.png,Car has Overexposure,Car,Overexposure,Decrease Brightness,"The overexposure in the fusion image has been repaired, and the outline of car is clearly visible."
4742,07488.png,Car has Overexposure,Car,Overexposure,Decrease Brightness,"The overexposure in the fusion image has been repaired, and the outline of car is clearly visible."
4743,07489.png,Road has Overexposure,Road,Overexposure,Decrease Brightness,"The overexposure in the fusion image has been repaired, and the outline of road is clearly visible."
4744,07491.png,Car has Overexposure,Car,Overexposure,Decrease Brightness,"The overexposure in the fusion image has been repaired, and the outline of car is clearly visible."
4745,07492.png,Car has Overexposure,Car,Overexposure,Decrease Brightness,"The overexposure in the fusion image has been repaired, and the outline of car is clearly visible."
4746,07494.png,Car has Overexposure,Car,Overexposure,Decrease Brightness,"The overexposure in the fusion image has been repaired, and the outline of car is clearly visible."
4747,07496.png,Car has Overexposure,Car,Overexposure,Decrease Brightness,"The overexposure in the fusion image has been repaired, and the outline of car is clearly visible."
4748,07497.png,Car has Overexposure,Car,Overexposure,Decrease Brightness,"The overexposure in the fusion image has been repaired, and the outline of car is clearly visible."
4749,07498.png,Streetlight has Overexposure,Streetlight,Overexposure,Decrease Brightness,"The overexposure in the fusion image has been repaired, and the outline of streetlight is clearly visible."
4750,07499.png,Car has Overexposure,Car,Overexposure,Decrease Brightness,"The overexposure in the fusion image has been repaired, and the outline of car is clearly visible."
4751,07500.png,Streetlight has Overexposure,Streetlight,Overexposure,Decrease Brightness,"The overexposure in the fusion image has been repaired, and the outline of streetlight is clearly visible."
4752,07502.png,Streetlight has Overexposure,Streetlight,Overexposure,Decrease Brightness,"The overexposure in the fusion image has been repaired, and the outline of streetlight is clearly visible."
4753,07505.png,Road has Overexposure,Road,Overexposure,Decrease Brightness,"The overexposure in the fusion image has been repaired, and the outline of road is clearly visible."
4754,07507.png,Road has Overexposure,Road,Overexposure,Decrease Brightness,"The overexposure in the fusion image has been repaired, and the outline of road is clearly visible."
4755,07509.png,Road has Overexposure,Road,Overexposure,Decrease Brightness,"The overexposure in the fusion image has been repaired, and the outline of road is clearly visible."
4756,07510.png,Road has Overexposure,Road,Overexposure,Decrease Brightness,"The overexposure in the fusion image has been repaired, and the outline of road is clearly visible."
4757,07512.png,Road has Overexposure,Road,Overexposure,Decrease Brightness,"The overexposure in the fusion image has been repaired, and the outline of road is clearly visible."
4758,07513.png,Road has Overexposure,Road,Overexposure,Decrease Brightness,"The overexposure in the fusion image has been repaired, and the outline of road is clearly visible."
4759,07514.png,Road has Overexposure,Road,Overexposure,Decrease Brightness,"The overexposure in the fusion image has been repaired, and the outline of road is clearly visible."
4760,07515.png,Road has Motion Blur,Road,Motion Blur,Sharpen,"The motion Blur in the fusion image has been sharpen, and the outline of road is clearly visible."
4761,07516.png,Car has Motion Blur,Car,Motion Blur,Sharpen,"The motion Blur in the fusion image has been sharpen, and the outline of car is clearly visible."
4762,07518.png,Road has Overexposure,Road,Overexposure,Decrease Brightness,"The overexposure in the fusion image has been repaired, and the outline of road is clearly visible."
4763,07521.png,Road has Overexposure,Road,Overexposure,Decrease Brightness,"The overexposure in the fusion image has been repaired, and the outline of road is clearly visible."
4764,07522.png,Car has Overexposure,Car,Overexposure,Decrease Brightness,"The overexposure in the fusion image has been repaired, and the outline of car is clearly visible."
4765,07524.png,Car has Overexposure,Car,Overexposure,Decrease Brightness,"The overexposure in the fusion image has been repaired, and the outline of car is clearly visible."
4766,07526.png,Car has Overexposure,Car,Overexposure,Decrease Brightness,"The overexposure in the fusion image has been repaired, and the outline of car is clearly visible."
4767,07527.png,Car has Overexposure,Car,Overexposure,Decrease Brightness,"The overexposure in the fusion image has been repaired, and the outline of car is clearly visible."
4768,07529.png,Car has Motion Blur,Car,Motion Blur,Sharpen,"The motion Blur in the fusion image has been sharpen, and the outline of car is clearly visible."
4769,07532.png,Car has Overexposure,Car,Overexposure,Decrease Brightness,"The overexposure in the fusion image has been repaired, and the outline of car is clearly visible."
4770,07533.png,Road has Overexposure,Road,Overexposure,Decrease Brightness,"The overexposure in the fusion image has been repaired, and the outline of road is clearly visible."
4771,07534.png,Road has Overexposure,Road,Overexposure,Decrease Brightness,"The overexposure in the fusion image has been repaired, and the outline of road is clearly visible."
4772,07535.png,Road has Motion Blur,Road,Motion Blur,Sharpen,"The motion Blur in the fusion image has been sharpen, and the outline of road is clearly visible."
4773,07538.png,Road has Overexposure,Road,Overexposure,Decrease Brightness,"The overexposure in the fusion image has been repaired, and the outline of road is clearly visible."
4774,07540.png,Road has Overexposure,Road,Overexposure,Decrease Brightness,"The overexposure in the fusion image has been repaired, and the outline of road is clearly visible."
4775,07541.png,Road has Overexposure,Road,Overexposure,Decrease Brightness,"The overexposure in the fusion image has been repaired, and the outline of road is clearly visible."
4776,07542.png,Road has Overexposure,Road,Overexposure,Decrease Brightness,"The overexposure in the fusion image has been repaired, and the outline of road is clearly visible."
4777,07543.png,Car has Overexposure,Car,Overexposure,Decrease Brightness,"The overexposure in the fusion image has been repaired, and the outline of car is clearly visible."
4778,07544.png,Road has Overexposure,Road,Overexposure,Decrease Brightness,"The overexposure in the fusion image has been repaired, and the outline of road is clearly visible."
4779,07545.png,Road has Overexposure,Road,Overexposure,Decrease Brightness,"The overexposure in the fusion image has been repaired, and the outline of road is clearly visible."
4780,07546.png,Road has Motion Blur,Road,Motion Blur,Sharpen,"The motion Blur in the fusion image has been sharpen, and the outline of road is clearly visible."
4781,07547.png,Car has Motion Blur,Car,Motion Blur,Sharpen,"The motion Blur in the fusion image has been sharpen, and the outline of car is clearly visible."
4782,07548.png,Car has Motion Blur,Car,Motion Blur,Sharpen,"The motion Blur in the fusion image has been sharpen, and the outline of car is clearly visible."
4783,07549.png,Road has Overexposure,Road,Overexposure,Decrease Brightness,"The overexposure in the fusion image has been repaired, and the outline of road is clearly visible."
4784,07550.png,Car has Motion Blur,Car,Motion Blur,Sharpen,"The motion Blur in the fusion image has been sharpen, and the outline of car is clearly visible."
4785,07551.png,Road has Overexposure,Road,Overexposure,Decrease Brightness,"The overexposure in the fusion image has been repaired, and the outline of road is clearly visible."
4786,07552.png,Road has Overexposure,Road,Overexposure,Decrease Brightness,"The overexposure in the fusion image has been repaired, and the outline of road is clearly visible."
4787,07554.png,Car has Overexposure,Car,Overexposure,Decrease Brightness,"The overexposure in the fusion image has been repaired, and the outline of car is clearly visible."
4788,07555.png,Road has Overexposure,Road,Overexposure,Decrease Brightness,"The overexposure in the fusion image has been repaired, and the outline of road is clearly visible."
4789,07556.png,Car has Motion Blur,Car,Motion Blur,Sharpen,"The motion Blur in the fusion image has been sharpen, and the outline of car is clearly visible."
4790,07557.png,Car has Motion Blur,Car,Motion Blur,Sharpen,"The motion Blur in the fusion image has been sharpen, and the outline of car is clearly visible."
4791,07559.png,Road has Motion Blur,Road,Motion Blur,Sharpen,"The motion Blur in the fusion image has been sharpen, and the outline of road is clearly visible."
4792,07560.png,Road has Motion Blur,Road,Motion Blur,Sharpen,"The motion Blur in the fusion image has been sharpen, and the outline of road is clearly visible."
4793,07561.png,Road has Overexposure,Road,Overexposure,Decrease Brightness,"The overexposure in the fusion image has been repaired, and the outline of road is clearly visible."
4794,07562.png,Car has Motion Blur,Car,Motion Blur,Sharpen,"The motion Blur in the fusion image has been sharpen, and the outline of car is clearly visible."
4795,07563.png,Car has Motion Blur,Car,Motion Blur,Sharpen,"The motion Blur in the fusion image has been sharpen, and the outline of car is clearly visible."
4796,07564.png,Car has Overexposure,Car,Overexposure,Decrease Brightness,"The overexposure in the fusion image has been repaired, and the outline of car is clearly visible."
4797,07565.png,Road has Motion Blur,Road,Motion Blur,Sharpen,"The motion Blur in the fusion image has been sharpen, and the outline of road is clearly visible."
4798,07566.png,Road has Overexposure,Road,Overexposure,Decrease Brightness,"The overexposure in the fusion image has been repaired, and the outline of road is clearly visible."
4799,07567.png,Road has Overexposure,Road,Overexposure,Decrease Brightness,"The overexposure in the fusion image has been repaired, and the outline of road is clearly visible."
4800,07568.png,Road has Overexposure,Road,Overexposure,Decrease Brightness,"The overexposure in the fusion image has been repaired, and the outline of road is clearly visible."
4801,07569.png,Car has Motion Blur,Car,Motion Blur,Sharpen,"The motion Blur in the fusion image has been sharpen, and the outline of car is clearly visible."
4802,07570.png,Car has Motion Blur,Car,Motion Blur,Sharpen,"The motion Blur in the fusion image has been sharpen, and the outline of car is clearly visible."
4803,07572.png,Road has Motion Blur,Road,Motion Blur,Sharpen,"The motion Blur in the fusion image has been sharpen, and the outline of road is clearly visible."
4804,07573.png,Road has Overexposure,Road,Overexposure,Decrease Brightness,"The overexposure in the fusion image has been repaired, and the outline of road is clearly visible."
4805,07574.png,Road has Overexposure,Road,Overexposure,Decrease Brightness,"The overexposure in the fusion image has been repaired, and the outline of road is clearly visible."
4806,07575.png,Car has Overexposure,Car,Overexposure,Decrease Brightness,"The overexposure in the fusion image has been repaired, and the outline of car is clearly visible."
4807,07576.png,Road has Overexposure,Road,Overexposure,Decrease Brightness,"The overexposure in the fusion image has been repaired, and the outline of road is clearly visible."
4808,07577.png,Road has Overexposure,Road,Overexposure,Decrease Brightness,"The overexposure in the fusion image has been repaired, and the outline of road is clearly visible."
4809,07578.png,Road has Low Contrast,Road,Low Contrast,Enhance Contrast,"The contrast in the fusion image has been enhanced, and the outline of road is clearly visible."
4810,07579.png,Road has Overexposure,Road,Overexposure,Decrease Brightness,"The overexposure in the fusion image has been repaired, and the outline of road is clearly visible."
4811,07580.png,Road has Overexposure,Road,Overexposure,Decrease Brightness,"The overexposure in the fusion image has been repaired, and the outline of road is clearly visible."
4812,07581.png,Car has Overexposure,Car,Overexposure,Decrease Brightness,"The overexposure in the fusion image has been repaired, and the outline of car is clearly visible."
4813,07582.png,Car has Motion Blur,Car,Motion Blur,Sharpen,"The motion Blur in the fusion image has been sharpen, and the outline of car is clearly visible."
4814,07585.png,Car has Overexposure,Car,Overexposure,Decrease Brightness,"The overexposure in the fusion image has been repaired, and the outline of car is clearly visible."
4815,07586.png,Car has Overexposure,Car,Overexposure,Decrease Brightness,"The overexposure in the fusion image has been repaired, and the outline of car is clearly visible."
4816,07587.png,Car has Overexposure,Car,Overexposure,Decrease Brightness,"The overexposure in the fusion image has been repaired, and the outline of car is clearly visible."
4817,07588.png,Car has Overexposure,Car,Overexposure,Decrease Brightness,"The overexposure in the fusion image has been repaired, and the outline of car is clearly visible."
4818,07590.png,Car has Overexposure,Car,Overexposure,Decrease Brightness,"The overexposure in the fusion image has been repaired, and the outline of car is clearly visible."
4819,07592.png,Car has Overexposure,Car,Overexposure,Decrease Brightness,"The overexposure in the fusion image has been repaired, and the outline of car is clearly visible."
4820,07593.png,Road has Overexposure,Road,Overexposure,Decrease Brightness,"The overexposure in the fusion image has been repaired, and the outline of road is clearly visible."
4821,07594.png,Car has Overexposure,Car,Overexposure,Decrease Brightness,"The overexposure in the fusion image has been repaired, and the outline of car is clearly visible."
4822,07595.png,Car has Overexposure,Car,Overexposure,Decrease Brightness,"The overexposure in the fusion image has been repaired, and the outline of car is clearly visible."
4823,07596.png,Road has Overexposure,Road,Overexposure,Decrease Brightness,"The overexposure in the fusion image has been repaired, and the outline of road is clearly visible."
4824,07597.png,Car has Overexposure,Car,Overexposure,Decrease Brightness,"The overexposure in the fusion image has been repaired, and the outline of car is clearly visible."
4825,07598.png,Car has Overexposure,Car,Overexposure,Decrease Brightness,"The overexposure in the fusion image has been repaired, and the outline of car is clearly visible."
4826,07599.png,Car has Overexposure,Car,Overexposure,Decrease Brightness,"The overexposure in the fusion image has been repaired, and the outline of car is clearly visible."
4827,07600.png,Road has Overexposure,Road,Overexposure,Decrease Brightness,"The overexposure in the fusion image has been repaired, and the outline of road is clearly visible."
4828,07601.png,Car has Overexposure,Car,Overexposure,Decrease Brightness,"The overexposure in the fusion image has been repaired, and the outline of car is clearly visible."
4829,07602.png,Car has Overexposure,Car,Overexposure,Decrease Brightness,"The overexposure in the fusion image has been repaired, and the outline of car is clearly visible."
4830,07605.png,Car has Overexposure,Car,Overexposure,Decrease Brightness,"The overexposure in the fusion image has been repaired, and the outline of car is clearly visible."
4831,07606.png,Road has Overexposure,Road,Overexposure,Decrease Brightness,"The overexposure in the fusion image has been repaired, and the outline of road is clearly visible."
4832,07607.png,Car has Overexposure,Car,Overexposure,Decrease Brightness,"The overexposure in the fusion image has been repaired, and the outline of car is clearly visible."
4833,07608.png,Road has Overexposure,Road,Overexposure,Decrease Brightness,"The overexposure in the fusion image has been repaired, and the outline of road is clearly visible."
4834,07609.png,Road has Overexposure,Road,Overexposure,Decrease Brightness,"The overexposure in the fusion image has been repaired, and the outline of road is clearly visible."
4835,07610.png,Car has Overexposure,Car,Overexposure,Decrease Brightness,"The overexposure in the fusion image has been repaired, and the outline of car is clearly visible."
4836,07611.png,Car has Overexposure,Car,Overexposure,Decrease Brightness,"The overexposure in the fusion image has been repaired, and the outline of car is clearly visible."
4837,07612.png,Car has Overexposure,Car,Overexposure,Decrease Brightness,"The overexposure in the fusion image has been repaired, and the outline of car is clearly visible."
4838,07616.png,Car has Overexposure,Car,Overexposure,Decrease Brightness,"The overexposure in the fusion image has been repaired, and the outline of car is clearly visible."
4839,07618.png,Road has Overexposure,Road,Overexposure,Decrease Brightness,"The overexposure in the fusion image has been repaired, and the outline of road is clearly visible."
4840,07620.png,Car has Overexposure,Car,Overexposure,Decrease Brightness,"The overexposure in the fusion image has been repaired, and the outline of car is clearly visible."
4841,07622.png,Streetlight has Overexposure,Streetlight,Overexposure,Decrease Brightness,"The overexposure in the fusion image has been repaired, and the outline of streetlight is clearly visible."
4842,07623.png,Road has Overexposure,Road,Overexposure,Decrease Brightness,"The overexposure in the fusion image has been repaired, and the outline of road is clearly visible."
4843,07624.png,Road has Overexposure,Road,Overexposure,Decrease Brightness,"The overexposure in the fusion image has been repaired, and the outline of road is clearly visible."
